sample_id,fault_type,motor_load_hp,rpm,sampling_rate_hz,rms,std,peak,peak_to_peak,kurtosis,skewness,crest_factor,shape_factor
1,Outer_Race,1,1772,12000,0.11906148850519908,0.09394062830682762,0.6436578341574845,1.146397413856544,4.495744468653396,-0.204938482192711,5.406095978124595,1.2430791302535218
2,Normal,0,1797,12000,0.13693484162436673,0.11644870317129759,0.2949042670373571,0.621480214839495,2.2739414790558654,-0.1442490928443834,2.1536101662594005,1.2306893142670208
3,Inner_Race,1,1772,12000,0.21066020642158922,0.18402672069998177,0.5895882152019551,1.120788655484271,4.63899600854854,0.008590312911240267,2.79876406283409,1.1848795217666295
4,Normal,2,1750,12000,0.14274859885030178,0.13647603302510505,0.3067098846588417,0.6168754881049361,2.053089825846112,-0.19440148193706677,2.148601717488545,1.2906611508921806
5,Inner_Race,3,1730,12000,0.16542761006893805,0.12520996839947815,0.6387458184754201,1.153143828629825,5.463169827525698,-0.07943838435437856,3.8611802359306155,1.0960312328906912
6,Inner_Race,0,1797,12000,0.22512088800605795,0.17850216405897362,0.6556173760695301,1.175355041983153,5.938350466970202,0.4298751702007291,2.9122902893483946,1.231714224920484
7,Ball,2,1750,12000,0.15878777060983912,0.13221305133138175,0.6231083576241092,1.3920096410859557,5.945057102519245,0.02385975962193403,3.924158360754131,1.4233964198201603
8,Ball,3,1730,12000,0.3418985018439885,0.30523775853873975,0.8158322717129202,1.423854049951416,5.665853768747097,0.2538788041207324,2.386182645764245,1.3630169764248885
9,Inner_Race,0,1797,12000,0.2493676387701411,0.2085787097271956,0.6265403623819547,1.0674080591522128,4.82086603945945,0.06817364243624399,2.5125167221857483,1.2593235533322764
10,Inner_Race,3,1730,12000,0.2145590277406826,0.17542724226722586,0.6845114591876374,1.335681541149869,4.774693089397599,0.17308850956361452,3.19031767805614,1.3828134156313927
11,Outer_Race,1,1772,12000,0.25339245890585205,0.2077732552289233,0.5827626694511903,1.2551061532587149,3.525951458473463,-0.4934584674647409,2.299842197228591,1.233118372394959
12,Normal,1,1772,12000,0.1042544235797983,0.08259789982487133,0.3779028543180771,0.8121972095664347,2.96619026167334,-0.06520711460114578,3.6248136178972117,1.3972482672357722
13,Outer_Race,1,1772,12000,0.273846534562599,0.2446281280264996,0.6248612654740849,1.161777814095441,4.9705869165172665,0.21513242699036136,2.281793583665916,1.1596183998531098
14,Normal,3,1730,12000,0.09433863538639654,0.08158747855088118,0.3524112230004026,0.6418210401238457,2.928038956764687,0.14466540845379167,3.735598056480046,1.2445263926969001
15,Inner_Race,2,1750,12000,0.26756679417439555,0.21525150469812152,0.7653057569858527,1.42032272781691,4.676973580479921,0.1527463783818814,2.860241904632752,1.19737798966517
16,Ball,3,1730,12000,0.16207329252111052,0.11308441775654893,0.7228248674618826,1.3163154542670976,5.288497439490146,0.165344547472927,4.4598641529278025,1.2914252225480534
17,Ball,0,1797,12000,0.30081538204690284,0.24126588645357303,0.7780706768243321,1.6152906683590162,5.119436467103965,-0.04216293835011316,2.586538864900918,1.1880015607255532
18,Ball,0,1797,12000,0.1542734148023982,0.13257286636414872,0.626289642221509,1.3941220532780711,6.063254361912564,0.0724713689796002,4.059608345505898,1.240249601429829
19,Ball,0,1797,12000,0.2611870969575322,0.22480672157011605,0.6879647661584778,1.4018597356719567,5.979563901585698,-0.14045163588139742,2.633992161834616,1.289736307457898
20,Ball,2,1750,12000,0.18419745284864453,0.13083476578581277,0.7830572073709418,1.7927517858932467,6.283930918908668,-0.4065211221566291,4.251183690441049,1.2062810763305962
21,Inner_Race,2,1750,12000,0.3637685079938845,0.28831979144718417,0.6579128995907039,1.1044628009217397,5.146704892387153,-0.11588993235867937,1.8086032329158201,1.2376461246865047
22,Normal,3,1730,12000,0.1135714556119399,0.10010991735225624,0.31710644580796293,0.5765288149839455,1.5141873265975105,-0.06660338351879426,2.7921315624541942,1.2874383157603986
23,Ball,2,1750,12000,0.14040825288867512,0.11895122169468914,0.6811225590068943,1.2450118333788807,5.194985176897754,0.2678261347324039,4.851015129053226,1.213419235725882
24,Outer_Race,0,1797,12000,0.26333735129253966,0.19759393927915905,0.5822529590106013,1.1782305360778562,4.3415899203257,0.10886458398935446,2.211053449701408,1.300757742949271
25,Outer_Race,2,1750,12000,0.25568744954432826,0.2181299103344393,0.37696567230348416,0.8257240469702264,2.923802089055985,-0.15401225638903132,1.474322157678412,1.1890409594773947
26,Inner_Race,0,1797,12000,0.13270512140243662,0.10010952897655072,0.7300986482130084,1.2357352387798197,5.62094510552911,0.13622447523942766,5.501661431731322,1.3292495476824644
27,Ball,2,1750,12000,0.22751964349275783,0.17267979649768536,0.7948418573541769,1.6828299996187133,4.554461376368174,-0.10089802962983352,3.4935087149056536,1.3063825336282444
28,Outer_Race,2,1750,12000,0.12549306173115052,0.1149834879434521,0.5776826861296211,1.0479686700217903,4.227499198794897,-0.20040471019211265,4.603303785568775,1.3350862768367227
29,Outer_Race,1,1772,12000,0.2266378801811263,0.16914553110150915,0.42824651187182206,0.8304778038587588,3.608429091970164,-0.1880402170168801,1.88956281946148,1.3095246312482514
30,Outer_Race,0,1797,12000,0.36006741711131074,0.2964740000684317,0.5970778222260751,1.0244519602623634,4.240320276499693,0.053825657485377994,1.658238968180493,1.3174903476843198
31,Outer_Race,1,1772,12000,0.28356439904625896,0.21206029114097155,0.5600689169437837,1.0676211447236892,4.690376362660054,-0.1601225179638565,1.9751030765057975,1.2671633234388808
32,Ball,0,1797,12000,0.21390510183478295,0.18162802670494024,0.7405967555859535,1.4706931591152403,5.263247916595923,0.19913600762999925,3.4622678432325524,1.2649155197545063
33,Outer_Race,1,1772,12000,0.1985311898521844,0.16404262985075221,0.6980824331347711,1.2464562065955043,5.023421291180445,-0.47329279030952626,3.516235578170491,1.2365663660148332
34,Ball,0,1797,12000,0.3239801672020577,0.26898048559413845,0.6715771658954143,1.3464904263369228,5.361365451528154,-0.19649415198283884,2.072895917349687,1.2683836749213044
35,Outer_Race,3,1730,12000,0.23388668124385076,0.18102056738282157,0.5238827852803459,0.9337482712414757,4.814898764348893,0.1363308154917651,2.2399000340431723,1.2356870099172637
36,Normal,2,1750,12000,0.10219669092701819,0.08620501979651365,0.3627611718767776,0.7202091973987116,2.4080479945286943,0.5535381539479778,3.549637161303359,1.2789000055317363
37,Outer_Race,0,1797,12000,0.17338856022156945,0.14669375968628884,0.5975290673045324,1.0607535292969223,5.217473040010056,-0.023548643837708327,3.4461850686167703,1.3235167983143903
38,Ball,3,1730,12000,0.3363108014436539,0.2502581093375267,0.8735485973982673,1.8391758375334877,5.4943921364062245,0.39755470140544485,2.5974443688649207,1.2401225612160571
39,Inner_Race,3,1730,12000,0.24775335399167744,0.193342256170043,0.6953843342659521,1.4437962264745865,5.008074076939341,-0.04749658846690075,2.8067605263955846,1.2419317991227883
40,Normal,2,1750,12000,0.06666314203164497,0.04877683831673366,0.3737364419100103,0.5918856068416766,2.8129757898286933,-0.11952076443845612,5.606343033345139,1.1732546774603272
41,Normal,2,1750,12000,0.08766329477115312,0.07535265525659873,0.33332961866801275,0.6727257379161418,3.1052600920060285,-0.11563892908114504,3.802385246164621,1.1906715238535301
42,Ball,2,1750,12000,0.30651335583025413,0.2683090356400484,0.777027239290685,1.7923152580729687,5.080108375479137,-0.344787312837147,2.535051815885633,1.3153972851102123
43,Ball,3,1730,12000,0.33943983098935937,0.2884815540105221,0.7288349753935367,1.3267178910664343,5.921777011330984,-0.3061761944126351,2.147169862974578,1.181533133422761
44,Inner_Race,0,1797,12000,0.279316091725724,0.23881148434541732,0.6115569380261464,1.0459861135214137,4.668504350333378,-0.12322381027468735,2.1894797906118066,1.3474913041922836
45,Inner_Race,0,1797,12000,0.38778879535965194,0.3243355938247555,0.6796156312878907,1.3256286338069931,4.90492090465611,0.39113767055983334,1.7525406598135103,1.2520243429894273
46,Normal,3,1730,12000,0.0950998925538746,0.07602958970544026,0.2909096050447218,0.4897638183117171,2.556140954413479,0.014124172998308173,3.0589898393409847,1.3359075407192393
47,Outer_Race,1,1772,12000,0.2175867594475757,0.17912289350659835,0.4299418427782672,0.7969316243615823,4.823995141554508,0.09676468234893597,1.9759559077484001,1.3265185594062892
48,Normal,3,1730,12000,0.1255601806340118,0.10881351338569187,0.3459979969454147,0.6660889751663327,2.3538605336160225,0.11695494572741427,2.755634749793364,1.2379238073370187
49,Ball,1,1772,12000,0.33664636054919805,0.27871370600468126,0.7907412053100189,1.5934501247839257,5.931578793872427,0.21770569259165973,2.348877926438948,1.302390387483984
50,Inner_Race,0,1797,12000,0.3734794284811643,0.31200453671822165,0.5162701001513026,0.9735764141715562,5.424530860803405,0.08008079221677675,1.3823253994224736,1.2828447655712258
51,Outer_Race,1,1772,12000,0.31806173022190765,0.2408245010728843,0.5244485263002635,1.0666348646515464,4.814750212629635,0.12408575858518288,1.6488891195252016,1.1955294060885595
52,Inner_Race,1,1772,12000,0.28915071511507273,0.23260655383263534,0.6548904676524637,1.3210486328191593,5.11830397470047,0.3431349518956902,2.264875836090664,1.216240467804586
53,Ball,2,1750,12000,0.2839795302610165,0.2190767017865012,0.7258467966966181,1.4484397342864985,5.606249868897259,0.5516313267851005,2.5559828063292604,1.283616160138817
54,Inner_Race,1,1772,12000,0.33547696537954386,0.2770637546958328,0.832351919295429,1.6143579617841732,5.178249072276026,-0.04970143622324549,2.481100061083904,1.272363359650356
55,Outer_Race,1,1772,12000,0.23742537372776606,0.2067448499536125,0.6022090004480407,1.3257380480748264,4.547769079174031,-0.08304213245975134,2.5364138255018127,1.1011282769025628
56,Inner_Race,2,1750,12000,0.19244147632171618,0.149785701981986,0.5764709666665555,1.2393267400404766,4.799592488908717,0.1818406189141214,2.9955650813176766,1.2539819365279208
57,Ball,1,1772,12000,0.3458343167146841,0.2660141498183565,0.6270705544772435,1.2766451468396254,5.830527606584943,0.08313307827441019,1.8132109052514338,1.3027247712018395
58,Ball,2,1750,12000,0.21305251656139296,0.16803615633499677,0.638442415464019,1.4097991795703704,5.848381847565042,0.15124834391971834,2.996643389941119,1.1766249934861222
59,Inner_Race,1,1772,12000,0.47501193985909784,0.34079562224788995,0.5924066266915856,1.126409060892414,4.532049207689519,-0.11939581190092816,1.2471404968626902,1.2690131844523906
60,Ball,0,1797,12000,0.3101538130783672,0.2552881926155113,0.7615608766355798,1.5849883332267523,5.831653769384672,-0.09335223420597058,2.455429675607937,1.130140497033421
61,Inner_Race,3,1730,12000,0.2687544893185678,0.19034561292790783,0.571814691830235,0.9843901548123831,5.009534046033219,0.1195486939866666,2.1276470330973156,1.2799787468904313
62,Inner_Race,1,1772,12000,0.29391862992615286,0.2538181066747212,0.577376267940516,1.062451328122867,5.020243024503325,0.19325178491305645,1.9644085442477122,1.3778896221943138
63,Outer_Race,1,1772,12000,0.20737850840053262,0.1702254717418205,0.5650256180623294,1.0565174088507143,4.303255649943373,-0.04421479839319901,2.724610290720358,1.2443506465954972
64,Outer_Race,2,1750,12000,0.295659934346561,0.23721953644739244,0.5482515287503711,1.1348943202337753,4.935964704025969,-0.1085501083147214,1.8543314973064022,1.202478444080324
65,Inner_Race,0,1797,12000,0.32836682729247785,0.29470961757493014,0.7887090307241462,1.4680820241801575,5.007644015132882,0.15281942415466504,2.4019144602010587,1.2561598037299444
66,Outer_Race,2,1750,12000,0.11601065977382499,0.09577384923541432,0.5265224460954653,1.060289291843971,4.16327605206563,-0.27491458646108535,4.538569534230529,1.2355259151933513
67,Normal,2,1750,12000,0.10377303817016241,0.08870072230680362,0.4418062781895402,0.9032138773015104,2.9667949718852715,-0.26939033221683134,4.257428383903398,1.3359630387419283
68,Inner_Race,2,1750,12000,0.1761216176053357,0.1333880593229818,0.6469502841451089,1.2845645670962604,4.50362142145619,0.07375669532172499,3.673315592608486,1.1776135262995509
69,Outer_Race,3,1730,12000,0.16358044738177416,0.12045731274327758,0.6456045160146255,1.3420616895600113,4.258714758643236,-0.3955417540317295,3.9467095630804447,1.2983386647157293
70,Ball,0,1797,12000,0.38491048808954376,0.2916871237999117,0.7126974822374087,1.5023827883553174,4.190302962932943,0.25844654198472494,1.8515927840127082,1.3285470616633506
71,Ball,0,1797,12000,0.3098795944111241,0.25868779187808794,0.8137082642224762,1.6991432039161085,4.19249022954851,-0.19619481178899784,2.625885275759434,1.2414214593315571
72,Ball,0,1797,12000,0.32298496567810936,0.28014488364947526,0.7725702300275242,1.5186536693896984,4.4845146438837356,-0.11387031221370432,2.3919696336499974,1.2245076998319537
73,Outer_Race,0,1797,12000,0.14366869232146656,0.12324999260193178,0.6432241734898043,1.2995049719349756,2.914921073528182,-0.31952209067795084,4.477135297163804,1.1422728652706822
74,Inner_Race,2,1750,12000,0.09126854214968033,0.08160455826225459,0.6510417361404065,1.4171814521628718,5.152327271370651,0.2646397840530422,7.133254468694138,1.2277163800240343
75,Ball,3,1730,12000,0.34277394807289,0.327913266998549,0.8038949474268738,1.4045216079999785,5.7456638334033965,0.28537019202580444,2.345262678060725,1.1790950703927898
76,Normal,1,1772,12000,0.1291236111297032,0.11306896805604787,0.4580457323527286,0.8611258495781344,2.420929682979766,-0.07652976211498848,3.5473429556785465,1.2814087475655027
77,Inner_Race,3,1730,12000,0.17879834001891176,0.11697693114998525,0.6160934410495955,1.2685963345759774,4.728727984971749,0.6338452958822774,3.445744747878702,1.24916457043273
78,Normal,3,1730,12000,0.10653551031824922,0.09264162193037695,0.3617281452652096,0.802676758716979,2.7307666425728208,0.12403017702219643,3.395376285190109,1.227516022714822
79,Inner_Race,3,1730,12000,0.2269371633498145,0.19160280626666365,0.8242821272034192,1.6129029157476815,5.230705691069287,0.4644447377173607,3.6322042411926225,1.1825780735813072
80,Ball,1,1772,12000,0.06549501673383748,0.05573640130697487,0.5282374240549682,1.1807109851331188,5.593210629156293,0.24991850496799725,8.065307108808762,1.3090452133680976
81,Outer_Race,1,1772,12000,0.11132447686899619,0.09302777175692563,0.5776612005790525,1.109891350954654,4.64656370440302,0.691858973008065,5.188986436997404,1.1999313324011331
82,Inner_Race,2,1750,12000,0.31751495132426844,0.2885473411213797,0.6351744095137419,1.0615277309803897,4.896277626846695,0.35293392749912544,2.0004551183010513,1.3137014071876925
83,Ball,1,1772,12000,0.2641270644559603,0.20562128616396813,0.8497753273592464,1.8014498676159,5.858347341354177,0.15540032828024283,3.2172974364046487,1.2523324223339367
84,Outer_Race,3,1730,12000,0.13703707936273776,0.09439298769960118,0.5904456466720136,1.2114990751648331,5.265095512633957,0.3928339540205919,4.308656090875239,1.1590172348591716
85,Inner_Race,0,1797,12000,0.17015811253648977,0.1359332070723424,0.6874660750787476,1.653427921562445,5.814054562042654,0.4298492904995951,4.04016044155005,1.2747159750943937
86,Inner_Race,0,1797,12000,0.31311263067065914,0.23607450051463766,0.6314019646235364,1.251208565647829,5.876101649017544,0.061325674260080607,2.016533038833758,1.423629371493892
87,Normal,1,1772,12000,0.11261111619156172,0.08761805740986099,0.35179050302638537,0.6987007036009303,2.5494628023002277,0.19758514544617597,3.123941178488612,1.353756272173199
88,Normal,1,1772,12000,0.11710094782793454,0.09170818266453452,0.28243011821066116,0.5950714627615413,3.3177020467428466,-0.011248801910751585,2.411851683947576,1.3858742734570177
89,Ball,3,1730,12000,0.3435372772028935,0.24748656551167272,0.7466802575196815,1.3873362402877025,4.862088392828169,-0.11047750426992255,2.173505779632442,1.261562062163798
90,Inner_Race,2,1750,12000,0.2970962622572121,0.23566740234806285,0.7264548879904021,1.485591315269355,4.616343536372031,-0.06648497095807149,2.4451835323376483,1.3622119579631202
91,Outer_Race,0,1797,12000,0.24035132245067758,0.19197454925517124,0.41489519124677937,0.794227898558934,4.104431283909776,0.39391939804266507,1.726203072304376,1.3663276772860256
92,Outer_Race,2,1750,12000,0.29769787501739897,0.2683465880470023,0.5281491874646953,1.0028846767334738,4.938929468104321,-0.5817749492363276,1.7741113786379146,1.3782604855670475
93,Inner_Race,1,1772,12000,0.22754132793194304,0.207743738358166,0.6160130531229944,1.2419746472458626,5.6235840999102065,0.6767211833195366,2.7072578802354625,1.2871237690463648
94,Normal,2,1750,12000,0.14555138053357108,0.10605863968044946,0.3931584049632605,0.7222593202541264,2.7563598019067364,-0.060654761850068566,2.701165756875658,1.3128881015871554
95,Inner_Race,2,1750,12000,0.17135184578733798,0.143350360236638,0.7276520675966892,1.440199684554617,5.038562237303269,0.29279351657276176,4.246537667879963,1.3138269462745311
96,Ball,0,1797,12000,0.35374087873537724,0.3453280638521198,0.6875045979356521,1.3246198606909065,5.92293122936556,0.20477604222803458,1.9435260080584391,1.2843622880303274
97,Outer_Race,3,1730,12000,0.1917786126148966,0.1634851016280107,0.5224001368448675,1.010486191846773,4.649276022052638,0.24898467120556453,2.723974950709856,1.2889653328265156
98,Ball,0,1797,12000,0.10750622792336106,0.08003142200521794,0.6065423091475254,1.1980801436466715,4.846115915521317,-0.17568873995530102,5.641927178208845,1.3003282887065293
99,Outer_Race,0,1797,12000,0.18916444974064045,0.17012509703645626,0.626071552224364,1.2537588113380589,4.346435545680539,-0.1083081641557553,3.3096681383989326,1.229846113879592
100,Inner_Race,3,1730,12000,0.17739059951195196,0.14584857218634406,0.4915336736442839,0.9997176599436889,5.419182083077278,0.07998284327978114,2.7709116210025893,1.1459202468121132
101,Normal,2,1750,12000,0.07796903881409875,0.06495182903839299,0.34849536064002984,0.6913981977941326,2.637122807597389,0.02677625750236792,4.469663419488162,1.199158167359577
102,Inner_Race,1,1772,12000,0.2498199804396674,0.2170733186726511,0.595262178191191,1.2634754461723399,4.580904661895155,0.422664984022033,2.38276448962796,1.125586611300616
103,Normal,3,1730,12000,0.0969479028007152,0.06674353070259822,0.3269809368037174,0.7184098232770543,3.004192232863885,0.062228399668757386,3.372748944098925,1.1899849898346284
104,Inner_Race,0,1797,12000,0.34741801499609093,0.3040482332176607,0.7686926353134829,1.5815138957914547,5.497892670821675,0.07321823172855364,2.2125871490058797,1.2887568366434905
105,Normal,1,1772,12000,0.14266919101047434,0.11883948140440732,0.3838049837662199,0.7752086930080232,2.3774163919940197,0.0027457231456003307,2.690174248889111,1.1662626878547446
106,Inner_Race,2,1750,12000,0.11308214722156326,0.09126694240205166,0.7890189158309675,1.5510474687587485,4.009736719546201,0.6232622213556359,6.977395948142308,1.2087576419477926
107,Normal,2,1750,12000,0.09824967852968,0.07837523600412051,0.3954587810512529,0.7566244269339516,3.331541033483794,0.135548821431064,4.02503893111253,1.2348922098166368
108,Outer_Race,3,1730,12000,0.20775223743000754,0.18339087916380958,0.5197721388857123,0.9046592390058217,4.9379420675908605,0.15780958201678694,2.5018846743387075,1.2206887513594495
109,Outer_Race,3,1730,12000,0.24854098587326273,0.19902356311742328,0.6348087962252326,1.2649902805139328,4.332087541551652,-0.07797282806384997,2.5541412978418676,1.1352985354639717
110,Ball,0,1797,12000,0.32498092938662193,0.23374363005831456,0.7106486395688951,1.3719921939530695,4.353234436826067,0.09725939760844075,2.1867395139468435,1.2742124617390223
111,Ball,1,1772,12000,0.09107142916948807,0.0792662118736948,0.8439845337782439,1.8891917712852535,5.697426042358309,0.011514534644278873,9.267281094354523,1.1721594343276152
112,Inner_Race,0,1797,12000,0.34068549623005,0.2601160145945463,0.665704898550764,1.3782238851410398,4.004710667095524,0.2673401649051935,1.9540159646280997,1.1224356474122081
113,Inner_Race,2,1750,12000,0.3011948932640633,0.27360688222445534,0.664267348950039,1.3207528511853104,5.209699264544536,-0.05395666199610816,2.205440277394289,1.3132856039415497
114,Inner_Race,0,1797,12000,0.3597873874293215,0.2736304045750512,0.7255039067552015,1.440913445185042,5.1868947159697365,0.26505465985876586,2.0164795434851737,1.1907965449065667
115,Ball,0,1797,12000,0.287444638167687,0.26002521356734665,0.7467332693552575,1.5680424047043242,5.0417055746545145,0.5396647526762085,2.5978333571128736,1.2213099083060326
116,Ball,3,1730,12000,0.1352632769909613,0.1042390048348619,0.8269531506361782,1.6918655835382133,4.447421145844091,0.25957248224595475,6.1136560419975465,1.2849363136012366
117,Outer_Race,2,1750,12000,0.31879218901136985,0.2597295152940009,0.5942475853470288,1.3005897165439635,4.106378866029935,-0.2482117019584849,1.86405942752203,1.2624030098672363
118,Normal,0,1797,12000,0.06672806868466274,0.048038732680435826,0.38459627893583925,0.7320880434249135,2.4842756928938443,-0.46420260048504147,5.763635701091969,1.2939275003504562
119,Normal,1,1772,12000,0.09981081758422124,0.08741657689695723,0.3176083330181452,0.7194401007132701,2.32349418670111,-0.17077295039629367,3.1821033100960676,1.1607737829377809
120,Normal,0,1797,12000,0.08619938177471059,0.06988115025523015,0.40682909025676645,0.9090972139919683,2.2507637514013594,-0.010608452519777054,4.719628863697061,1.2443904850742995
121,Ball,3,1730,12000,0.19123839005350624,0.15617653265474535,0.7204598951430269,1.572355822547789,6.164083765571161,-0.08230234958975201,3.7673392614393517,1.2635166681738161
122,Normal,3,1730,12000,0.08537028877682472,0.07301877958136362,0.34630792753049294,0.6389021890757588,2.1737398079161947,0.3617646740077755,4.056539253789011,1.2598534066687423
123,Inner_Race,3,1730,12000,0.38122832751186486,0.3008584670024216,0.6727140056882565,1.6029619542018974,4.418437290435197,-0.3244536249749441,1.764596062624228,1.174448319144115
124,Inner_Race,0,1797,12000,0.2483434908715013,0.1949111240897073,0.6709166969145147,1.239796495841396,4.901032951664182,0.26245383163913355,2.7015674723750367,1.3163651330624222
125,Inner_Race,3,1730,12000,0.19399327762832888,0.15503109158633394,0.5385523961303503,1.040693395493107,5.065338096946596,0.05011276460289288,2.7761394761428857,1.267194337762243
126,Ball,0,1797,12000,0.22098308838109176,0.1903689208766847,0.8440685099828734,1.6254220014528389,5.766859027312739,-0.05990428885866173,3.819606813202161,1.2275669899984283
127,Outer_Race,1,1772,12000,0.3296045671842278,0.2803351356023033,0.4565703480988462,0.9463056471553075,5.2780750588199545,-0.05539904249952567,1.385206376232198,1.1907237018961365
128,Normal,3,1730,12000,0.06286152101194316,0.052078893184408385,0.2762279777286548,0.541858921535782,3.407763244455027,-0.4774407264365702,4.39422994038235,1.335434188251055
129,Inner_Race,1,1772,12000,0.1674374203870738,0.13666255787924403,0.6214740907195957,1.3820725031363563,5.524891581000434,0.2738182365171495,3.711679798236868,1.2409639018442504
130,Ball,2,1750,12000,0.20242158802179627,0.17639677504001222,0.623919376423365,1.3312320157449549,6.152378376165357,0.0527161505220218,3.0822768585146307,1.261111213228714
131,Outer_Race,2,1750,12000,0.24802169358167714,0.1607946707949283,0.601037172006588,1.1911735494056115,4.572154537818655,0.17663312822445687,2.4233250056759963,1.2546905931272767
132,Outer_Race,1,1772,12000,0.21010181304222353,0.17313509847580286,0.5879994002460385,1.191232159028371,5.171652974705204,-0.2715086382585369,2.7986402960162464,1.2391143521543038
133,Inner_Race,2,1750,12000,0.3531943758894593,0.25286008672507176,0.6640124411008442,1.2658331049115963,4.7961092885397925,-0.07620187580360552,1.8800198599670312,1.260687523595008
134,Ball,3,1730,12000,0.1662012674940508,0.12462159945197958,0.6075128531378732,1.3829343161752623,5.245713161963292,-0.0064097650869185535,3.6552841160469445,1.2756913354008246
135,Ball,1,1772,12000,0.1950019409437218,0.1571503016236127,0.9323922475356388,2.072457476629068,5.03088420021425,0.16189352576542143,4.781451112862155,1.3042246237667128
136,Ball,0,1797,12000,0.3717559825898167,0.3307161930896131,0.8103789144905384,1.5598348064819756,5.408273346298907,0.1874413884145308,2.1798678499941824,1.2260012680879897
137,Ball,2,1750,12000,0.24457262758326603,0.17679071566073892,0.7298388167738699,1.5856781324897695,4.841326441031214,0.15968984541899425,2.9841394107989148,1.229616542359092
138,Normal,2,1750,12000,0.12179938749297518,0.0948003712781395,0.28208770519307225,0.5400955225980517,3.1890200246398543,-0.13550097588149276,2.3160026581360413,1.2949371232607263
139,Normal,3,1730,12000,0.05446624145188404,0.05038992548371844,0.384679972939863,0.8167461163186518,3.2322489627287108,0.14417709038585041,7.062722939670671,1.265459412476325
140,Outer_Race,2,1750,12000,0.19007049447855126,0.18590499415327905,0.6186914773784411,1.1914710539139235,4.8560232257914535,-0.2527172294640794,3.255063228386866,1.162547010594256
141,Normal,1,1772,12000,0.0834732726048215,0.07095771799088962,0.3947710604492116,0.8138453986941521,2.7519584955008014,0.0027005212140037895,4.729310929477195,1.2535375517204141
142,Outer_Race,1,1772,12000,0.18853615991612072,0.1713370283690393,0.5724458503651131,1.0729195705477375,4.31603632172617,0.2750926701743058,3.0362655663496745,1.2091543645398546
143,Ball,2,1750,12000,0.33042962604090315,0.2658467353463385,0.7695385174229424,1.4598378230113949,5.357212282759824,0.24245112184793635,2.328902909352574,1.197646231622544
144,Normal,2,1750,12000,0.0786118386772856,0.06497442428142468,0.42249755973611935,0.7155036622716519,2.8530831167637776,-0.34401083289328704,5.374477519480757,1.2909442989881648
145,Normal,1,1772,12000,0.09088928954839397,0.07223603515463399,0.3275805705343132,0.6555388839406212,2.405609438353182,-0.36561434621353817,3.604171318336613,1.2030874334713826
146,Ball,1,1772,12000,0.3558856879020402,0.2589267427150322,0.7458265283832706,1.572319130892457,4.932838862358228,0.002293312045532286,2.095691267552642,1.25730915588363
147,Inner_Race,3,1730,12000,0.3973720526854611,0.37172953963884137,0.5201802013202443,1.2479270349473013,4.496625853365671,0.39516832358185644,1.3090507946012795,1.1921509934009826
148,Outer_Race,2,1750,12000,0.25452874556873695,0.20707134562430324,0.6185813683224144,1.2599930707953388,5.257986716953636,0.018849885786515565,2.4303006206242546,1.2605809426340617
149,Inner_Race,0,1797,12000,0.33768513864457445,0.28866127920027274,0.7070814447570293,1.3389761848121586,4.425105470230839,0.00806946418682461,2.093907500919836,1.2900443562415658
150,Outer_Race,2,1750,12000,0.28831888352058366,0.2337378649741862,0.6795919637101748,1.5079840558341282,4.733869404020297,-0.20547294288576,2.3570844733160095,1.1587283228566048
151,Normal,1,1772,12000,0.0984745662242898,0.08149458808338618,0.33573658892452407,0.6236755508075985,1.8922483133265895,0.15821708088932201,3.409373626077584,1.3009586176053978
152,Ball,1,1772,12000,0.18225337756487692,0.13569803742582473,0.7640759850290013,1.715113842515613,5.535524311318772,0.14306060504681858,4.192383127478735,1.3769209533826703
153,Normal,3,1730,12000,0.08306221135770583,0.06276039951668386,0.270408074302189,0.5458773325745889,1.5,-0.3305489915218622,3.2554885053286355,1.2845013065130468
154,Normal,0,1797,12000,0.1099102125551767,0.09214155732592409,0.3875395473292892,0.821731646849521,3.3274470341487596,-0.0004796000022635392,3.5259648609517344,1.231316805259225
155,Inner_Race,1,1772,12000,0.2909210961535353,0.24102795414684813,0.6190188438264682,1.2051115767336171,4.550342880918519,0.2554042074774574,2.127789465978698,1.2559037002506628
156,Ball,0,1797,12000,0.2225595584911848,0.17364309853409185,0.6627820476103552,1.197207207664735,6.03836273768046,0.01965441738294689,2.977998573072326,1.3063562080957332
157,Ball,1,1772,12000,0.3527692974641817,0.2774082759468811,0.5984783458261431,1.294745399871911,5.204596655738638,-0.10222477255219738,1.6965148331450512,1.2474315371957039
158,Inner_Race,3,1730,12000,0.2516029832693049,0.18821235950718268,0.69242240632075,1.3311139723352376,6.038358184341206,0.14972006950052746,2.7520437052195486,1.4072642811666112
159,Ball,3,1730,12000,0.3121628474940107,0.29239540598883995,0.8561595129303217,1.963133254990164,4.939131898040195,0.2280380989941947,2.742669474613722,1.2968146549979533
160,Normal,0,1797,12000,0.06817618928150669,0.05326828291822335,0.32159763871072816,0.6894309984366438,3.1403955169183106,0.0692049323327052,4.717154802871389,1.340512864146082
161,Ball,1,1772,12000,0.25195245094452523,0.19532185718045897,0.795139985378404,1.7401714726195463,6.081012072316986,-0.18880485485425513,3.1559128811708903,1.4483965107736458
162,Normal,2,1750,12000,0.13554067445205523,0.10788017114452762,0.31846956603286525,0.7206411017921396,3.39583797001858,0.006112180479946662,2.3496235895263853,1.2686107152607187
163,Inner_Race,2,1750,12000,0.23943190297494998,0.19959756170564052,0.7748036879429294,1.6019800668194195,5.3993159681715275,0.4423175272675428,3.2360085615825036,1.3276457697360948
164,Normal,1,1772,12000,0.09263578113345972,0.06197651389744364,0.2606168792365959,0.47877957693562107,2.99217277572592,0.02844989133507411,2.8133500473335133,1.2385823326878198
165,Ball,0,1797,12000,0.4555849134418023,0.33888894408213,0.7176297581985263,1.4702150348968797,5.095049785903916,0.007081686270735241,1.5751833237344421,1.3586919109038174
166,Ball,3,1730,12000,0.21865469027226098,0.20594735645417378,0.7171942184135318,1.5523586885588576,5.470683422054865,-0.007685958065132455,3.2800312562264606,1.287599802711726
167,Outer_Race,1,1772,12000,0.22833867505563943,0.19159439757873992,0.5254156077795035,1.0403191695176544,4.264445623668587,0.5749160174037097,2.301036421672654,1.2556334477998932
168,Ball,0,1797,12000,0.2623939902273081,0.21924520311913095,0.6058341442098487,1.168331993844666,5.615794068934086,0.3965009577399667,2.3088720274615415,1.2362783746210257
169,Outer_Race,2,1750,12000,0.31686042528350994,0.27200685063350344,0.693267133226742,1.379985141856616,5.914622490858492,-0.12134905072853075,2.1879259065137067,1.2998128469389252
170,Normal,0,1797,12000,0.15827561678895177,0.1375679199658789,0.335966929198027,0.7390747095908102,3.07823070181478,0.4915318678438976,2.1226701624294586,1.354854406714774
171,Outer_Race,0,1797,12000,0.20142479241800218,0.15957853335778754,0.4426316857219613,0.9603568783348811,4.451281894308153,0.18490780124664055,2.1975034970044804,1.1180793826262945
172,Ball,2,1750,12000,0.24209623156085608,0.2002425987785906,0.8052981712977666,1.5375766685262708,5.152971121577328,0.26429731756034147,3.3263556648767483,1.2267747420582735
173,Ball,3,1730,12000,0.09597445632956617,0.07164267548555887,0.8497067786346709,1.7540569471344716,5.080792237929513,-0.042602414308745534,8.853468007329653,1.2491732551174706
174,Outer_Race,3,1730,12000,0.12492156235988473,0.09613252031903069,0.5989977205384919,1.188427331293353,4.91452255045019,-0.30737684933989945,4.79499062630075,1.2280710309180538
175,Normal,1,1772,12000,0.1272895904844368,0.10809548020764982,0.35584269306998684,0.7062262694426412,2.2408318659756743,-0.017999648109947117,2.795536474865903,1.175933485298567
176,Inner_Race,2,1750,12000,0.17881568085212718,0.14134756839924068,0.6656663231875226,1.2915509361090534,5.266916805684727,0.2807109401872576,3.722639535947632,1.1968031083222745
177,Inner_Race,0,1797,12000,0.36388475778120266,0.32012817002273825,0.5771293529964592,1.0708257059029058,4.958325687947097,0.03720616069014637,1.5860223344212638,1.3254391398951382
178,Ball,1,1772,12000,0.23729383597428652,0.1850154258573995,0.6927157883962075,1.516044618370726,5.609580922687082,0.6179522690138674,2.9192321222843356,1.2394333236149058
179,Normal,1,1772,12000,0.0927483556515687,0.07607665071850672,0.36077266309462863,0.7466697628694301,3.8421912292224634,-0.21133011624439216,3.8898011782543844,1.198520772727227
180,Outer_Race,2,1750,12000,0.11002315802005676,0.09530667240974319,0.6682265998319518,1.244807107863524,4.5950863726594156,-0.4313385655019259,6.0735086308842074,1.3339598647343631
181,Outer_Race,3,1730,12000,0.2933620704332077,0.23234716304203648,0.5028273129443124,1.0241152560466815,4.312673162712937,-0.11770541444388402,1.7140161037239319,1.2054393652450643
182,Outer_Race,3,1730,12000,0.15662443511227175,0.12987999829600802,0.647470921436075,1.4232094894787422,4.234216053801107,0.23434424172991197,4.133907464515061,1.3010088012623524
183,Outer_Race,1,1772,12000,0.34783465428347604,0.26156252535264074,0.6724621252311044,1.2742903236500467,5.70728555013703,0.14783018221312108,1.9332809912696782,1.3168995874194513
184,Ball,0,1797,12000,0.3503063084701368,0.3093760517495084,0.7138901728750064,1.4328813230167825,5.917094167954236,0.03294960675270499,2.037902702902265,1.336434207050278
185,Ball,1,1772,12000,0.20683233778238377,0.1725203414316339,0.8250176807854007,1.8633496130543443,5.928741181424297,0.07182269025909094,3.9888234578358506,1.20488815107111
186,Normal,0,1797,12000,0.09616922599354465,0.07410340449938346,0.2975528103502761,0.6109853720288577,2.802032318621609,0.1719131211272532,3.094054332622468,1.216775232499749
187,Outer_Race,3,1730,12000,0.23698509899267034,0.2022423725109836,0.5770292565025675,1.1921785793733735,4.200620578522502,0.09242648140978252,2.434875690308336,1.2095749360531685
188,Outer_Race,1,1772,12000,0.22362824692949929,0.1750078543216344,0.5433551339224784,0.9889124853817794,5.296176208841605,0.26642129368001194,2.4297249626688515,1.217289374001032
189,Ball,2,1750,12000,0.4574976356749433,0.3699532937289517,0.9819442726655587,1.9281411523265004,5.640356343465809,-0.09944447848505204,2.146337371158001,1.2271549424387853
190,Outer_Race,3,1730,12000,0.21202585248628414,0.19646383145161783,0.5966447902104888,1.2191109718530933,4.100051268017455,0.10462476863759612,2.8140190604779454,1.2584332153211844
191,Ball,1,1772,12000,0.22525842435964422,0.17421746387080297,0.9508403560109775,1.8615967436441907,4.698658018570303,-0.17455536493314314,4.221108971679923,1.2532313215808923
192,Outer_Race,3,1730,12000,0.25883575652077195,0.2227532427099554,0.5351177226580418,1.0993835596884423,4.118167294739181,-0.15491074575350292,2.0674026257075413,1.3101152249796633
193,Outer_Race,2,1750,12000,0.13681278017812112,0.1209223272778154,0.6279273743881305,1.3539787362044498,4.621622186313362,0.19420192471628664,4.589683606828331,1.3707109320745288
194,Outer_Race,2,1750,12000,0.23239838810035213,0.19931103385650406,0.6064496216137835,1.1171233672306342,3.776078123534924,-0.1780135415457408,2.6095259376408064,1.2156625605669622
195,Outer_Race,1,1772,12000,0.2683063990622777,0.19798958723690496,0.5117154840242122,0.9642164241932565,4.403482216853251,-0.34051270771316305,1.9072056641684336,1.3456814329170863
196,Inner_Race,0,1797,12000,0.2569003068980005,0.19246054876407756,0.6409673262222023,1.390494295360789,4.284021144422569,0.09838856039736513,2.4950041281059723,1.1890744000793987
197,Ball,1,1772,12000,0.2423558448672572,0.19038986063498706,0.8205260383560793,1.6008525921049714,6.1074722638630625,0.1072413477817997,3.385625128230337,1.2718015174917328
198,Inner_Race,0,1797,12000,0.275635961107683,0.24290500916102045,0.6072290480465286,1.2184615394059441,4.9661663762174495,0.3260370354099462,2.203010977255256,1.3175354990799177
199,Outer_Race,1,1772,12000,0.2911883933766499,0.24692185412606948,0.4883420148751469,1.0710913101813153,5.828751194438752,0.25045849238735196,1.6770655217822514,1.1667530579588883
200,Normal,3,1730,12000,0.05846237700653725,0.04147044924166326,0.36071344584244586,0.6872613371885743,2.196983046919957,-0.015686670992168836,6.170009915985984,1.2126747628514
201,Outer_Race,3,1730,12000,0.11830697172664968,0.0938253956999785,0.6850869995451739,1.2523074246820836,5.078368652940726,-0.12118269038724848,5.790757632847533,1.2167940694924302
202,Normal,2,1750,12000,0.11853204417462554,0.10366214899107695,0.3016330715968658,0.6570127988830184,2.231018786950849,0.0648854413928846,2.5447386290958542,1.2340653662332464
203,Normal,3,1730,12000,0.11212806397173952,0.09421195044056531,0.3145599809019616,0.5611816790148159,3.179791773978973,0.04645864437972889,2.8053635259522762,1.1820679251213244
204,Inner_Race,2,1750,12000,0.13758685114584318,0.12079682237606497,0.6211110924464337,1.276209727462344,4.6438973143362645,0.5610754275584227,4.514320135054555,1.3072965066242181
205,Inner_Race,0,1797,12000,0.22300561967150603,0.1843023080023098,0.5648097784872173,1.159488462850796,5.886550762607119,0.02738445982657238,2.5327154504859517,1.2257820512377706
206,Inner_Race,0,1797,12000,0.24688566396121275,0.19780910529166482,0.58615718701199,1.273738368451221,4.820565975106894,0.10563062822660313,2.3742050372923997,1.2740277087002796
207,Normal,2,1750,12000,0.05207960320587309,0.03916807035079771,0.39036592641704904,0.6489473985999298,2.2785265577113623,-0.09993001407244095,7.495562607762475,1.1497624522990315
208,Normal,2,1750,12000,0.08607073682367251,0.07731483150184998,0.31889833553895297,0.6892847107264594,1.9526175147423417,0.2683144579472893,3.705072679838435,1.2759094885946993
209,Inner_Race,0,1797,12000,0.1677196607246984,0.135344966607431,0.6716328460181767,1.2900994046032317,5.304674428297428,0.00425152908398313,4.0044968080434,1.2123932353111904
210,Outer_Race,0,1797,12000,0.21573538617044455,0.1711897096433402,0.5905472393852624,1.2330866113961183,5.733989534002385,0.23485510544954524,2.7373684487657157,1.1918388624237248
211,Outer_Race,2,1750,12000,0.43619585364021984,0.3711841368779797,0.6137311883872945,1.2965945380875485,4.045068712326461,-0.11097540910468905,1.4070083043327324,1.2824570163772042
212,Inner_Race,1,1772,12000,0.2360660350223041,0.19553194007822453,0.7348214603715802,1.5711247905568217,4.911053448327314,-0.01749877421955562,3.1127792708601745,1.1828566374185245
213,Ball,1,1772,12000,0.3496502062818879,0.25301548747962793,0.6929434996783245,1.4042378575167722,5.928356344416567,0.2275253737349428,1.9818192216928754,1.2325042325946107
214,Outer_Race,3,1730,12000,0.22448957616647075,0.1750050916637831,0.5618159983835287,1.1253391251642895,4.5809264124897755,-0.47139322611086765,2.502637351708984,1.2753464479664045
215,Inner_Race,2,1750,12000,0.25449645224713213,0.20439063096012,0.6307477439500964,1.3107434008925303,4.4065735471232514,-0.2570105534878028,2.4784146827225726,1.2721461428230187
216,Outer_Race,0,1797,12000,0.3381287127640647,0.2931331453486248,0.4778088423131282,0.9378533451641584,4.741148909594841,0.04439777923089805,1.4130975107296724,1.2171785045379249
217,Inner_Race,1,1772,12000,0.17663608428313915,0.1455298666733473,0.6827851807225381,1.4557713040160825,4.556855008362964,0.06371078318927549,3.865490924425534,1.4454056703136096
218,Normal,0,1797,12000,0.13149624703384857,0.10368940714889485,0.3071774506569674,0.6224944722109403,2.6692300123751025,-0.5648034693944028,2.336016864252381,1.2366743412019985
219,Normal,1,1772,12000,0.07679189673027431,0.06520717390265648,0.29616224759539606,0.5937463838138132,2.544260169112422,0.07577547123758259,3.856686189633307,1.2422547109696263
220,Outer_Race,1,1772,12000,0.11246093801690286,0.08225027758084835,0.5393614690391815,1.0780084020208052,4.265463629040485,0.1563029826448664,4.795989421305694,1.2676983955646366
221,Ball,1,1772,12000,0.1931488547698441,0.15515922208089095,0.7395142898577501,1.5174696824558518,6.533108522596221,-0.16722733500085485,3.8287272825870713,1.2546093507957634
222,Normal,1,1772,12000,0.09941442601997963,0.0785337093980644,0.28493119859354177,0.5465739646760469,2.1094636730052096,-0.4316516702809446,2.8660950930429174,1.301790351967575
223,Normal,0,1797,12000,0.07382270698083865,0.06312042190863873,0.3752458571714003,0.6962234009350803,2.5568742531902835,-0.46456066552813385,5.083068239001298,1.2816792631549094
224,Normal,3,1730,12000,0.12062344724035258,0.09375061491479234,0.3941779041421558,0.6927634458927312,2.0138047104709145,0.17741546640946906,3.2678381621503694,1.1536089774187217
225,Inner_Race,2,1750,12000,0.28947455905469566,0.23666845275166157,0.4787756677712678,0.8026235851762553,5.071175245292728,0.060484332607206356,1.653947308304921,1.3231598348493498
226,Outer_Race,3,1730,12000,0.22805919572554667,0.19993150389953257,0.5895075188976839,1.2948786724041184,4.604396716251847,-0.028833748701834028,2.584888177923398,1.186841506095908
227,Outer_Race,0,1797,12000,0.15150913839709956,0.14982236400811766,0.6061179204804048,1.2491682305269018,4.888802785684929,0.4692841188329106,4.000537042800635,1.2023561903825686
228,Normal,3,1730,12000,0.13508675961918762,0.1080081060307843,0.35450051305925157,0.6364416358034284,2.9894111099681426,-0.16284357251688805,2.6242432201245767,1.243770597475199
229,Normal,3,1730,12000,0.09289752486598044,0.08690570586709917,0.43325493260611475,0.869734194880499,2.7351877412528705,-0.09336074158737877,4.6637941455507494,1.1844969462586072
230,Inner_Race,0,1797,12000,0.21629301802834405,0.1900600430174278,0.6080126705653014,1.212352454839029,4.130279070168954,0.3260475862807917,2.8110600892610624,1.1394262619292927
231,Normal,2,1750,12000,0.1180306343199948,0.10713734512203865,0.3144637102805521,0.6408178862500602,2.181262041596836,-0.05694138639533571,2.664255022369907,1.2035309782618457
232,Normal,3,1730,12000,0.06468397443496945,0.04793718049404426,0.2919911148773875,0.6069421960981094,3.835141994611168,0.3406145610000532,4.514118333451249,1.3809091671103138
233,Inner_Race,2,1750,12000,0.3636860750455827,0.318655929077484,0.5294666042487569,1.0332475876331233,5.602537326322695,0.2876083777336963,1.4558341398757049,1.337548934632726
234,Normal,3,1730,12000,0.04656248509798531,0.037558728526056205,0.397794184314802,0.7967591065462926,2.42558434752093,0.2223365634430873,8.54323353828067,1.1919092163950262
235,Inner_Race,0,1797,12000,0.354803175429356,0.3095517720535955,0.7343472339270974,1.5548079673543151,5.14604075701406,0.17237724994095352,2.0697312898579496,1.2650067573958022
236,Normal,1,1772,12000,0.07611721227950478,0.061128144697952504,0.360140990703302,0.8033052896406926,2.6770115246684685,0.250869072719416,4.731400164536413,1.185996756605878
237,Inner_Race,0,1797,12000,0.2314842561848967,0.19807677534598325,0.6310048127454608,1.3954934834536483,5.349713836046263,-0.14762093867208884,2.725908116366451,1.2399855879614372
238,Outer_Race,1,1772,12000,0.20731382758173092,0.17556638961031204,0.6179931671066444,1.1334861952452884,4.880889372067433,-0.34845878800865643,2.980954885235565,1.2903641457818587
239,Normal,1,1772,12000,0.1268930741873548,0.10676851497840516,0.33721193207464584,0.6985121815205091,2.666949263734678,0.003144625587958312,2.657449464710422,1.2102541331648842
240,Inner_Race,3,1730,12000,0.25322691244437523,0.20290158555789833,0.5263229367811801,0.9751327572733565,5.862513545885108,0.24618082864630852,2.078463666048111,1.3385868979251447
241,Ball,1,1772,12000,0.14136810617364307,0.11497046317400633,0.8548865164664481,1.6842279111273497,6.218849754372209,0.08798269270466436,6.047237524823225,1.2212248612501537
242,Outer_Race,3,1730,12000,0.285626604522483,0.22847388567530055,0.6400712347713192,1.1967621838332634,4.697377141130452,0.08800073848440787,2.240937029802965,1.2597018023254392
243,Normal,1,1772,12000,0.11011362982715392,0.08853313952277914,0.32273949037226624,0.728383442946783,3.2769240764987932,-0.1902161862620442,2.9309676820105968,1.215454101854461
244,Inner_Race,2,1750,12000,0.15522522850701406,0.13691308578218342,0.5170802291995024,1.1108418773153361,4.861002728084818,0.09711334922986783,3.331161011472677,1.2249046904581247
245,Inner_Race,1,1772,12000,0.2964959049595402,0.22842619998556124,0.7059825974825049,1.4247712152710956,4.309169863922579,0.10753137910506519,2.3810871775070326,1.1692471709390149
246,Outer_Race,3,1730,12000,0.27021439203260744,0.20227692494881472,0.6141462404109298,1.3119009648567026,4.999139390825297,0.19623857217197954,2.272810992009705,1.2277010763308276
247,Outer_Race,1,1772,12000,0.21493113628186195,0.1683981047208307,0.44790368791229584,0.9201476638053848,4.702329064008703,0.13939396070620405,2.083940445580264,1.3395878650237076
248,Ball,1,1772,12000,0.46490905851586994,0.38341375856943766,0.7146721164205548,1.4646778916895424,6.617785363590686,-0.25591194042497273,1.5372299234220215,1.237427309556359
249,Inner_Race,0,1797,12000,0.18602740621618846,0.14643700093286624,0.6461319559852088,1.4315516882021138,5.990544830378806,0.2620355361566766,3.4733159437503414,1.273988874363802
250,Inner_Race,2,1750,12000,0.2157956414936384,0.16955750756362456,0.5115544425228593,1.1373771801522559,5.532535075804212,0.7544513840291115,2.370550391945427,1.343329376949605
251,Normal,3,1730,12000,0.13645427018697776,0.11246671901169186,0.3838562091056057,0.6665109003175738,3.507445002465914,0.1966291878329576,2.8130758281116677,1.2524366176179524
252,Normal,1,1772,12000,0.08086261747394377,0.06349604380926616,0.33053532622773335,0.5630879311474656,3.173967171811852,0.29789840354564157,4.087615965860135,1.2954270076635452
253,Inner_Race,3,1730,12000,0.2778562412755855,0.22341519315475922,0.6756053690423204,1.2833716095004906,4.5141161641518,0.41301872150593566,2.431492508286817,1.2540047006991257
254,Outer_Race,3,1730,12000,0.2232416975355898,0.17065383795248706,0.6653950849999413,1.3979471826142693,4.999780075033033,0.29765016971697966,2.9806039478528072,1.2921763981865595
255,Outer_Race,2,1750,12000,0.21109226837102987,0.17092415603380914,0.4901640410306729,0.9596556959529543,5.335008701832253,0.05933452594846175,2.3220369216419043,1.3401995385198644
256,Normal,0,1797,12000,0.1416194014687068,0.11536045375392492,0.32280877136053204,0.6314660315227753,1.8874807351254674,0.35577378737790494,2.2794106458066206,1.2750582699294568
257,Outer_Race,0,1797,12000,0.31571810694168956,0.25986729058252134,0.6794954254299633,1.3868984889131768,5.069277964577991,0.1797732615220842,2.1522219045721704,1.2122216536481945
258,Ball,3,1730,12000,0.2590434355495974,0.2421864641352249,0.6416406444877142,1.2837235223209145,5.508187231364177,0.10061018833588037,2.4769616073319227,1.2774310854099447
259,Outer_Race,1,1772,12000,0.24203224139127114,0.1960145169805041,0.46989610478632216,0.9405103827092678,3.9946890668334163,-0.43359644061222524,1.9414607826016228,1.241503564225835
260,Normal,1,1772,12000,0.11316745105261442,0.0966484256566515,0.2688312611204944,0.47912109869927577,3.7854367902475192,-0.26180219001925903,2.3755175063146727,1.2129538994664328
261,Inner_Race,1,1772,12000,0.19504499026673233,0.16086927813801846,0.6006061722226597,1.2551747577927748,5.075225764524184,0.03792755658894159,3.0793211935426035,1.3192731964581184
262,Outer_Race,2,1750,12000,0.13510968406701868,0.11425535064769049,0.7628033496689681,1.6903929773739979,4.99509133779179,-0.021401824435286917,5.645808107216013,1.3841790372340348
263,Ball,2,1750,12000,0.16099422436898345,0.1444065984362262,0.651765074677219,1.2306104539979432,5.408892238373788,-0.26551156471163867,4.048375506834552,1.3316833765326184
264,Normal,0,1797,12000,0.0777117636331991,0.06026849453604807,0.3171899769018257,0.6608899416693454,2.5723308702275536,-0.04464299197346342,4.081621135237234,1.2137721837326572
265,Outer_Race,0,1797,12000,0.2100572274236942,0.16873997358009074,0.6127433447476839,1.2909960945537184,4.519109575270267,0.0201519439051304,2.9170305266943037,1.3008495743801582
266,Normal,1,1772,12000,0.1192286875491702,0.10095051527947652,0.3691225344134962,0.7548322158674111,2.7254118016982245,0.1741029727056923,3.095920470157563,1.194166234595603
267,Outer_Race,0,1797,12000,0.28378596036334536,0.23098852603833425,0.6765346940016551,1.3777992403884598,4.947806905911189,0.07052197270871993,2.383961113282186,1.2347504182313975
268,Normal,1,1772,12000,0.11753377095862066,0.11644278296932424,0.3342586068588165,0.672314108865198,2.454587104609006,-0.12200497539048363,2.843936718209243,1.1603916835002404
269,Inner_Race,3,1730,12000,0.19616231858180283,0.15527329774608406,0.5261755597489586,0.9885692357805747,4.0603800588756584,0.3079511748029822,2.6823477799052164,1.0965057893863284
270,Normal,1,1772,12000,0.05833105167524407,0.05098133798971332,0.3194691517249334,0.7053545053219205,2.5448840237155306,-0.15795392227069519,5.476828250989985,1.2612222010071714
271,Normal,0,1797,12000,0.11894441902340469,0.09591139871124177,0.32913756248266435,0.6478042531014908,2.0004796485245135,0.09925790057349504,2.767154316150806,1.3726253069671355
272,Normal,1,1772,12000,0.11898463022076859,0.09973088205405753,0.37479346406542835,0.7456863372507369,3.3433603995420347,0.231174799192448,3.149931746394659,1.2227246204947069
273,Outer_Race,0,1797,12000,0.284928204411948,0.2464701377720759,0.5494133394710564,0.9806897207046962,4.831199169213443,0.13652230770785717,1.9282518577090983,1.185369393843062
274,Inner_Race,3,1730,12000,0.17748551525782694,0.15043566065538885,0.6444489748694593,1.0944536078539995,5.206309490064805,-0.31310572874723863,3.6309947543228587,1.3120092678265833
275,Ball,3,1730,12000,0.4016513235574097,0.3733319896871383,0.6149672897640225,1.1975241761626227,5.523442387693288,0.445306731895392,1.5310973814732685,1.2815826137186785
276,Ball,1,1772,12000,0.4193853002616576,0.33446508253370566,0.7823982276547019,1.379882209245952,5.405821990749221,-0.41489920958160115,1.8655833362937562,1.319639611218355
277,Ball,3,1730,12000,0.35552812196370376,0.29046849381210166,0.692429264016223,1.301905543861961,5.378639159717294,0.07527829177517341,1.9476075765587786,1.1914454480021783
278,Outer_Race,2,1750,12000,0.16177671780160333,0.1342011926698691,0.5731191271290249,1.1832274766614903,4.7471471573696045,-0.07621696574835181,3.542655178799436,1.2838192127657695
279,Outer_Race,0,1797,12000,0.20281489571851494,0.18028713808238672,0.5290522478697622,1.0527880096498214,4.700838217699131,0.3900877324686145,2.608547296269744,1.2690553906993156
280,Normal,1,1772,12000,0.13079948508162556,0.10675523626498089,0.34114980287877594,0.6643385505006261,2.5592972761665798,0.2135599651442082,2.608189188710346,1.235726739698412
281,Outer_Race,0,1797,12000,0.23647027964189085,0.17794071421680152,0.5126626906146836,1.2011438158501138,4.50219585109122,-0.19369299889459005,2.1679793815571955,1.1665290616610595
282,Outer_Race,2,1750,12000,0.2604708441805165,0.2114286579339096,0.5578203528958544,1.1005049089672663,3.8394940063357548,-0.02198185235497437,2.14158461631607,1.231767799406977
283,Inner_Race,3,1730,12000,0.3980370587075003,0.3284442370333265,0.46793419070759623,0.9288317418266525,6.5067272732095685,0.3665915587462599,1.1756045837215883,1.302822206135166
284,Outer_Race,0,1797,12000,0.16805906025771816,0.12415725224103626,0.5557534923189086,1.1196455667572591,3.570314473661632,-0.28728982263465896,3.3068939661251346,1.2493543609532607
285,Inner_Race,0,1797,12000,0.21734614592088367,0.18337248214410826,0.5552558704699322,1.1739542771106657,4.348932496616893,0.5606835754844075,2.554707690432437,1.3672976100857663
286,Normal,3,1730,12000,0.11043427007579573,0.10158340452405308,0.36323180751687917,0.7591752789894449,2.709645295920182,-0.25659961352879834,3.2891221834270987,1.2814032434588758
287,Ball,3,1730,12000,0.17092812520168513,0.12704701281725334,0.754711106629226,1.3737942296099424,5.675754703697849,-0.3254556880552744,4.415371114254669,1.231746561701228
288,Ball,2,1750,12000,0.40659539802855804,0.34130558317525767,0.8267716419546938,1.5535837196731428,5.530878837134292,-0.24527178952906958,2.0334013763151932,1.2763962081760352
289,Inner_Race,0,1797,12000,0.22903166218042967,0.17783129210047405,0.5551907770100358,0.9848180690223337,3.7131385363609315,-0.11408661587586447,2.4240787135040747,1.2119746647475018
290,Normal,1,1772,12000,0.06579692884366738,0.0610236192032655,0.32326716590637333,0.6631397131740695,3.0532744305752724,0.16563153244532006,4.913104176555897,1.3529832854616564
291,Outer_Race,3,1730,12000,0.20382582240703567,0.14734698413070454,0.7502637229801584,1.3090751174372277,4.0236878796215985,-0.26015021371037617,3.6809061487896186,1.3511074564972505
292,Ball,3,1730,12000,0.49802031109751466,0.3941606916356957,0.605915440112643,0.9949688485357226,5.365740204812844,-0.07909135579036096,1.2166480495089727,1.2920762115781468
293,Outer_Race,3,1730,12000,0.235496267778336,0.19869064759379243,0.6024865947524778,1.1744994298843385,3.9941079937341555,0.16645827445167896,2.558370034635013,1.2492183790869575
294,Normal,1,1772,12000,0.11975188873680578,0.08798102717801629,0.28976266728678063,0.5444969355485969,2.119054025440133,0.18881294399402518,2.4196918340355325,1.2284221702693157
295,Ball,3,1730,12000,0.378926559440678,0.31973414187646215,0.738027323873859,1.6177239852131868,5.758350036854277,0.0170252408594297,1.947679056762975,1.1638488238823366
296,Normal,2,1750,12000,0.09239148487705197,0.07111655350260275,0.37952706927990726,0.8341732052312695,2.6721769292116138,0.32697890594495965,4.107814370393061,1.3865790816981334
297,Ball,0,1797,12000,0.2750091962672877,0.224845952766041,0.6571876862240051,1.5650384316209485,5.463594052021182,-0.10193269290110832,2.389693490777921,1.248379471527607
298,Inner_Race,2,1750,12000,0.1892105659724068,0.16631502756370098,0.6009422623152436,1.1221875461488695,5.72023910008292,0.48506360023795725,3.1760502339117838,1.218502296129723
299,Ball,0,1797,12000,0.23903943993651997,0.19257775899076188,0.6505214433199236,1.1975034874132269,4.925570931430363,-0.15451360169630188,2.721397956306616,1.3181983765026946
300,Ball,0,1797,12000,0.2997462402778515,0.2500110656293546,0.8669484943282065,1.6411905979129122,5.662855324292799,0.07817814481870042,2.892274790584808,1.266068790702453
301,Inner_Race,3,1730,12000,0.30954668709997407,0.2682264610139494,0.6755380654254082,1.3234450345637907,4.803358440295006,-0.1919384746992648,2.182346294041358,1.302484782114243
302,Outer_Race,1,1772,12000,0.14132197662993962,0.11961427630890155,0.6632852996814959,1.23020188535388,4.75589278965955,-0.25852778488242756,4.693433501983557,1.2693526888790228
303,Normal,0,1797,12000,0.08274176052055561,0.07083635796377712,0.3214908966986285,0.6950201315663859,2.5648535744857908,-0.1624009273987077,3.8854732444176148,1.3335684156516776
304,Ball,0,1797,12000,0.36056965620035625,0.3015801991743971,0.9134350559782062,2.035832989025893,5.330859729405641,-0.07950685845176732,2.5333109435882246,1.2213175574898574
305,Normal,1,1772,12000,0.07904952048935787,0.07035227868429775,0.36518722191743047,0.7453593265856446,3.077824517273949,0.43070747084226474,4.619727224867787,1.2394058468474471
306,Ball,2,1750,12000,0.41578476609903203,0.36508107160531994,0.6922673417908464,1.385109149025935,5.607459503766339,0.09045323615124572,1.6649656222035836,1.3409571108336324
307,Outer_Race,1,1772,12000,0.11202607745389077,0.08589673411199102,0.5128542043664106,0.9728783523427642,4.949090853149502,-0.042232289081184586,4.577989482649682,1.237844698964149
308,Inner_Race,3,1730,12000,0.21306862376632438,0.18222384239543815,0.6964062917377906,1.3120769398310057,5.088914312508755,0.6997119633705831,3.2684600830836077,1.251100839202998
309,Ball,0,1797,12000,0.21761317484717996,0.17617402426159967,0.7279641020903184,1.4383209794584217,5.482754914627924,-0.3608616992342099,3.3452207229710935,1.313206636414905
310,Inner_Race,3,1730,12000,0.23677856239820505,0.18611473221373015,0.6361929402860379,1.2785966358148102,5.489177401088489,0.12519706619348728,2.6868688357694865,1.2255440716387354
311,Inner_Race,1,1772,12000,0.20667197588528632,0.176565189441432,0.6793069632137638,1.4527188094881556,5.392403254344468,0.2971839057202865,3.2868847375360386,1.2561815064333497
312,Ball,3,1730,12000,0.3757158035606374,0.293387275670245,0.6657055679205908,1.3507359185309693,5.728403829645999,-0.20602662481600112,1.7718327565988357,1.254690192754995
313,Inner_Race,0,1797,12000,0.2424800980616972,0.16660400003065226,0.6328716688378168,1.2498134177695923,4.9118388814473395,0.503978568644317,2.6099942795172715,1.3309056406701305
314,Inner_Race,2,1750,12000,0.041024336134453276,0.03245619841230437,0.6191398027781719,1.1877600586160302,5.609222536716068,0.36515438058424077,15.092012720181538,1.245152823995576
315,Inner_Race,2,1750,12000,0.22035095571681101,0.1942550961346289,0.6484588869328036,1.2120194572820033,4.056063227383497,0.03967137652607933,2.942845810780985,1.204549712398566
316,Normal,0,1797,12000,0.1015402586547369,0.07860014827879554,0.300231461252063,0.6269771985142157,1.7294611711886525,0.13758627535122206,2.9567726656372573,1.2009004867028163
317,Inner_Race,0,1797,12000,0.28490235625862914,0.2298650044571756,0.6940653709766516,1.4071135265887122,4.572031886976674,0.6126030805937565,2.436151740165293,1.27237337393899
318,Inner_Race,3,1730,12000,0.05651085738434283,0.05066697089588708,0.7645635720830574,1.532776716462804,5.307324069105767,0.2896287954018907,13.529498710010564,1.2915080063262998
319,Normal,0,1797,12000,0.11367805763598351,0.0877005947918834,0.3244322092068963,0.7073630829902614,3.2360617298851118,-0.17659387552894815,2.8539563039138427,1.2975942212070575
320,Inner_Race,2,1750,12000,0.30861116531723926,0.23454476744981212,0.6778235858448043,1.4366440330113515,4.951465002338795,0.40251592421623195,2.1963676691607392,1.2693132464582677
321,Outer_Race,2,1750,12000,0.205030107930426,0.1561027944883353,0.6507955433943662,1.2217753922584114,4.792374499743282,-0.01782901678148369,3.1741462264420415,1.3194549934838977
322,Outer_Race,0,1797,12000,0.3168010567328514,0.2636099858772234,0.5097631362408678,1.044429489336443,4.519637282623,0.8635116005610454,1.6090954414673413,1.2324302378203151
323,Ball,1,1772,12000,0.24574376376402723,0.22244766659652218,0.5609344751458981,1.1303341386782457,6.59693567207459,-0.029049821089938515,2.2825990232839817,1.3686107194904695
324,Inner_Race,0,1797,12000,0.36636144327672293,0.30868302749174714,0.5845692234580236,1.1050469500083933,4.692164850867603,0.24029947101349902,1.5956079281423792,1.1716079393144585
325,Outer_Race,1,1772,12000,0.29366961089594196,0.2488440961397002,0.4873175246999991,0.8710950836899294,4.893288611667569,-0.3363677744832236,1.6594073973580936,1.2642587540505543
326,Normal,1,1772,12000,0.07156015011593278,0.05428154111077592,0.34604691528815157,0.7199796911173735,3.2838353237275664,0.15176335869263796,4.8357488731861205,1.245413354646945
327,Ball,2,1750,12000,0.21284247217986557,0.16085475763927412,0.6758602195683616,1.3960499038525394,5.685143038645038,-0.5249754964312806,3.17540109662519,1.301112718714014
328,Normal,2,1750,12000,0.10198037619510349,0.07495348235818143,0.4489444896271223,0.8958100622553683,2.9113836776223745,0.09988118901128362,4.402263517524443,1.2734048932675675
329,Inner_Race,2,1750,12000,0.19179410545428846,0.1816866518220443,0.7282500578301846,1.552272245938797,5.316959055445016,-0.10082934759042114,3.7970408741459116,1.1749483974274773
330,Outer_Race,3,1730,12000,0.2398300758705452,0.17307016188930865,0.4379562239949326,0.8982160661090275,4.1549954030428005,-0.4972918928243183,1.8261105176455492,1.2171011768863582
331,Inner_Race,0,1797,12000,0.4196064616840631,0.37906140638490604,0.6299292049492775,1.2607499166209772,5.488238441231152,0.4305320049587267,1.5012380944304284,1.2718462304506815
332,Outer_Race,2,1750,12000,0.24104303647351755,0.20566577171253167,0.5707378796360157,1.1305098075686544,5.3589077813649135,0.30238017561072156,2.3677841433876914,1.220857486367478
333,Normal,3,1730,12000,0.14297772675057321,0.11392654773973848,0.41816488484243397,0.8726275149602737,4.499064367218025,-0.29812048169561944,2.924685504140997,1.2946220791850995
334,Outer_Race,2,1750,12000,0.24780638370852942,0.2321966480048403,0.5334811220423524,1.1442033555582596,5.239354652575098,0.17616195805516188,2.1528142820962772,1.313093922821737
335,Normal,3,1730,12000,0.13519397013135495,0.12083089459047022,0.3751825498311958,0.7626319294766576,2.8243594055244046,-0.01968394805984443,2.77514263000537,1.2111942369146316
336,Outer_Race,0,1797,12000,0.16060325172531512,0.1215902327412799,0.5276582767458005,1.0740701401017327,4.585174289960635,0.053835948322187306,3.2854769195350495,1.2194638250271024
337,Outer_Race,2,1750,12000,0.17608753518581846,0.15987684804020896,0.5613673264374958,1.0838047732505658,4.865312430532849,-0.4591275505937682,3.1880015007598703,1.3014417259328384
338,Ball,1,1772,12000,0.12363202638441007,0.1096683393913228,0.8505621993334291,1.6508452395156834,5.660497022084471,0.27977177121275665,6.87978854838769,1.2798715091272777
339,Ball,0,1797,12000,0.3580997968473564,0.2792215385833937,0.6787351618560132,1.2706642813934625,5.688455959557142,0.2894922631413874,1.895379913173564,1.2616139723827686
340,Ball,0,1797,12000,0.1825563859941866,0.1540184351720812,0.8793316581172648,1.8140576932728254,5.287206897141811,0.19154599171257103,4.816767451483546,1.2651500859701148
341,Inner_Race,3,1730,12000,0.2197371826108635,0.16754794352891575,0.7598590098512158,1.2110076174632918,5.438822560153598,0.03406376555061577,3.4580356443218063,1.2761835036170348
342,Outer_Race,2,1750,12000,0.1700108235459964,0.1324717282910411,0.5709245609712007,1.1796532238710304,4.3569793197389215,-0.39346473263397136,3.3581659629849225,1.306554074265777
343,Ball,2,1750,12000,0.3953200470818068,0.3259360844351821,0.7589739413120102,1.4862019811919143,5.137276267104702,0.41939236246885275,1.9198974271976386,1.2618737179169368
344,Outer_Race,1,1772,12000,0.29672996564487375,0.2304578139606002,0.5386069768733298,1.0780969834268705,4.600148557248499,0.0649028369758036,1.8151418435370774,1.1316483104484205
345,Outer_Race,2,1750,12000,0.24353737724466593,0.1649519478385492,0.6027104064628366,1.2090737196257748,4.623897513393302,0.06148682734904268,2.474816856787175,1.2517949668083996
346,Outer_Race,2,1750,12000,0.262913094683955,0.207037529243294,0.5140410310395134,1.2767776997660942,4.2062784059203215,0.025035728115019116,1.9551747000560642,1.3510344242994485
347,Normal,2,1750,12000,0.10291171037628555,0.07862521225325672,0.33141613640029954,0.7182484798115328,2.9596052626079405,0.14210238114370477,3.220392851197519,1.3714565213093606
348,Ball,2,1750,12000,0.17273068201523128,0.15748092036977385,0.8082613900208003,1.6911845023423056,5.0297583705003905,0.03789746120488073,4.679315687235742,1.2801423213907763
349,Normal,2,1750,12000,0.1007259892876323,0.08108519338634276,0.2643783587239589,0.5762087898766947,2.6553910638978517,-0.12120009987555926,2.6247283406569704,1.2860298781479522
350,Outer_Race,0,1797,12000,0.15743705631938693,0.10779549409732231,0.608336234303296,1.2671987346854088,4.490202496427302,-0.2869757187975022,3.863996498189003,1.2444661365513703
351,Ball,2,1750,12000,0.14819208685177704,0.11238386447038874,0.6551396982860405,1.3987430746961922,5.300563977259696,-0.11196660294411515,4.4208817906810145,1.1387087285531818
352,Ball,0,1797,12000,0.31050950594273435,0.24773005912855592,0.6684734879161824,1.103098217598658,6.0328072925579574,0.11207742643909478,2.152827772169608,1.2612990952570453
353,Outer_Race,1,1772,12000,0.2103941308714621,0.18181601324986463,0.4717921789136422,0.8990561340330043,3.9750334254091078,0.44287732062168655,2.2424208173462703,1.1975671835480104
354,Ball,3,1730,12000,0.14376145360240222,0.11674281957117816,0.6791811656769425,1.2144430590525308,6.569619230707769,0.0781349784956448,4.7243621197330015,1.2210121744576476
355,Ball,0,1797,12000,0.21771865456910078,0.18796445007988097,0.6871306094511541,1.343110216080955,5.8360510779038925,-0.4072493912650749,3.1560483910351778,1.157566687519775
356,Inner_Race,1,1772,12000,0.3524755367024339,0.26628639074231863,0.577993120325801,1.0485349871172476,5.137663719965661,0.16649582547956152,1.639810597164231,1.2797157561199228
357,Inner_Race,0,1797,12000,0.16887446456917765,0.12564331493415884,0.6462182557632888,1.244297203268627,4.622916154202955,0.5367723715329024,3.826619124518807,1.2551666221707545
358,Ball,1,1772,12000,0.23200730355855734,0.19365338205276963,0.7152068721954526,1.236149561645357,6.285586068445152,-0.03378840175810397,3.082691196464591,1.2050272840032572
359,Outer_Race,1,1772,12000,0.16735798942769084,0.13557826987452803,0.5196670757493345,1.1421033862455916,4.771275141097871,0.09176338167022204,3.105122602909037,1.1705114923540283
360,Inner_Race,2,1750,12000,0.31122740289090284,0.22865763978029374,0.5957370286776987,1.0957855237118461,5.40014353149419,0.19266298543751284,1.9141535197224502,1.3434007739782885
361,Inner_Race,3,1730,12000,0.2349004629591018,0.17156031886406872,0.6458537939305588,1.120647009930165,5.290855121361537,0.24449065650851837,2.74947859103627,1.1411383410725167
362,Normal,0,1797,12000,0.08942714360443743,0.07771971805822388,0.2912981170003025,0.5377376008619364,2.8832283926413105,-0.5395624156869818,3.257379194496022,1.252326872478755
363,Inner_Race,0,1797,12000,0.16837893663052633,0.1390942064902242,0.5659365640723135,1.170288733460702,5.010630083017064,0.5000914792203326,3.361088835678701,1.2495792333020326
364,Inner_Race,2,1750,12000,0.23024913153381737,0.17023373207837522,0.6816787058670244,1.4276915481442152,6.35805782018105,-0.005458997651101194,2.960613581150052,1.2669643083406883
365,Ball,2,1750,12000,0.22818173280056062,0.19001304920895148,0.7529780621790386,1.4995257104497752,6.0974792542801675,-0.15424487593869438,3.29990509291631,1.1912604909760915
366,Outer_Race,1,1772,12000,0.21915790560707374,0.17556823132256466,0.7488960760077032,1.3998954203985918,4.763863247332628,-0.18755476756053313,3.4171529150784656,1.1475459106017034
367,Ball,2,1750,12000,0.35981436959192836,0.280402981024302,0.7642882074324581,1.5600890230053117,5.215856380913894,0.18954105430704332,2.12411807871723,1.22613299082308
368,Inner_Race,3,1730,12000,0.2466464231006137,0.20862914986817244,0.6678922375964118,1.3420993517402011,4.64744124620684,0.5734415601906231,2.707893466283761,1.319290449986769
369,Outer_Race,1,1772,12000,0.24993453532158216,0.20014396569660853,0.7024644899536712,1.3033826759564633,4.195605206031817,-0.24245451581545632,2.8105939383280276,1.23010519797315
370,Ball,2,1750,12000,0.23693243547180107,0.1636866805007689,0.740772404996667,1.422257551763583,4.681568790837481,0.27140235074351465,3.1265132759116523,1.3374467416183557
371,Ball,2,1750,12000,0.3517249321025394,0.2736200321509892,0.8583757670501647,1.8196948971073048,4.945573671019284,-0.22927063805257658,2.440474611563561,1.213266818050409
372,Ball,1,1772,12000,0.2647591743680771,0.23731273762032898,0.6553132813408358,1.3201987261073163,6.025045286508768,0.20227937209640007,2.4751296452896367,1.2600560453310419
373,Inner_Race,2,1750,12000,0.22688752953178734,0.16237684153988283,0.5676128905721147,1.1641385492780514,4.9241647960817705,0.1687317696415566,2.501736837381321,1.1882550809004115
374,Ball,1,1772,12000,0.2587437727990615,0.21509956089372426,0.6591605813935618,1.4692928886539995,5.999722740887231,0.07253333177218887,2.5475418181579235,1.1470925083815995
375,Outer_Race,0,1797,12000,0.11507733042729003,0.09431006376215145,0.6054970530378107,1.1223924443676891,4.765392997999751,-0.2766456234469695,5.2616536270832714,1.2082806478064065
376,Inner_Race,0,1797,12000,0.27178667209026625,0.19265112598126122,0.5745901053490493,1.2010964955361647,5.011659253931801,-0.523500654423122,2.114121715130371,1.176867655968526
377,Normal,0,1797,12000,0.10341641265634581,0.07971911257128837,0.39178813509779986,0.7411039280978504,2.321351335317682,0.08958816275350905,3.7884521908501827,1.1477873310210245
378,Outer_Race,0,1797,12000,0.24517980492328748,0.20784949757527055,0.6350883256731038,1.1424493461000085,4.95428158543359,-0.18351836703588204,2.5902962353355816,1.2304071160159247
379,Normal,1,1772,12000,0.09431330930981657,0.08017315059307631,0.3549603455302713,0.5353920691796287,2.7983904414378493,0.16053823807481568,3.7636294190911754,1.2227373379224247
380,Ball,3,1730,12000,0.42779455227373653,0.35878375656622435,0.7578149731366843,1.6422750017343954,5.69942614983313,-0.22450443835355088,1.7714460577136448,1.423555422344582
381,Ball,3,1730,12000,0.23705911881837272,0.20521182198111526,0.6894924769655015,1.467369987594318,5.58180049675615,0.32201651756554617,2.9085254361962303,1.2687274774056598
382,Outer_Race,3,1730,12000,0.25541195451747517,0.23244942685607967,0.4612180434791342,0.8886079001576199,5.066683857963676,0.386474119944662,1.8057809563004532,1.2351735014564962
383,Normal,1,1772,12000,0.09268239588946284,0.08020985729219966,0.38648551235973067,0.7507303802145181,2.8816690216976504,0.29513181560299234,4.1699991530287,1.1420500596940846
384,Outer_Race,2,1750,12000,0.22308972276659153,0.18220975570675396,0.6187948003806761,1.2261371602059064,4.7043022744623135,-0.2644690661327187,2.773748573922845,1.173871101971728
385,Outer_Race,0,1797,12000,0.1401870690995925,0.11131880778838345,0.5867924909552862,1.3605123660240361,4.367524358331219,-0.16650395349009908,4.185781860796403,1.2854010316906768
386,Inner_Race,1,1772,12000,0.02501224051951831,0.019005193765729563,0.863040519314445,1.8076738660784608,4.391708277863429,0.13952050445630712,34.50472654142963,1.2457982609449927
387,Inner_Race,2,1750,12000,0.3176900196724485,0.2955693017792602,0.6803070311397789,1.3018585778208813,5.4328964431540125,-0.024563174215715272,2.141417699684754,1.318102222502938
388,Outer_Race,2,1750,12000,0.11044101238497193,0.08462137152027885,0.4980258321680193,1.0210116454898328,3.94032899579678,-0.785916575506186,4.509428349244174,1.3188374997372945
389,Ball,1,1772,12000,0.23753263170507227,0.18614791738503628,0.8512869322923134,1.6190057424841413,5.984507904759559,-0.0047456499202154275,3.5838736184647555,1.252649649990336
390,Normal,3,1730,12000,0.09853043371048083,0.07627184044978957,0.35714102119869195,0.7007821327888976,2.18045463674462,0.24797358492514882,3.6246772469114013,1.2238799252606578
391,Outer_Race,1,1772,12000,0.18863560861004264,0.15632790922879705,0.5741659525034633,1.0686293167065841,4.63877292596164,-0.15525293870184362,3.0437834973693065,1.3119870476615352
392,Inner_Race,0,1797,12000,0.22131141171690955,0.18900398223233827,0.595816570436449,1.4319339421578432,5.487127109509003,0.4760825331651195,2.6922089819687547,1.2021980212246113
393,Normal,3,1730,12000,0.14632162437346433,0.1130744074698303,0.2424490298023379,0.4675920242582543,3.0070202165511457,0.037879242936994614,1.6569596656713061,1.233016881020891
394,Inner_Race,3,1730,12000,0.28056460595699995,0.24351177832815166,0.5767141061354848,1.052351573496141,5.887762657663468,0.17522538378676697,2.0555483260916865,1.2902046598312513
395,Normal,1,1772,12000,0.08446513766132205,0.06597171645258472,0.3202237211160746,0.5747043439774839,1.8747687787787204,-0.04875109441360479,3.7911939763842972,1.2881900606422187
396,Normal,1,1772,12000,0.10732691633167292,0.08971661509903438,0.31878894288271303,0.6314046824493832,2.8985506069972926,0.17904893492816884,2.9702608979983913,1.25589591808329
397,Ball,1,1772,12000,0.37712114013917886,0.3094201111511839,0.7885019910399275,1.5152040713937989,4.503076398387247,0.06708974700463066,2.0908453733167174,1.2062537562177145
398,Inner_Race,2,1750,12000,0.2837749329149952,0.226760230417561,0.5870737923872438,1.2259724179384526,5.234546078909052,0.009775227289043426,2.0688007441555865,1.1843051603842374
399,Ball,3,1730,12000,0.20054210369071598,0.1574232646702589,0.8613871383463199,1.8424839262548662,5.303094881759938,0.07184517741088763,4.295293220194725,1.2403997866459093
400,Ball,0,1797,12000,0.19841734454739568,0.16209689148410195,0.6891887684252759,1.4056255868233845,6.121215272121356,-0.08038394616348186,3.473430057222897,1.3197943407177997
401,Outer_Race,1,1772,12000,0.24273961609577316,0.19428941984264378,0.5691379803427955,1.1117064398478487,5.833010790006042,-0.5601760652494863,2.3446439831158075,1.2747514605091785
402,Ball,0,1797,12000,0.20969717569454993,0.18327314020638888,0.7902654634413768,1.5744927147689436,5.351129434560968,-0.02798920855791175,3.7686032767198396,1.2565836598371425
403,Normal,0,1797,12000,0.09804067429685594,0.07928745940262726,0.3606028712128805,0.7646634117392187,2.0233569188207827,-0.26266597480828724,3.6780945643133407,1.3697517845611171
404,Normal,1,1772,12000,0.10625808232976158,0.0903529529487968,0.28996107398873433,0.6627326239333887,2.3651320005200533,0.04205145177781397,2.7288378223208327,1.1987886675524078
405,Ball,1,1772,12000,0.19117182197835356,0.1504943846417686,0.7354804413255155,1.8072193720300005,5.6656186085686135,0.40159028765767957,3.8472220106203423,1.178929800003465
406,Ball,1,1772,12000,0.19097238055323895,0.1687403722451269,0.5905632664816087,1.3323934197260803,5.61000291952004,-0.662555886824544,3.0924014497320074,1.2716502327500014
407,Normal,2,1750,12000,0.11634869552307352,0.09375128522276006,0.38003024406173,0.7083749054172084,1.981709694966816,-0.017861350761901346,3.266304296349974,1.2480302546107604
408,Normal,3,1730,12000,0.1306822786660548,0.1004930462788535,0.3631529555079587,0.7302552703621351,1.8438062263251542,-0.3297575459171281,2.778899780558303,1.2492560045715422
409,Ball,3,1730,12000,0.4583079998818268,0.3917415992360939,0.5709051511075037,0.8576833168014006,5.903179476152409,-0.024053370732049755,1.2456800912371369,1.1825214268651008
410,Inner_Race,1,1772,12000,0.2780169998286821,0.24208897631105847,0.6150978362198944,1.1882621824728052,5.0138945571041145,0.28566908664008217,2.212446852526738,1.2508965178165157
411,Inner_Race,3,1730,12000,0.3279197070207589,0.2598055006414009,0.5463851739738774,1.2656007528195292,4.667451444901655,0.007889479070563171,1.6662163397800567,1.254126283725653
412,Inner_Race,2,1750,12000,0.21906530860093737,0.17940440333185353,0.6468985459486024,1.3118915508497604,3.703381897556976,0.6202190767519623,2.9529940184505983,1.2592738158305956
413,Ball,0,1797,12000,0.3322560357502287,0.24497699999917755,0.6793055774280647,1.2855378880105552,6.3083480704797,-0.1464534017089707,2.0445244159198004,1.2043503067590404
414,Ball,2,1750,12000,0.23926429543114505,0.19267163901735432,0.8309242189580515,1.4105965427720393,4.776385044599062,-0.4868262914224542,3.472829982679856,1.3218772135922991
415,Outer_Race,2,1750,12000,0.1631879964165525,0.11800631939514743,0.528903316835619,0.8873123662404483,4.040106201927775,0.30010509997755014,3.2410675322316247,1.2252746876621086
416,Outer_Race,0,1797,12000,0.14980550106046198,0.10903367225191077,0.500714737142814,0.997967746747032,5.077497228849667,0.2255918542838301,3.3424322444656016,1.2117914660382247
417,Outer_Race,0,1797,12000,0.1683710195152439,0.13831224482114726,0.5576345599094077,1.0973186613828678,5.720420343327897,-0.44050005925090313,3.3119390825980046,1.2648414481853318
418,Outer_Race,1,1772,12000,0.11738759534765232,0.09172375044928004,0.5431789205692923,1.0669520379066644,3.72222356221658,0.14882151508450986,4.62722589180421,1.2096996261710655
419,Inner_Race,1,1772,12000,0.2906700260014358,0.22316992900894814,0.6567478416814091,1.2189828135934728,4.817071836575668,0.6883669817927195,2.2594274707849133,1.244047520140623
420,Ball,3,1730,12000,0.29623018065975226,0.21888218305742577,0.616405502086703,1.1301303594776304,5.255629801292374,0.2342422488973004,2.0808328871618307,1.214866179545951
421,Normal,2,1750,12000,0.11307488320618321,0.08526575821467686,0.32726479707170275,0.6687722160709904,2.354424008036373,-0.0695916100752746,2.894230688480668,1.223010680260503
422,Inner_Race,3,1730,12000,0.26808476712816204,0.24544868327891706,0.6365950136790142,1.3933117184156885,5.307653537019047,-0.21681049837169167,2.3746034528499718,1.322900903594906
423,Normal,1,1772,12000,0.0791601029232526,0.06085115519665977,0.3462078306635138,0.7264627945296913,3.3903371291875977,0.07704377218127056,4.373514155219955,1.2784898391976063
424,Outer_Race,3,1730,12000,0.22494127027921365,0.18479964843526073,0.5927318412463114,1.3852133928550028,5.28232810040619,0.19626522956249645,2.6350515426118517,1.313168467526942
425,Ball,1,1772,12000,0.2338304725722931,0.19041033395373885,0.6530048244855055,1.3582985688588713,5.696299867068637,-0.2720769482636731,2.7926421107651684,1.1794223794590735
426,Outer_Race,3,1730,12000,0.0989650197280424,0.08084644735765453,0.5995719693322341,1.292465383768049,4.41438797828036,0.2069845668618018,6.0584231780064135,1.2384120553758389
427,Normal,3,1730,12000,0.06712363477406053,0.049341912255872075,0.3971475145462726,0.870292172113503,2.8776000767225978,0.37392668029500714,5.916656865842843,1.1872756430987335
428,Ball,1,1772,12000,0.19798196601396956,0.18291271222000474,0.7663364437427947,1.4853637171825578,5.132451497082086,0.06419594537846422,3.8707386292381916,1.3639631507197565
429,Normal,3,1730,12000,0.11749183188382158,0.08962109523377272,0.36556554057062,0.7006212538454056,2.5545697080014134,-0.1892274681912662,3.1114123825399114,1.2601587337923428
430,Ball,2,1750,12000,0.40465536643437766,0.34042390916180737,0.7178145754551881,1.5325859379977325,6.1214837167591565,-0.2074545955518823,1.7738911552816266,1.254858742000946
431,Outer_Race,1,1772,12000,0.09246292393023436,0.0820503159220085,0.7237256883359795,1.456724633092614,3.4312444313033406,0.15222262914425777,7.827198811948117,1.3091808093114377
432,Outer_Race,2,1750,12000,0.2638603472853703,0.22039548917164628,0.5460276292364333,1.0353028387115675,4.669209830371457,-0.10236638812809187,2.069381151256856,1.3233981166779747
433,Outer_Race,0,1797,12000,0.1967205772965148,0.16531916479668599,0.5676039987093535,1.0068378962065914,5.143985541756546,-0.6847028592358334,2.8853310950476225,1.278534666224936
434,Normal,2,1750,12000,0.10370447194678538,0.08853247746781558,0.3973241219469634,0.7493593413698654,3.022620285533415,0.04895459697036528,3.8313113647678105,1.3669821923708498
435,Ball,1,1772,12000,0.4510486229890699,0.33092241845508036,0.7562445643275594,1.5596739427519228,5.651600230280993,-0.12364422054040188,1.6766364551031678,1.2003503495517924
436,Inner_Race,2,1750,12000,0.24473369690608618,0.19240168341192626,0.5971707605187716,1.235307223806243,5.592613198495826,0.06418605954078348,2.44008392823784,1.2030404533814676
437,Ball,2,1750,12000,0.2844766598900139,0.2180331724861957,0.697712939143972,1.3619930493125252,5.1168370481220045,0.10712073216395844,2.4526192743324744,1.2355046768838898
438,Outer_Race,1,1772,12000,0.10439318033324495,0.08826245751575487,0.5232560645559003,1.071799307696075,5.029512367960053,-0.3177382093513898,5.012358689385237,1.3449202520071006
439,Outer_Race,2,1750,12000,0.3372102177676707,0.2836255741865012,0.5508208502955403,1.0193322807107579,4.319257533100996,-0.29764308402832756,1.6334642940002546,1.1971223759600327
440,Inner_Race,1,1772,12000,0.33748276705730135,0.2686235476025574,0.5686186856778495,1.0984528835670928,3.5567082723742205,0.11980785583149826,1.6848821367560478,1.2607236645021882
441,Ball,2,1750,12000,0.35422684718931713,0.2503752238466066,0.8203852535786105,1.7484837168713139,6.188623960034264,-0.013180344001034353,2.315988356298003,1.1896889090760325
442,Outer_Race,2,1750,12000,0.26991332956431735,0.2088401037174755,0.4650624324633636,0.8464775811174242,4.603042126246098,-0.20607480205440085,1.7230065414481295,1.2269292197592188
443,Ball,3,1730,12000,0.11725862004963847,0.08118683708018125,0.838574274310005,1.7984131146414652,4.922886740247406,-0.0007499108676348784,7.151493629679556,1.1893713743332928
444,Outer_Race,0,1797,12000,0.23037561673284349,0.20404581353492446,0.5291424117259951,1.0609244777752345,4.5901832489391845,-0.06819051191776064,2.2968681287986237,1.274847121713133
445,Inner_Race,1,1772,12000,0.25582945902627924,0.21030830346661455,0.568222643882307,1.2093410624490384,4.462988135728558,0.09544163886320653,2.221099345028667,1.268731583080341
446,Normal,3,1730,12000,0.047022401494566685,0.041071932366328466,0.3215664054002891,0.7059006846280582,2.437009291516115,-0.012210896433502627,6.838578957679251,1.1408343567053434
447,Inner_Race,1,1772,12000,0.22781294329650653,0.20374017581493525,0.6530455166740358,1.3494970180944932,5.038477224176256,0.36196290657503105,2.866586539045212,1.29436645621769
448,Inner_Race,1,1772,12000,0.19891390476983825,0.16429942872930905,0.6327761347270743,1.3374634680024975,5.717602434901836,-0.09395958430875215,3.181155864690579,1.297619306083754
449,Normal,1,1772,12000,0.06409401454217865,0.06036517728433213,0.3627961189631167,0.7534435050597073,1.9628853882329236,-0.0002924972517186583,5.660374397743017,1.21896229539961
450,Outer_Race,1,1772,12000,0.29529939373784764,0.28310644265463186,0.514084427234261,0.9440985926395021,4.117234163959282,0.40154979000412266,1.7408922542206096,1.188079928474897
451,Normal,1,1772,12000,0.09661180455515879,0.07943360544433217,0.31570516769973767,0.6763681230942966,2.4910539967402956,-0.06501913486374983,3.267770115188061,1.2130746286973695
452,Inner_Race,1,1772,12000,0.2312027205201723,0.1897329318038442,0.71203772227586,1.6116538732253978,5.322017427735345,0.35082855590606676,3.079711694887843,1.26261695638052
453,Ball,2,1750,12000,0.2162981923148155,0.18585188008802267,0.7347952072454893,1.3023359004443478,5.319561707115921,-0.020724255870388397,3.397139843757996,1.282739216213096
454,Outer_Race,0,1797,12000,0.2535887325831552,0.22883606194072886,0.5983343982109902,1.2044603391626354,4.084871200314362,0.00298238329914168,2.3594675998263774,1.2491846618134892
455,Normal,3,1730,12000,0.06582215289914417,0.05184339380078729,0.33642213086231276,0.6951008488092981,2.9537425615921387,-0.14532962049130121,5.111077593858024,1.2213669091377388
456,Normal,3,1730,12000,0.028259499378626082,0.02235094328422818,0.3953175228859799,0.6842594800622901,2.761980160228547,0.3963153035463218,13.988836730242154,1.299417696569074
457,Inner_Race,2,1750,12000,0.2501719264342149,0.18556728412572157,0.7769240290497587,1.5434891588487156,5.02564476353671,0.4885751163764056,3.105560404492701,1.2099811795887203
458,Outer_Race,0,1797,12000,0.1746905453138879,0.14843383632619342,0.5365611745676193,0.8913574597917463,4.570717560748506,-0.37005316528120236,3.0714952180354933,1.1565356283292536
459,Outer_Race,1,1772,12000,0.2323751346434207,0.1779271998664057,0.5313751839394932,0.9021137293523722,3.9952959622707227,0.2540808006351748,2.2867127533024894,1.1245160346717746
460,Normal,2,1750,12000,0.09769893653447427,0.0775810096606199,0.30982717582979274,0.7217617838936567,2.5961882139745938,0.5289074575156261,3.1712440976311593,1.168578175683991
461,Normal,3,1730,12000,0.05648008921634316,0.04405689011382206,0.32190010478469944,0.6396878010938285,2.666827160787436,0.7490597738495357,5.6993554587295865,1.321159491546013
462,Normal,1,1772,12000,0.11541269356169509,0.0946275229643851,0.354627584266817,0.6499722798602854,2.758567407031475,0.12784974904359298,3.0726913420251045,1.2298549401518755
463,Outer_Race,2,1750,12000,0.2599140632738464,0.2351589314405801,0.6452128713172381,1.2977857749999375,3.955532906464197,-0.15000131867777985,2.482408466822511,1.2638793640303316
464,Ball,0,1797,12000,0.23695005146505446,0.1809957204190871,0.6173396332600029,1.0715852709644194,5.370777112923987,-0.36741636051757626,2.6053576669133935,1.31582587941151
465,Ball,3,1730,12000,0.2445488314440128,0.1809282207690402,0.7528105890862874,1.5947808198634956,5.197815139123531,-0.10925682690250044,3.078365104593176,1.2172896160720847
466,Inner_Race,1,1772,12000,0.1873812870722164,0.16710474088856717,0.7189666436195974,1.5071323890239259,5.509104541766751,-0.34431968134184077,3.8369180554433324,1.1707498610831284
467,Inner_Race,1,1772,12000,0.28136496932669935,0.2477831832342998,0.6801986187710763,1.3657218132495221,4.84857993320087,0.24178609422155134,2.4174957543534217,1.2697927619134324
468,Inner_Race,3,1730,12000,0.12308346843582396,0.09692890198793003,0.8094962133811785,1.5379028644369515,4.868723952315087,-0.07064523333751907,6.576806972280375,1.2293563003053756
469,Outer_Race,2,1750,12000,0.16846145769004636,0.13626229798738954,0.6390811109080409,1.20671158150279,5.033736115595871,0.20555732889008912,3.793633984124081,1.1873688972578833
470,Normal,0,1797,12000,0.18103147692441965,0.15990003863111896,0.3636448602250867,0.6763256546699343,2.6466174807692227,0.3565817442250085,2.008738294594524,1.151567753184598
471,Outer_Race,2,1750,12000,0.32348303703081605,0.2804958738873169,0.4926060496418282,1.0236087166621262,3.917228692070851,-0.3718677983451896,1.522818798053083,1.235229210345124
472,Ball,0,1797,12000,0.36130393886327244,0.3070462667760739,0.7659290291681734,1.4111902185777638,5.442262823423434,-0.37677919640862195,2.119902239587879,1.3891489012446907
473,Normal,1,1772,12000,0.11851606774607686,0.09182773505123788,0.38664493709000824,0.8418557909037431,2.3593754714572412,0.14757777363882477,3.2623841175561368,1.292735022936447
474,Ball,0,1797,12000,0.2910978463998213,0.23047601170918225,0.6819763094852718,1.5794945724866112,4.66077865949703,0.09571778384286776,2.3427734623243524,1.3154299623238401
475,Ball,1,1772,12000,0.3617435268340592,0.3031070260774135,0.752775351769205,1.3917443652546322,5.078926647691422,0.23181262683647152,2.0809642631546574,1.1483272372261144
476,Ball,0,1797,12000,0.1992321351305711,0.1674219975375554,0.9297335846307694,1.874703317574763,6.3040124726664795,-0.185082341459678,4.666584454467892,1.2526359250110803
477,Outer_Race,0,1797,12000,0.263369564428788,0.2222416938405512,0.5266593478642632,0.9851043059593841,5.143556421706462,0.29788770316253627,1.99969707588086,1.1621343048615551
478,Outer_Race,1,1772,12000,0.22942336054258175,0.18384337306032159,0.6740289693389814,1.4249586351761567,4.059649607732824,-0.25840891637972785,2.937926494254622,1.2199924435788538
479,Inner_Race,0,1797,12000,0.23581802708128002,0.19299682261968168,0.7336576024473952,1.5564149444081083,5.731430286630138,-0.3328840265933416,3.1111175491029086,1.2343607774941716
480,Normal,3,1730,12000,0.0618353535828079,0.04827524772548797,0.31469962318218536,0.6304917913653785,3.5953196827817355,0.5056473511662252,5.089315495879712,1.3030529916028553
481,Normal,2,1750,12000,0.11316393126233937,0.09658856933888083,0.3662802824036194,0.7559427045329314,2.8670583763482305,0.42189253020160494,3.2367228525712806,1.184695636549321
482,Normal,0,1797,12000,0.11989302702201374,0.10473164286429289,0.3632286260603751,0.7922117672549791,2.8034407188644708,0.050116930269062686,3.029605933576789,1.242468124392738
483,Ball,3,1730,12000,0.09835803227802983,0.08017911679861071,0.662263150367125,1.1988077766087286,6.288710056606737,0.12605187963361444,6.733188281919852,1.251867227629963
484,Normal,0,1797,12000,0.10740423961571852,0.09446054286870993,0.31526743457102846,0.6302913125755288,3.177436574368145,-0.4840002822710325,2.935335101286722,1.2536084971665638
485,Outer_Race,3,1730,12000,0.1899496040616723,0.15423341962103937,0.5450866524765156,1.1021760786091666,5.657994971232495,-0.08098061848213775,2.869638266261078,1.232030161911718
486,Ball,0,1797,12000,0.23049859794647004,0.21410565773547435,0.7204599077725821,1.6463253820326773,5.912610618720476,0.07677709064560542,3.125658525436664,1.2541154225172142
487,Ball,0,1797,12000,0.22383627041087106,0.18456363560927505,0.79753203005933,1.5933909743298988,5.325857457215978,-0.06269563354444323,3.563015183354289,1.190902839154476
488,Inner_Race,2,1750,12000,0.19662795889853035,0.1533471423515404,0.6795899957340348,1.5252752729675871,5.630294669571908,-0.1629630530449779,3.4562226020193623,1.2667255894372071
489,Inner_Race,3,1730,12000,0.175551715624839,0.14113466988196693,0.7751439796907577,1.3738527068361837,4.109624088695895,-0.0571385383584006,4.415473679261963,1.232297394649521
490,Normal,3,1730,12000,0.11093621087153833,0.09879325794334697,0.27595040504217494,0.6043683219382002,2.52834757397454,0.1828735774512169,2.4874691759728425,1.338575224378916
491,Normal,0,1797,12000,0.10012391742522676,0.08352099359615289,0.39854154357493354,0.6959967152693235,2.7169139016941974,-0.27130882278553575,3.980482923798573,1.2191853318789223
492,Normal,2,1750,12000,0.1321792560627022,0.10414380225688893,0.38894351239892916,0.862577239751875,1.7962141665794933,0.15308623002461264,2.9425457820281955,1.1928328160947483
493,Normal,2,1750,12000,0.09353184034031407,0.06990135622257657,0.38960414175660585,0.7044349063467936,2.6019067110190037,-0.010031014450832256,4.165470713919854,1.2068235899836341
494,Normal,1,1772,12000,0.08288540777930363,0.0684579533666069,0.39226840006002944,0.9281038964358226,1.8708853401216743,0.07883550444664453,4.73265934945401,1.3218096226512033
495,Ball,2,1750,12000,0.3716930118886069,0.28385724277379776,0.6617103939490472,1.2610325235310655,5.458090583704108,0.08079939921467687,1.7802605181809443,1.2204825446147491
496,Normal,2,1750,12000,0.06675272443898547,0.05765213654049805,0.3477757361261528,0.7601951797372214,2.310743671286035,-0.40056868183774863,5.209910742205482,1.252130249361216
497,Inner_Race,0,1797,12000,0.35367621506274116,0.29342978069479625,0.6344257556645172,1.1805042210302064,5.966771556674452,-0.10740064872119484,1.7938038483927223,1.2970433914008415
498,Outer_Race,1,1772,12000,0.0900785517079247,0.08075320926997773,0.6234438407495279,1.336586893200053,4.90696435657231,-0.04028087936409252,6.921113061087106,1.3201772362973012
499,Outer_Race,1,1772,12000,0.21019471911425275,0.16006029831655536,0.6138364095813162,1.3069097526836355,5.412244747159014,0.0929419101382158,2.9203226996757294,1.194767376348227
500,Inner_Race,3,1730,12000,0.21173782895934443,0.17964267521469945,0.6198551159280812,1.266407221990556,4.416344295865518,-0.07040692061907527,2.927465153367087,1.211509771156627
501,Ball,0,1797,12000,0.35980210678654867,0.2737592575952877,0.7779410764277547,1.4895722387863053,5.509077846910171,0.35423610394766175,2.162135967951031,1.2014905845585115
502,Inner_Race,3,1730,12000,0.40270322867655733,0.31320937852040814,0.5731017519505814,1.0799875777906771,4.860024420626361,-0.43863765357297335,1.423136719896737,1.2631001316540251
503,Inner_Race,3,1730,12000,0.20643434144840705,0.17898385587388507,0.6774887115627831,1.289862993623557,5.324478464949597,0.3308157649559424,3.2818605025177168,1.2999536970391612
504,Outer_Race,1,1772,12000,0.0642245769031412,0.048461322536632295,0.5283241185945189,1.062917641970622,4.080039526352101,-0.12836299676227725,8.226198506395745,1.3315813757356425
505,Normal,1,1772,12000,0.10427784746328177,0.08817139101331212,0.3668993446336325,0.7345243358584601,1.8524098519242331,-0.15498841597321272,3.5184783111564015,1.2759858780966462
506,Ball,0,1797,12000,0.2867483096190853,0.2596599086168176,0.7901651127759494,1.455481889890715,5.873121581413148,0.16007559191643406,2.7556051292005863,1.3024949402510169
507,Inner_Race,0,1797,12000,0.3179092738108351,0.25762649133270976,0.5400236277788734,1.1193784918350869,5.119329002987988,0.09308059270354306,1.6986721441168227,1.2523452095781378
508,Normal,0,1797,12000,0.11525326259492774,0.09420720568450233,0.35699085144582554,0.7343811268418693,2.0649779120655216,-0.223570755470513,3.097446817627327,1.4052794800583666
509,Inner_Race,1,1772,12000,0.29517938067923255,0.220577927913207,0.6603404373718609,1.359877439018345,5.331294061390886,-0.15100422845901482,2.237081857995508,1.254085913370132
510,Normal,1,1772,12000,0.14285786699960792,0.12560626321480708,0.36417471183039124,0.6697839309381184,3.0952418939650794,-0.03950530718671022,2.5492100608739365,1.2159220650991878
511,Inner_Race,0,1797,12000,0.19937252361183067,0.16141678269432436,0.6628034940859612,1.3517244249013547,5.271547492953136,0.005201253868775152,3.3244475320802467,1.340000062488366
512,Normal,2,1750,12000,0.11029640697132533,0.10691640116938687,0.3687916698704999,0.6594589788592624,2.2747426857364177,0.12727939226274226,3.3436417377256697,1.171447662572803
513,Outer_Race,2,1750,12000,0.13509765558207004,0.1097722532207819,0.5936368716853002,1.2693930469142594,4.411019398079791,-0.39095367283048116,4.394131557114059,1.2123447209078224
514,Outer_Race,2,1750,12000,0.21421859767783874,0.18086784794077795,0.5469754104318758,1.019932113419382,5.16453412430097,0.09687396195361524,2.553351652756437,1.2200854210465377
515,Inner_Race,3,1730,12000,0.3701692118395691,0.2801105443778636,0.6069419510835651,1.229220922148393,4.689627719231317,0.3457841338181125,1.6396337990059882,1.2618232345536955
516,Ball,3,1730,12000,0.28591945076688957,0.23737613969645247,0.8007565302342429,1.6518826837480838,5.7536305152479095,0.0800729210018062,2.8006367810460735,1.2618756710177956
517,Outer_Race,0,1797,12000,0.16986466194221148,0.14223282853024732,0.5568145162944986,1.2641758749928957,5.3382002621252695,0.15820978308790207,3.2779891351617843,1.2267851195320267
518,Normal,1,1772,12000,0.06847190671632163,0.05525886004878604,0.35425880140302074,0.7215235189037901,2.9582450018587045,0.23033254946942128,5.173783211130824,1.2948104150420856
519,Ball,0,1797,12000,0.21852319535118903,0.1982117704472205,0.786612809306288,1.5240439500386949,5.4410338570762695,-0.025678486668724635,3.599676492200844,1.2480297278381218
520,Outer_Race,0,1797,12000,0.3974494922269882,0.33043370255898047,0.6261168312695974,1.0832846303328332,4.33330500397164,0.3072037506791513,1.5753368503790024,1.2253511192455724
521,Normal,0,1797,12000,0.005,0.005,0.43056290457440827,0.7236276063421231,3.535663221605032,-0.692988907656482,86.11258091488165,1.1940013974404289
522,Outer_Race,3,1730,12000,0.05550201493287685,0.046997345145934045,0.6600984465409833,1.3586290924322182,4.921655200382787,-0.10291902808476541,11.893233918431513,1.3782753839807547
523,Outer_Race,3,1730,12000,0.2684304815635945,0.24829423211503285,0.6586188274542311,1.1077572632257988,3.766808076033986,-0.21149193544933512,2.4535917963481957,1.3581771423094375
524,Inner_Race,3,1730,12000,0.2814732644144418,0.20665339318542011,0.7106160198234912,1.4895766943989353,4.698512481335963,0.10686950350400395,2.5246306120824986,1.3850262949058938
525,Outer_Race,3,1730,12000,0.19674164905990482,0.16141532814844184,0.5917448326278819,1.2193614180381551,4.734332958776815,-0.06608592431641763,3.0077252857004604,1.2323651661040456
526,Inner_Race,2,1750,12000,0.24236015413522846,0.2033536671925589,0.6354786571121988,1.205197076189233,5.287583816804682,0.011193513957448692,2.622042634770829,1.226322959479079
527,Outer_Race,0,1797,12000,0.22197787600570318,0.17797385188837128,0.5571612588825924,1.0690256646773453,3.694809355351042,0.09572377379042302,2.509985539587186,1.2356939494494672
528,Inner_Race,1,1772,12000,0.2074834478154564,0.19373207098148576,0.6203805960677287,1.1538970255035594,4.4534732940865345,-0.28348060080741555,2.9900245180980343,1.161028747858119
529,Ball,3,1730,12000,0.4033960651691796,0.345325067531355,0.6425779270081726,1.4713767551480506,5.306554461163089,-0.06725645780666309,1.5929206615802833,1.166193863972812
530,Normal,1,1772,12000,0.15502757846886484,0.12943614292818276,0.3333247064176935,0.6340206635291235,1.6841521025451553,-0.06964894320155111,2.1500994191471374,1.1823353421554348
531,Inner_Race,2,1750,12000,0.29790673381248556,0.24464651524051734,0.5723951133823264,1.1655679878636596,5.557047537857455,0.25767981411749613,1.9213903158785757,1.2396652105415886
532,Normal,3,1730,12000,0.12167954535280032,0.07691190192331405,0.36607951977233605,0.8827097973757886,1.8703946369674842,-0.0603423636753415,3.008554303115755,1.2504946325344501
533,Normal,2,1750,12000,0.08843542964858558,0.07801618439688603,0.3698429426029226,0.7486982400766328,3.1384999086431042,0.00418767726793555,4.182067572607059,1.0785222671191235
534,Outer_Race,0,1797,12000,0.2336697468942793,0.1676281142804367,0.5421758572196816,1.1838845909488902,3.8654987323020698,-0.5393892935754887,2.320265521856288,1.2479835411916027
535,Ball,2,1750,12000,0.403367005672748,0.33178665601060664,0.6909588343330839,1.1764554832127911,5.748739767486207,0.16531877722076121,1.7129780686466443,1.3722490351383019
536,Normal,2,1750,12000,0.11914238814730274,0.10579116781272953,0.3745080538570003,0.7881856179727045,2.9863964942859567,0.21711808037529892,3.1433653436086404,1.3750435576697857
537,Outer_Race,3,1730,12000,0.11492583964649397,0.0891640089551793,0.5709645160515903,1.1773870177957257,4.778574909275867,0.2792764528640078,4.968112635137999,1.1821171977979064
538,Outer_Race,2,1750,12000,0.236700327703533,0.18205334840590787,0.5668980061305917,1.1629836739417634,2.72520835794057,0.6028110099099211,2.395003047231228,1.2155744054369126
539,Outer_Race,2,1750,12000,0.1783007707210616,0.1668257227605913,0.5558187905341608,1.1234226634288467,4.3320863042813045,0.41299795936083483,3.1173100838902057,1.2565961689873113
540,Inner_Race,2,1750,12000,0.3463025722420357,0.29612622719281406,0.6457608509195424,1.4062492249051541,6.396165776185374,0.2293526121998553,1.864730159925613,1.2427448501049285
541,Normal,2,1750,12000,0.10426567709047704,0.09369582436520321,0.32483369512861726,0.6352022828427836,1.8544063779803475,-0.2959669656599934,3.1154422451670385,1.283222634171813
542,Inner_Race,0,1797,12000,0.3915266660616096,0.33364319472724285,0.5788578762051961,1.0902921943821202,5.75611177577686,0.43165258715729804,1.478463477412567,1.2482431034350163
543,Inner_Race,2,1750,12000,0.21459788275689343,0.19045475614780807,0.5725204841154745,1.180952237556369,6.249962444991333,0.20133892056286437,2.6678757346550928,1.3004313438717934
544,Inner_Race,1,1772,12000,0.2123993024787722,0.15640087406532338,0.7046808100960243,1.5353962523412619,4.829001330360085,0.05569108147593166,3.3177171575996685,1.3131331705360785
545,Normal,2,1750,12000,0.09625160998831084,0.07567858845464208,0.30753662715846325,0.7081790495354016,2.9565710492122292,0.14309877700733808,3.1951322912501063,1.1971230985395551
546,Outer_Race,1,1772,12000,0.19108230330422996,0.15981228768760838,0.561275478295458,1.1619267775047848,4.78792998727699,-0.09566506521605048,2.9373493441819587,1.3389963038341897
547,Outer_Race,0,1797,12000,0.23023659398758553,0.18597218840211965,0.4484300915594704,0.9332843132795824,5.130938161733527,0.6320891188022376,1.9476925183476697,1.2749376207054781
548,Outer_Race,1,1772,12000,0.1423405278692531,0.11850112479908803,0.5940813453668615,1.1110465278439126,4.503788564897888,-0.4946664167223392,4.173662654339423,1.1946645279904244
549,Ball,1,1772,12000,0.21063886662950504,0.1722858721612055,0.5967336883998718,1.1378657749822003,5.34622486556536,-0.002822711740207534,2.8329704671715366,1.2207190685254983
550,Normal,3,1730,12000,0.11831777356923391,0.10385104431991117,0.41073637261761176,0.858912705028551,2.6798110424095527,0.25227797656376383,3.471468066268746,1.1863516814684085
551,Outer_Race,3,1730,12000,0.26539960865762247,0.19446422339949285,0.5214343733446125,1.0199378062898121,5.028791561404744,-0.005336604767639937,1.964714175661376,1.1827674398484818
552,Ball,3,1730,12000,0.3879253421809486,0.34615836474771955,0.6304037266374867,1.3094882880692877,5.165859027474521,-0.4122665828397996,1.6250645629215776,1.2682289607526782
553,Ball,2,1750,12000,0.39922632690645266,0.33840200848435653,0.894338729706749,1.81403806469107,6.846291514476099,0.04438030637926281,2.240179741243147,1.2485965589788808
554,Inner_Race,0,1797,12000,0.3388450192234214,0.2676443598251016,0.5995302841261193,1.3219624120800215,5.6370224678377765,0.43301284180266975,1.7693347994317485,1.2730544517802005
555,Ball,0,1797,12000,0.2754121721225274,0.22484890335964244,0.7876095708100952,1.7709955259047454,5.702480605359124,0.4937227713393396,2.859748589687233,1.1963328425765352
556,Ball,0,1797,12000,0.35458402655160776,0.32705285215718605,0.8926521681606913,1.954821317461787,5.5141209495118995,-0.054173313513980116,2.517463002611514,1.2150036718953003
557,Normal,2,1750,12000,0.14184936238177617,0.12000826955747781,0.36909033861849005,0.7412159494696456,2.5196599155528334,-0.04053362666097945,2.601987999248901,1.241592803565171
558,Normal,0,1797,12000,0.09400715553672996,0.07738262223631726,0.3136541382629266,0.663272164462986,3.4516735482950556,0.40612446148918896,3.336492168836843,1.2374176573135178
559,Ball,1,1772,12000,0.33169188549513123,0.2689314623532697,0.7656208139256067,1.5697021487473295,5.532045412988318,0.03443842306928237,2.3082289540569567,1.2223789848986104
560,Normal,0,1797,12000,0.09393758019804917,0.08665194312758277,0.46384296429154803,0.8383039869026485,2.007290837593168,-0.23928820695203745,4.937778504764815,1.256489038062741
561,Ball,2,1750,12000,0.3606202459933532,0.3085016685988941,0.7348634902178325,1.5319182479777065,5.119352613854397,-0.061030692938154725,2.037776576280682,1.2512571723890566
562,Normal,1,1772,12000,0.07096724488193511,0.05341747360386924,0.3820925453947185,0.7791848182814729,3.036083660040669,-0.4599137474506161,5.384069031147933,1.3501520285317337
563,Inner_Race,0,1797,12000,0.30305723522051964,0.19798117652915578,0.7455210898927848,1.27355075833608,5.463839690558738,-0.07214615618924067,2.4600009610405977,1.187710312056801
564,Inner_Race,2,1750,12000,0.06814578959030995,0.05872276895229545,0.5089633083396883,1.052680172287118,4.886275310046458,0.18244558061546082,7.4687418166193025,1.3097018606204616
565,Inner_Race,0,1797,12000,0.31244328875972005,0.22905171561118742,0.7468477065061018,1.4447917885516062,4.2285201274283,0.5487342058351745,2.3903464512577646,1.2542231356584927
566,Normal,1,1772,12000,0.13053390323283356,0.10078669619926586,0.3464304283606565,0.6995698527669999,3.539466759992542,0.10937942834177874,2.6539498151888394,1.23907798471657
567,Outer_Race,0,1797,12000,0.20600842890311846,0.16830200116897237,0.6707996091632114,1.3419969059851042,4.382751500786004,-0.14112679140342171,3.2561755493930526,1.2855959108676378
568,Inner_Race,1,1772,12000,0.18996997533388169,0.17285467154208778,0.6338852576757353,1.339213102876667,3.636683915154541,0.2920778272414698,3.3367654891866487,1.2601665641540898
569,Outer_Race,0,1797,12000,0.1862991983976644,0.15478810438666274,0.5454905623346828,0.905612528768817,5.107236367644565,0.06075439033704826,2.9280349407103063,1.269934314807967
570,Ball,1,1772,12000,0.1477128235503579,0.12310882474729481,0.859401298963471,1.7467388433696747,4.739481116648945,0.05627918175960064,5.818054778910146,1.2533428510192062
571,Outer_Race,3,1730,12000,0.2804830538251961,0.24020680660411112,0.3721867516259493,0.7768426112383944,4.048086324772753,-0.35543218536217475,1.3269491562863014,1.261891651150715
572,Outer_Race,1,1772,12000,0.10514857727992229,0.09066694583985146,0.6331283837881994,1.2710154816947377,4.122807003375123,-0.244844501047323,6.021273898007299,1.189007928093274
573,Normal,2,1750,12000,0.06221943283760238,0.05499377982750698,0.3430616353165216,0.6808629282062882,1.7605517620226714,-0.03667915753214665,5.513737745117984,1.212792407249167
574,Ball,3,1730,12000,0.3248772280526661,0.26813441025746393,0.6643795149648887,1.4196113964348391,4.288758777061794,0.08667018718592726,2.045017186791515,1.1563669363796634
575,Inner_Race,0,1797,12000,0.36519545112805296,0.3080016083945922,0.6264688994617941,1.1892081144635258,4.833390813351897,0.2859518119794765,1.715434563948409,1.302574770741437
576,Normal,2,1750,12000,0.1533290129500831,0.12516048089745366,0.29353541826210117,0.523914002673682,3.1271110534413666,-0.014936544740110903,1.9144153648055038,1.1974997605940898
577,Normal,0,1797,12000,0.08665914377101627,0.07537936541778409,0.34335143471511154,0.6464618584974047,2.479450836658689,-0.2992635888558091,3.9620912436241693,1.1369135118918663
578,Ball,2,1750,12000,0.33800626798139766,0.266277231824982,0.6291134361809433,1.2346848928611927,6.105655893358559,-0.1301829478495709,1.8612478399825616,1.3068842251316397
579,Inner_Race,2,1750,12000,0.26243713954953146,0.22305617826479177,0.7781421571705482,1.6003272199956382,5.354195973192179,0.3298188092300804,2.965061113324947,1.3264721389985186
580,Normal,1,1772,12000,0.07290259275985875,0.053953113291646426,0.3834093147445569,0.7846118945909372,2.7437228347002973,-0.6481791288505672,5.259199984937543,1.133505303932286
581,Ball,1,1772,12000,0.19951551962618003,0.18816483538407475,0.5947855360717262,1.1122583587678778,4.288432839619704,0.09053124398567437,2.9811492218055986,1.3228392895211103
582,Normal,1,1772,12000,0.06568714457064007,0.05692719261125171,0.37988147336583694,0.8699002434247681,2.322861358409865,0.05470484276170009,5.783193589079089,1.336136383381132
583,Ball,0,1797,12000,0.24984648795382142,0.19709621936325739,0.7601284763276044,1.643947710431946,6.045086679957325,-0.2107030680544027,3.042382074500472,1.1905630502926372
584,Inner_Race,1,1772,12000,0.22403224832823881,0.17418267834765028,0.6063250080397989,1.3816753691680435,5.169075921571713,0.19365296187530123,2.706418440042825,1.2666082010866047
585,Ball,2,1750,12000,0.5001380750294225,0.44927434755121787,0.6577002332813843,1.2866073969134038,5.382165501145999,0.036467994570649864,1.3150373189297626,1.2954190763856097
586,Inner_Race,1,1772,12000,0.36616705056314514,0.27139654164912524,0.5620045545068189,1.0805631396334743,4.759762441940694,0.6496164686864827,1.5348310385723845,1.1903793038032708
587,Inner_Race,1,1772,12000,0.3255457881694611,0.26178375801537096,0.6276675542706285,1.1095449666885275,5.4299571254262995,0.27276365120219637,1.9280469202197126,1.174481024858374
588,Outer_Race,3,1730,12000,0.21007545976597222,0.1744052205637086,0.6420760712552938,1.1331136992250663,5.004830873556106,-0.005123890543207633,3.056406835765481,1.3198627972898316
589,Ball,0,1797,12000,0.09238548226113405,0.074999604072859,0.8450824017548796,1.9166042499660612,5.695456915868553,0.4905014159605619,9.147350655876807,1.2526895923852834
590,Ball,3,1730,12000,0.23938921999842158,0.18890779551380615,0.661463212301513,1.1048521691782096,6.207900742970802,-0.16040810978450407,2.763128650094914,1.3021809141425453
591,Outer_Race,0,1797,12000,0.1374019822871127,0.11098486197468264,0.7027390648149581,1.6408989602789552,3.686523218308854,-0.08861199899407059,5.114475447279409,1.3181731310199618
592,Outer_Race,3,1730,12000,0.24006154831057488,0.18768152051440193,0.5850510864091348,1.1254118875180246,5.487835351906193,0.1367398787540096,2.43708786570116,1.2094926739771625
593,Inner_Race,2,1750,12000,0.0366466017573682,0.029903358754145508,0.8124904548066048,1.797375663412628,3.984100727743833,0.07164354182910147,22.170963086454385,1.329894719665001
594,Normal,2,1750,12000,0.10610695705689772,0.08211959775756211,0.35143463362871313,0.5562582993463353,2.103271283098883,0.009110931456577393,3.312079088652626,1.1992895196781965
595,Ball,1,1772,12000,0.10528172914623937,0.08392329650782555,0.8072368478080262,1.4270070386068425,5.626050559131295,0.016493625776500865,7.667397319118408,1.151310773375523
596,Ball,1,1772,12000,0.2645559461462437,0.23050695702484642,0.6054034750805366,1.1894111964278216,5.249351244037719,-0.034727953176275056,2.2883759896512625,1.1991324162448729
597,Inner_Race,1,1772,12000,0.29433291880657386,0.22813128247370523,0.6606625378595226,1.4788737060075403,4.542748865661482,0.18629169509925314,2.244609745108697,1.2621902764108437
598,Ball,0,1797,12000,0.13324081399755397,0.1205357389419585,0.6530959957632609,1.4134117507380728,5.158242865573869,-0.15637616297394005,4.901621178742202,1.1785157567239157
599,Outer_Race,2,1750,12000,0.28957192224345474,0.2410744033678124,0.6329760782665198,1.2367286353779041,4.59539780475461,-0.16540609811595477,2.185902809093319,1.1959396443052501
600,Normal,2,1750,12000,0.13712890862344634,0.10984710538276451,0.35086135968868604,0.7443160545710816,2.7131254316542703,-0.07447707857132756,2.558624313507412,1.251879286621219
601,Normal,0,1797,12000,0.1223454588389396,0.09545745869234691,0.34469804569452284,0.6899634217586169,3.175521857540211,-0.02496134346785914,2.817415938161603,1.1463525831004462
602,Outer_Race,3,1730,12000,0.2033621453116304,0.16467007160537403,0.4883617565654025,0.8957158740969519,4.308133210643498,0.28395746221253243,2.401438850957444,1.2520738135737028
603,Normal,1,1772,12000,0.08788389525960734,0.07853235317978756,0.41514943958147493,0.913686291179953,2.2308005015206636,-0.12381215504841393,4.723839770132303,1.1460668598636488
604,Outer_Race,0,1797,12000,0.2012661054572745,0.1737129522673789,0.6501080150881245,1.2407753987715875,4.720691977240962,0.23164001730426462,3.2300918905897538,1.326984131535677
605,Outer_Race,3,1730,12000,0.2208641820198298,0.16634090370591592,0.511542797413894,0.9769976286104671,4.862415745833708,-0.08050565715953366,2.3160966741450464,1.291884051724799
606,Normal,0,1797,12000,0.07132593179333926,0.060322351414617344,0.397518244002249,0.7899988797978682,2.5885430536848855,0.09336008830389235,5.573263944928526,1.3910890832078797
607,Inner_Race,2,1750,12000,0.2929453965278294,0.2947362151585451,0.6404312547530518,1.2686558863356319,5.408983850054826,0.5613331670494905,2.186179616897348,1.1918969404586686
608,Ball,1,1772,12000,0.33070589538964723,0.3222119819132171,0.7737789064400178,1.404612755948041,5.655006293430238,-0.32017181283526674,2.3397795963943406,1.1774234041750735
609,Ball,3,1730,12000,0.19397056707748672,0.15991992979892541,0.6458878078279043,1.2353045535787706,6.317382855223272,0.025864291223424325,3.329823784914168,1.2859554741112056
610,Outer_Race,2,1750,12000,0.08898089595203945,0.06628393036917529,0.5877923632045287,1.2677725541547173,4.291806679167789,0.39263590017975364,6.605826530689775,1.296512410082932
611,Ball,3,1730,12000,0.2585789449408109,0.19528538629181688,0.8056018138666627,1.8815649645779464,4.531000671485091,-0.08654051715867457,3.1154965616054553,1.1756528955303591
612,Inner_Race,3,1730,12000,0.2953347125576869,0.26381905276603373,0.6561018475198334,1.369968273834188,5.968496312370184,0.6371066385252866,2.2215534429996233,1.2538849879083227
613,Ball,1,1772,12000,0.23208599356306905,0.17749964483350852,0.8044097025970407,1.4322642742384777,5.361084279104839,0.025672442738616488,3.4659984872307406,1.2822487163117604
614,Normal,0,1797,12000,0.16411283295731896,0.13337516967627827,0.3317129636480496,0.7173137238644007,2.8317710042800375,0.3598339428028441,2.021249390864629,1.2397910878335496
615,Normal,2,1750,12000,0.09378941980072417,0.06686965289628381,0.2819711428599069,0.48112403649002744,2.9086365414563318,-0.3405623699668649,3.0064280540280057,1.176161887753956
616,Normal,3,1730,12000,0.09389532702245829,0.07224012526366344,0.37613486742734864,0.7038537859428291,2.158042097761566,0.2970874801513372,4.005895494004543,1.2282223187812007
617,Outer_Race,3,1730,12000,0.20355494002262095,0.17474906198270931,0.5806216583685045,1.1968250336317614,4.150733653693499,0.5175996522276556,2.8524076021145954,1.2873074552809658
618,Inner_Race,0,1797,12000,0.2348904920556419,0.20398496980359934,0.7072694329240387,1.5443201763301433,4.53765696105972,0.4189088503197155,3.011060289134639,1.1443512156035343
619,Outer_Race,2,1750,12000,0.20189149145307,0.165971434570985,0.5435681136833812,1.057006355348875,5.54128253941287,-0.25105863153255104,2.6923775230504674,1.3117932558349505
620,Normal,1,1772,12000,0.11561371064720907,0.10951187507697661,0.33108157721131415,0.6688526517168127,2.3366276809255075,0.03582529216192399,2.8636878390798928,1.3716741269155612
621,Inner_Race,3,1730,12000,0.30479636453240067,0.2558486423967034,0.6455107363276583,1.250703974637976,4.5078853069475455,0.3319282280081903,2.1178426367321017,1.3277454712470218
622,Ball,1,1772,12000,0.4667006255328512,0.4242921414165051,0.5899569457532555,1.1292495160265652,5.7317979073054355,-0.017570480503587546,1.2641014677871443,1.3440430784823019
623,Inner_Race,2,1750,12000,0.2808252761178793,0.23010794657644829,0.799317381871095,1.5662491471676634,5.642401861929625,-0.1667721007824939,2.84631566260999,1.3177320394336984
624,Normal,1,1772,12000,0.12709326951518438,0.09691579069644018,0.3510112510723243,0.6244305286797031,2.6003290955319867,0.20923069640603148,2.761839807971794,1.2777892650468528
625,Outer_Race,1,1772,12000,0.2025675705839338,0.15237381333344135,0.5348742544117051,1.220207431300726,4.640108690444423,-0.25057694166264954,2.640473264648648,1.2699878272375842
626,Ball,3,1730,12000,0.18872562770738094,0.17015887298886256,0.7076895185329973,1.6294670255461343,5.447558688827169,-0.008994674047873984,3.749832638682595,1.2111878394402735
627,Ball,3,1730,12000,0.039467117600253926,0.03284833829546135,0.7157675674315338,1.6017204858902654,6.03057366678999,-0.28342292138670017,18.135795339331512,1.1769059814945888
628,Ball,1,1772,12000,0.19859920963335598,0.16520002488970303,0.7024807276706461,1.577880212668461,5.687342115670165,0.05141473022150145,3.537177861722266,1.1961352153784373
629,Ball,1,1772,12000,0.3783584456283441,0.3280429417431288,0.8426416440512119,1.7673474719620612,5.592208305599686,0.30979301552200733,2.227098810102752,1.2557069457220231
630,Normal,2,1750,12000,0.1430394229324229,0.1312122722827601,0.34965661610922044,0.6739392626581718,3.5047454251146744,0.20010458947880352,2.4444772562764823,1.2305825606065195
631,Ball,2,1750,12000,0.251031456082905,0.21084177049592864,0.7181243890657024,1.3599163862371844,5.5709732807229795,0.06635601140990187,2.860694831919935,1.2739109951640002
632,Outer_Race,2,1750,12000,0.3102182674617692,0.2724317782471076,0.5607731123891059,1.1893613251485045,4.642878768603022,-0.3089364946414879,1.8076727620761877,1.2093226560592991
633,Ball,2,1750,12000,0.29315184768612534,0.2860027184347793,0.8459082025872675,1.7880672453380768,5.637043775708499,0.04093056376450454,2.885563264445028,1.3160450221729545
634,Normal,0,1797,12000,0.07818602227296087,0.06388869003309955,0.26156735031522266,0.5003544112026668,2.563812831781566,-0.05385663837136449,3.345449003685671,1.2927729173246112
635,Inner_Race,3,1730,12000,0.22267889484948797,0.20562918012564863,0.701647331956267,1.3403932966799565,4.96240871640092,0.14292166608693327,3.15093773224679,1.2999137930378597
636,Outer_Race,3,1730,12000,0.2907366814228699,0.23108127575680903,0.5038091314626513,1.0041407430410425,4.664905364221018,-0.4931760560484588,1.73287088852016,1.252551846285667
637,Inner_Race,2,1750,12000,0.31943839474786084,0.27058788312769533,0.8239240189852077,1.81277910242756,5.79691371361297,0.8500214839785817,2.579289254303784,1.2043458814324761
638,Normal,2,1750,12000,0.12434350733578331,0.09778943084184505,0.3545228254187887,0.6723041733774212,2.9188915066595853,-0.16297727200495504,2.851156711073123,1.2944600759035658
639,Normal,3,1730,12000,0.11033683232763762,0.08956452385960267,0.2690441122998966,0.47543078143237216,2.0690034296961954,-0.2207429765284936,2.438388946140747,1.2246243548746116
640,Normal,3,1730,12000,0.12663198429248,0.10955795443692035,0.3950199241596716,0.8284924271048177,2.8153236200003193,0.2748379355719139,3.1194324748738045,1.195062225162988
641,Outer_Race,1,1772,12000,0.2463266757287794,0.22077380861127946,0.41673313832176356,0.814098975823295,4.431815243891547,0.28817071937039257,1.6917905342116175,1.1589422011665858
642,Normal,3,1730,12000,0.1352791793537319,0.10142059846464935,0.3020689596864454,0.5928146492334612,2.5249864403270785,-0.3896043199292191,2.2329301606464274,1.2106609071536167
643,Outer_Race,1,1772,12000,0.26755816973086216,0.23631874559669186,0.5498315090474606,1.0961808062700418,4.583265059303546,0.4219988603671161,2.0549980200587346,1.4563880052715201
644,Ball,3,1730,12000,0.2804986758512618,0.21173885339179419,0.6976811211317754,1.3812885588136552,5.138272640164142,0.01611723152566812,2.4872884658526164,1.211936158856292
645,Outer_Race,3,1730,12000,0.20346134884782985,0.16130584934337974,0.5684627618008905,1.1362491578174834,3.6428242390660674,0.11538847949031966,2.7939594670929258,1.2788378726412155
646,Ball,3,1730,12000,0.33319481280782276,0.29661134989401605,0.6326492722230319,1.2277053463243708,4.816647831898425,-0.17629780223233152,1.8987368587515374,1.1763540364885081
647,Outer_Race,0,1797,12000,0.32412434045457467,0.2434536823568052,0.548103874285117,1.0895256456838205,4.922083102995379,-0.4399525658841231,1.6910296632348492,1.3589172207854758
648,Ball,2,1750,12000,0.10458652879738684,0.08295721422683276,0.7340047322594838,1.5168255907541897,5.422055047450892,-0.09143917976188265,7.018157507468815,1.1993530674365749
649,Ball,2,1750,12000,0.3056685333729182,0.23878184005180478,0.7232592582733454,1.4908594034458333,6.44503048279826,0.19658091707289482,2.366155424284262,1.1784361167545978
650,Outer_Race,3,1730,12000,0.1833071965621498,0.14772309038440073,0.5700073437939838,1.0480816269999247,5.29626349460625,0.220837909439698,3.109574280138665,1.2694013951805978
651,Ball,0,1797,12000,0.33775395841124684,0.2814753503750884,0.7821931375524708,1.3961450260193977,5.419886409741411,-0.014509631976448837,2.315866677719519,1.2122010205205587
652,Normal,2,1750,12000,0.037501731897940094,0.028317483387913532,0.34743598460014186,0.6984232778063906,3.6260614674437415,0.14568661016452475,9.26453171671322,1.2449250456702117
653,Ball,2,1750,12000,0.27708478508967066,0.24556666868241445,0.6690144569335973,1.3230126127356963,4.900908033923934,0.354726512173826,2.4144756151698825,1.2259409735526923
654,Ball,2,1750,12000,0.26969904907135234,0.22940035981022228,0.6983378859407954,1.3369571984313124,5.140149472708618,0.0847404748102787,2.5893227593696153,1.2727863295915558
655,Ball,2,1750,12000,0.23916180387135288,0.17694058280915478,0.7267081458119474,1.4323448437547537,5.323093408246919,0.04969266937217961,3.0385627389014416,1.2049352840538692
656,Ball,1,1772,12000,0.3297455650809787,0.26562976594478654,0.6710113437746766,1.2299460095859658,5.1737639209640545,0.004912523784142392,2.034936674917493,1.301153965250477
657,Outer_Race,1,1772,12000,0.226723999738221,0.17278014780993203,0.4643949645251112,0.989674421279129,4.339071972548785,-0.20925841330597278,2.048283221279215,1.3223208437401592
658,Ball,0,1797,12000,0.40374169403211707,0.3213039256985748,0.701375324429153,1.5230092295576352,4.504254862602928,0.49171716072816674,1.737188243861085,1.1138784653091531
659,Outer_Race,1,1772,12000,0.030556372940594184,0.024877465109745676,0.5299612865818784,1.037471567026279,4.369888211711242,0.20293977461983959,17.34372360267354,1.2570754432851174
660,Ball,3,1730,12000,0.26450333548343885,0.2250624639602711,0.6177264772810797,1.0727454125671412,6.596008540459426,-0.16060666992710906,2.335420368714998,1.2586439251292305
661,Inner_Race,1,1772,12000,0.2181763675339542,0.18607940843984241,0.7882776140011014,1.6496990464080994,4.164899168853005,-0.19603085675213247,3.6130293253618495,1.2754428382706486
662,Ball,0,1797,12000,0.125024385740806,0.10866625202288788,0.6261419037990402,1.4018867968869608,6.501347928463146,-0.062063383158044334,5.008158209208281,1.2231534549130103
663,Normal,2,1750,12000,0.06920131944789497,0.059334635429320125,0.32907591821575644,0.6009065625485863,2.540865756460859,-0.11643700210134074,4.755341673268725,1.2706583251209032
664,Inner_Race,2,1750,12000,0.1871753925891414,0.17296903859112783,0.5466453486396224,1.234581488460799,4.440919157951319,0.14974669186584608,2.92049794087802,1.2814070374777486
665,Normal,2,1750,12000,0.09140678321155364,0.07934853146418766,0.41299272548361,0.9046539377920522,2.477329017211984,0.04606380560113834,4.518184657343991,1.3008690448248819
666,Normal,3,1730,12000,0.07134247735678328,0.05662777760783541,0.36048343650262754,0.6106984412060483,2.674505463580579,0.37900628113738116,5.052858407199012,1.183605021261737
667,Ball,2,1750,12000,0.2273334331126001,0.1673600603069776,0.759729338478561,1.2377597599168542,6.110584763735472,-0.05339686447081012,3.341916444389686,1.1451447981976546
668,Inner_Race,3,1730,12000,0.32345169801662665,0.26327980713764015,0.6241780585451777,1.111551919550049,5.327661348691444,0.31903434619421445,1.9297411711627266,1.1475718768904353
669,Ball,0,1797,12000,0.37072452365745334,0.29078381562334166,0.6332662727754467,1.1278734304417974,6.310273390101709,-0.1945435710694665,1.708185545773551,1.1638609154789856
670,Inner_Race,2,1750,12000,0.23995094270884307,0.20431926489294583,0.6757324247643289,1.3182871104999045,5.363370102151238,0.14613230929079946,2.8161274014424853,1.2735098379493597
671,Ball,0,1797,12000,0.34264043079833806,0.2780053133230488,0.6510238751169654,1.36452799851542,5.464807889404289,0.12222750293945113,1.9000205947678346,1.2790249030668701
672,Inner_Race,3,1730,12000,0.38880591700114203,0.35490075200931814,0.718935226978433,1.3932607318585917,4.8348251147614105,0.4955818614741162,1.8490850975817874,1.272512660116705
673,Outer_Race,3,1730,12000,0.17572107745568916,0.16383074918082952,0.5766816333596745,1.3165342118268664,3.8308844491204983,0.12954622069612545,3.2818011459387613,1.1327038394069235
674,Inner_Race,1,1772,12000,0.2288796406185763,0.17164482695333777,0.7344227582459493,1.3783495819869964,4.947855292335507,-0.15862556994815288,3.208772769220882,1.15972177179393
675,Ball,0,1797,12000,0.3839396779653115,0.3141029376250651,0.6202815319652895,1.39299422832426,5.298737550124069,-0.27630121020437964,1.6155702772176914,1.3707732080455959
676,Normal,3,1730,12000,0.06363404693675151,0.049801961867467416,0.38126516681530404,0.7396300126481266,2.895631360162541,-0.18083366488305797,5.991527887488582,1.2459401621443675
677,Outer_Race,3,1730,12000,0.3544630575460215,0.2832481807439595,0.6067562888583282,1.0615296192133896,5.436058367329278,-0.11930165723621632,1.7117617081423229,1.1876183481035427
678,Inner_Race,0,1797,12000,0.2989263492016645,0.2571546040534728,0.6147096535180081,1.3368121753242164,4.582558324803795,0.3444835550068857,2.0563916669095867,1.2748731118823526
679,Inner_Race,3,1730,12000,0.2779646358905648,0.22022593842925967,0.6538981260271145,1.1953578204399267,5.136156341578837,0.1610469587398965,2.3524507854465178,1.2846966737104903
680,Outer_Race,0,1797,12000,0.22938031333175368,0.17960904649190676,0.5710384031292149,1.050203402323691,5.890153171428554,0.26477966505204625,2.489483054735041,1.2331615425716091
681,Ball,2,1750,12000,0.38549016347290255,0.2703229924003215,0.49901647065114185,0.966152490678766,4.74178972101884,-0.05915138111208231,1.2944985837134582,1.237277285498995
682,Outer_Race,1,1772,12000,0.14032152110073504,0.11842825444823343,0.5810015226433953,1.194307595399411,4.31412542708552,0.34578378496553,4.1405018851406385,1.2565029460848605
683,Ball,2,1750,12000,0.4396764001153392,0.33968373381799755,0.7841802821721597,1.5608740289966812,5.31974167083328,0.15807883511688664,1.7835396258849638,1.2689822923719447
684,Ball,3,1730,12000,0.005,0.005,0.8262943307608057,1.9021085213782551,5.490359463444802,-0.3231587004994728,165.25886615216115,1.2767859374948423
685,Outer_Race,3,1730,12000,0.2207997160752919,0.16771454194179225,0.694740800718981,1.6384214452485466,4.863054385401598,-0.0027159366745489757,3.146475063772623,1.3365386723044137
686,Inner_Race,2,1750,12000,0.2561045448679237,0.20556234779288002,0.687531578916614,1.310631930262732,5.080781345217,-0.210616712711415,2.68457390817169,1.1855596638658503
687,Normal,3,1730,12000,0.09738972397160818,0.0866308914140312,0.34155228053065195,0.6756614696784594,2.0332254144394235,0.1899392432545358,3.507066932751796,1.3072469556778872
688,Inner_Race,1,1772,12000,0.25008377488660294,0.20688766749488927,0.5169244386630149,1.0147594065328258,5.437376620254042,0.05541549136902435,2.067005102179888,1.2642053543484297
689,Inner_Race,1,1772,12000,0.26299248406741815,0.21366623811229837,0.5696197908137669,1.1359270262099286,5.546740243503243,-0.11279398681677263,2.1659166148175735,1.2738517199505928
690,Normal,1,1772,12000,0.12353454876225864,0.10061376422067957,0.3142916153885537,0.6332229594993144,2.038019881807501,-0.2583738828651016,2.544159658472592,1.3484455263069721
691,Ball,3,1730,12000,0.18398986861983405,0.16585587409343716,0.6566585761771837,1.3623012683893039,5.040034219024243,0.1898834364408048,3.568993125018168,1.3175981893263744
692,Ball,2,1750,12000,0.28475661788820544,0.2732719051505056,0.7744687448814862,1.4754677893129264,5.876776930007782,0.534543617621302,2.719756789587732,1.3608875753980134
693,Ball,3,1730,12000,0.2041766161688146,0.16452268873852371,0.6839635771749354,1.3315122004748912,4.7826722539237165,0.35098901338750305,3.349862437770198,1.3457217679092421
694,Ball,0,1797,12000,0.37412475325846284,0.3061047235380295,0.6353803439796007,1.1336531675649937,5.37350044218472,-0.1892573914626166,1.6983114280616722,1.2373033441951542
695,Inner_Race,3,1730,12000,0.13788390818206564,0.11979107740291887,0.6590128628068282,1.3380424657268009,5.792592228032009,0.04055112540703351,4.779476238348639,1.2970718190258477
696,Normal,3,1730,12000,0.09518683576191855,0.07753368569473706,0.3151106950627255,0.5282220620847474,2.391489049516529,0.08995641657172246,3.310444060257248,1.2415414830190188
697,Inner_Race,1,1772,12000,0.34596435758606614,0.32428249197761194,0.7092280341737606,1.5753396519346938,5.421725860744716,0.5774748139818459,2.0500031827623304,1.1441200613218456
698,Normal,1,1772,12000,0.11765950366061464,0.09503194207258357,0.3482638341995158,0.6777026245027477,3.041688385992281,-0.18008700933983712,2.9599294860538636,1.2620593691275594
699,Normal,3,1730,12000,0.0411207528705425,0.03797030257804502,0.3407400675313746,0.7063176565001954,3.5017826820912714,0.07507335936029495,8.286328526233504,1.165808585578651
700,Inner_Race,3,1730,12000,0.4417901271678162,0.39108437744775615,0.666317794413958,1.4845645036727002,4.357250812705845,0.07784628030762654,1.5082224645569182,1.165813658107357
701,Inner_Race,0,1797,12000,0.10063518552840281,0.08590495846311921,0.691509740467922,1.600897694297992,4.12937451915277,0.5524077642579083,6.871450942699892,1.2859732196431675
702,Inner_Race,0,1797,12000,0.15223964904321655,0.1148996594717428,0.681474743101406,1.2416653092637528,5.407156383509103,-0.015741511742438374,4.476328915524197,1.3307097985721
703,Normal,3,1730,12000,0.08680477134100265,0.0729335799469788,0.33835116299889717,0.6785543313296715,3.0829141040098462,0.27060536290423715,3.897840611430485,1.2696861864905766
704,Outer_Race,1,1772,12000,0.22532661352457614,0.19113081573376686,0.4783335187043522,0.8885057893295157,4.204447207220382,-0.05195554718009413,2.1228451944589355,1.2994461279659313
705,Outer_Race,2,1750,12000,0.269492850756783,0.19502982228223859,0.47005157867526803,0.9149919632780605,4.503390957723078,-0.3636609682145259,1.7442079719565144,1.2891082468409074
706,Normal,2,1750,12000,0.09016755132444637,0.07475907897242924,0.32221368685421037,0.7206160269552448,2.9685125518534647,-0.20177838016033048,3.5734993589301487,1.2441208141960325
707,Inner_Race,3,1730,12000,0.2599212254884484,0.2320793185572436,0.6031701705445246,1.2803940711961743,5.023019961680363,0.5228916291121916,2.3205883606120925,1.1742110496223856
708,Normal,1,1772,12000,0.09344293447459849,0.07946353083852807,0.342421098860659,0.7769018146257141,2.7431585429973566,-0.1014106581282093,3.664494279701187,1.2794016141505462
709,Normal,1,1772,12000,0.06967411037003232,0.059459436230519885,0.3155595294891409,0.6865640423014319,1.9888857202991348,0.03181036224331258,4.529078703886356,1.1820205916240405
710,Ball,0,1797,12000,0.46164389894129676,0.3667681781360701,0.7321906410188088,1.5313268459960998,5.899370980863554,0.06847098456492054,1.5860507258905963,1.190624475173903
711,Inner_Race,2,1750,12000,0.291525657033745,0.2698515606460457,0.6907415483426587,1.5986119576346018,5.495593362130711,-0.30143753144206564,2.369402252175366,1.105651517999408
712,Inner_Race,3,1730,12000,0.3696435212161388,0.3037019287568442,0.7327650400930013,1.384811155910201,5.344159498699273,0.08670236365139863,1.982355967398485,1.1585335926186842
713,Inner_Race,2,1750,12000,0.28509345339336073,0.2497864989697618,0.48120200402510055,0.9558155688495475,5.2258033992820625,0.20590372660992678,1.6878746189978517,1.192682242926882
714,Normal,2,1750,12000,0.10121967762586577,0.09017393919103772,0.254295061855295,0.5325691512735614,2.516363345703546,-0.22807953113840534,2.5123085532364136,1.2293140724547091
715,Ball,0,1797,12000,0.39047061671277905,0.3445312136684533,0.7083262341296672,1.515902116088755,5.977437344145215,-0.021842817623291714,1.814032103344399,1.2948725490525872
716,Inner_Race,0,1797,12000,0.31702826790945093,0.25916147580479554,0.5683977868610142,0.9835680046231867,5.457507298653009,0.013305394433944046,1.7928930773559881,1.229686334587736
717,Ball,0,1797,12000,0.3915736216362211,0.2903379518707124,0.7161001303236901,1.4126428045909285,5.708858581595378,0.30978999960510867,1.8287752053660038,1.3390072831194677
718,Inner_Race,2,1750,12000,0.3325219019994961,0.2689494922918273,0.6392791345543364,1.321359221182191,5.189649392839383,0.29558815184178067,1.9225173761796452,1.2158775796040207
719,Ball,2,1750,12000,0.19162249249459143,0.1685158839170116,0.8208100652132365,1.6660583243632732,4.678214581397683,-0.028686426500022642,4.2834745260210205,1.237966600866768
720,Outer_Race,3,1730,12000,0.19479033554960906,0.1432561829957269,0.6222675388590565,1.2610580545764618,3.6948192593521654,0.08786621539549515,3.1945503718308337,1.2535418164278025
721,Ball,0,1797,12000,0.32647728544789645,0.26004178729903826,0.6507521797758027,1.2212437482018643,5.204006380898377,0.004706274145261761,1.9932540754957309,1.2408205051098167
722,Inner_Race,1,1772,12000,0.21613443608027846,0.17267321675580044,0.8456025332695408,1.586928724049252,4.6931153952995945,0.9734635270920371,3.9123915124541284,1.2242291618794312
723,Ball,2,1750,12000,0.15580174006866743,0.13563495481910276,0.6413726399730209,1.3760328286114514,5.383970746346125,-0.10994896237235184,4.116594844770956,1.156916522969022
724,Inner_Race,1,1772,12000,0.3278391549959366,0.27738312911016333,0.6153333271441384,1.2908565342053582,5.665068465976454,0.18368451087938834,1.8769366555735698,1.1467025881350723
725,Normal,0,1797,12000,0.12126218008004772,0.10097731563309309,0.3605624343027483,0.7290420771330625,2.0118186679227548,-0.022518048952151277,2.973412106435275,1.23632705816363
726,Ball,2,1750,12000,0.3103909316834226,0.254917383087396,0.7868469793909336,1.6571768346279951,5.591934308171663,-0.3418032228254996,2.535019225991639,1.1472772289292623
727,Normal,3,1730,12000,0.09645272503572143,0.0786231313966493,0.3356141243546257,0.6450013926652469,3.5492319264002883,0.34651108009651993,3.4795712016465106,1.2228291398278963
728,Ball,1,1772,12000,0.3357206186512378,0.2767774173964675,0.7035647398568843,1.4451901844671562,5.257363239180005,0.06306606600085812,2.095685223872949,1.237365206608718
729,Inner_Race,1,1772,12000,0.29823488170063395,0.2334737087583661,0.7053906355243702,1.3084926886494768,4.685088341608319,0.01776873521356398,2.3652184194618666,1.320798202708057
730,Outer_Race,1,1772,12000,0.1521663266667142,0.11839529596407401,0.6673763766498703,1.2738258067169914,4.496521523174047,-0.25300725022913395,4.385834837898182,1.2000220108446569
731,Normal,0,1797,12000,0.12116840610477664,0.1047303068499343,0.37257625278414563,0.7495393144049877,2.4115928331841086,-0.20374232666650524,3.0748630337018037,1.1742654268040171
732,Outer_Race,3,1730,12000,0.1714687040959703,0.14101413145943995,0.559111989528243,1.0172965978926134,4.697708257141716,-0.10387316605979895,3.260723246705769,1.3125107297496528
733,Inner_Race,0,1797,12000,0.13166939566865904,0.09561460073930353,0.6210287620398182,1.2336020962174281,4.518584554410726,0.3126848569143069,4.716576383494712,1.2541101290988708
734,Inner_Race,1,1772,12000,0.2353671367849834,0.18188535471698655,0.6589011705488119,1.1846859068590603,5.296691186350157,-0.08428730162828343,2.7994612142932365,1.1951296539174179
735,Normal,0,1797,12000,0.09153860634395214,0.08089742743864568,0.30284982607929073,0.5728576624005757,2.909514220766714,0.2926242733566888,3.3084382445298144,1.1538492297429077
736,Ball,3,1730,12000,0.445397106770808,0.3574846824064836,0.8149335225721608,1.507016664543906,5.73111027877479,-0.5854232602141114,1.8296785277312284,1.3242641376946445
737,Normal,2,1750,12000,0.11166691995201913,0.08277351410561994,0.3679318836531457,0.7892261423212009,2.4242738940049473,-0.2422382389185495,3.294904917331275,1.2803563932604065
738,Inner_Race,2,1750,12000,0.2419029153587266,0.19984215178162906,0.626131210398449,1.4200013932288982,4.604327899172164,0.49785829481382804,2.588357438644079,1.3186515886567347
739,Ball,1,1772,12000,0.2865499812947394,0.2553121146230356,0.8177492579546867,1.580512022470339,5.80528834603924,0.10529477091605652,2.8537752969300203,1.284682521264192
740,Outer_Race,1,1772,12000,0.17778700492804428,0.1523558177116667,0.7096294551748451,1.4728161401023312,4.911496008488869,0.16803874455017687,3.9914585178036686,1.3485068479884685
741,Inner_Race,2,1750,12000,0.2868179738565031,0.21769324329306938,0.6039888186255716,1.4169038232283127,4.8607061146876545,-0.03504352607355682,2.1058262510694368,1.1818887791477626
742,Inner_Race,0,1797,12000,0.21420646846482583,0.19170260737111622,0.6533358700940208,1.1434321619138028,5.299194287877441,0.0508835294883728,3.0500286698919323,1.1606393858209063
743,Ball,1,1772,12000,0.22544317471292802,0.19908290651604868,0.8734203099963976,1.6279236448998615,5.393732838582994,0.09715631853611263,3.8742370937092354,1.3059839913963711
744,Normal,1,1772,12000,0.0943769928123502,0.07600140967955872,0.35205541249374067,0.708125085601763,2.790134422991822,-0.14970658636419606,3.7303097079362613,1.285688906355949
745,Ball,2,1750,12000,0.2693271170057653,0.22012496915604662,0.6820834170286123,1.3995194513348337,4.501881038228642,-0.18261656472723792,2.5325463867569318,1.267743838849561
746,Ball,2,1750,12000,0.4266278213328002,0.3503176328073709,0.735272900198718,1.4136967693397011,5.491321593794871,-0.3038133660756835,1.7234527694459771,1.2607044546944028
747,Inner_Race,0,1797,12000,0.17503932571233954,0.14061885489856416,0.4503265078284052,0.8193778563483929,5.805159522482883,0.3575994372768856,2.572716193893902,1.1726607191855787
748,Inner_Race,2,1750,12000,0.30383899393315816,0.24089202508022398,0.5690944261912815,1.2426058064987777,5.035512385913065,0.7735057040954767,1.873013133779916,1.2732429206652451
749,Outer_Race,0,1797,12000,0.3581027098346336,0.29027536815672106,0.6729889823692055,1.5286747400399006,4.037377539500608,-0.12124951957271714,1.8793183181439246,1.3180773247147304
750,Inner_Race,0,1797,12000,0.303365348041996,0.24518057135590524,0.6540845732088306,1.3663815363698288,3.978437241456797,0.4716915009892637,2.156095208073281,1.2722059841822062
751,Normal,1,1772,12000,0.11331003265594644,0.09713420630285319,0.4075734555520813,0.8083089770435393,1.5319993975263881,0.014281903363390214,3.5969758899428936,1.2375804557502088
752,Normal,3,1730,12000,0.10368726636082347,0.08277757753971729,0.29360433413013454,0.6187528083366921,2.3899511670062124,-0.10159480368426728,2.831633472797081,1.2795956950812089
753,Inner_Race,3,1730,12000,0.3488382877971317,0.28519100856467233,0.6561697860025741,1.2660784310245532,5.254576752240198,0.48732951211266795,1.8810142377036672,1.2107791805157706
754,Normal,3,1730,12000,0.11515575514710864,0.08489114618802478,0.3132030090686362,0.616133591177851,2.3007747766287263,-0.2661342561889995,2.7198207216697683,1.3790954525284331
755,Inner_Race,0,1797,12000,0.1422776629492687,0.1144778122112725,0.644584743388127,1.207379028411436,5.043408866975774,0.041541589772905924,4.530470419787283,1.1853636837533228
756,Outer_Race,2,1750,12000,0.26874316169812007,0.22364613113123719,0.4824158556686137,0.9578341207097707,3.9204067453692235,-0.027030209554230307,1.7950814175897536,1.298372882344579
757,Ball,0,1797,12000,0.31437667301363276,0.23246857843409624,0.7212702377041433,1.5085990871364323,5.9991775631199475,-0.19104193947105572,2.294286757315693,1.2488915480420464
758,Ball,0,1797,12000,0.41924136515884913,0.30651582921507253,0.6412807401058613,1.5703131254822702,5.349796493824214,-0.47274845247581865,1.5296218202678598,1.2875017154446649
759,Outer_Race,0,1797,12000,0.026178874497494647,0.021845099073659807,0.6363610193153639,1.1798986147954935,4.341101842761671,0.23091353884222812,24.308188626530317,1.3698791868935967
760,Ball,3,1730,12000,0.25946963364559245,0.2010526169100059,0.6946099000582819,1.24876964282671,5.617872417256829,-0.037308271294997176,2.6770373484515115,1.2165929362042776
761,Outer_Race,1,1772,12000,0.23402796503362047,0.19480520675110255,0.47933700812470403,0.9964527939442814,4.418023479007556,-0.04164957691240445,2.048203974494426,1.187746388630586
762,Outer_Race,1,1772,12000,0.31458290299213004,0.28522241443217944,0.6323937968405603,1.1655654308359882,3.397538714905187,0.26970872856498523,2.0102611770239176,1.2430769896633544
763,Outer_Race,2,1750,12000,0.16783617704249765,0.14944363821266649,0.5200355018909044,1.0047788769668016,4.888689700374346,-0.27840070790371935,3.0984708485061994,1.2568802194848163
764,Ball,2,1750,12000,0.2989999669259017,0.26755879888640616,0.8179432437317182,1.6368992104007005,4.214792243003436,-0.27644307380382666,2.735596435481952,1.2040455480167085
765,Outer_Race,1,1772,12000,0.1114824005800299,0.08923034003398186,0.6035582507127566,1.3490319443747205,4.283739166950072,-0.16087192727078234,5.4139330295411074,1.2532864785001694
766,Normal,0,1797,12000,0.09614382931509766,0.08489078066084077,0.3164359590128042,0.6389556364559558,2.9448669906358607,-0.10005820247646416,3.2912768429030486,1.1996328200394701
767,Inner_Race,3,1730,12000,0.26191668329938794,0.22716839147492512,0.6651401204278089,1.3703381259769924,4.6521845337328545,-0.007692926297805852,2.539510320797359,1.1778897941169582
768,Inner_Race,2,1750,12000,0.16816278670220786,0.1397183549459581,0.4648454678242368,0.8870039782247977,5.528565222140948,0.11871360282221011,2.7642588288419088,1.242673651610747
769,Outer_Race,2,1750,12000,0.008853312743585195,0.007051351812370129,0.603543746778374,1.252019140714501,5.1292956412339,-0.05256443794335706,68.1715154833631,1.2604399602943255
770,Outer_Race,3,1730,12000,0.20568349225787613,0.1530913537766928,0.45138823966154296,0.8244025264284882,5.429776699292184,-0.06764030037831914,2.1945768943655137,1.2364071033248782
771,Normal,3,1730,12000,0.0871625937200486,0.062109182587829576,0.3893167512470477,0.6433258028343422,2.394864027764588,-0.013653720212515277,4.466557666898564,1.235758522934175
772,Ball,0,1797,12000,0.11458346652505233,0.08845091976379721,0.6553073098696611,1.2295564087652726,6.033532224614182,-0.3034006945347856,5.7190389655944465,1.2314676874469097
773,Outer_Race,2,1750,12000,0.2310807926052541,0.202802813170142,0.5707340217271095,1.2137121008336624,4.505278924048246,0.10859813164620008,2.469846218253506,1.3515662202256273
774,Ball,1,1772,12000,0.31397921682092683,0.26558591020637173,0.7610834015843226,1.4582440153395726,6.3193472387157055,-0.11496945393425549,2.4239929295014284,1.224237212115911
775,Inner_Race,2,1750,12000,0.29757089800032627,0.27469495952621353,0.625271689656393,1.1851956941688706,4.176020038571572,0.5380917516656183,2.1012528236403933,1.2242053261545773
776,Inner_Race,1,1772,12000,0.4993363393059136,0.4191941973013254,0.5484189304021975,1.0796479041548566,4.463869675133241,0.051032901354306895,1.098295652113983,1.2756787500614875
777,Ball,1,1772,12000,0.2271678048039656,0.16728706424645046,0.8575921411492864,1.7561906397878846,5.375990380914869,0.18940945737893575,3.7751482517047052,1.221235789240692
778,Inner_Race,0,1797,12000,0.3047998458213461,0.25238527092836943,0.7022772736453442,1.489177531836163,5.089495304268041,0.09490137662597109,2.3040604622122203,1.1611490057239813
779,Inner_Race,2,1750,12000,0.2117678768181253,0.17862171801081606,0.6822848560376472,1.2980269774387645,4.555697688078679,0.06153699478253724,3.2218524654880523,1.2815397737322944
780,Outer_Race,3,1730,12000,0.17439534422365072,0.1457898652061291,0.6681096734567424,1.3954824211391015,3.170256025896369,0.1603259286893319,3.831006363334649,1.285885977746884
781,Normal,1,1772,12000,0.11132700186719408,0.09119372336938705,0.3419071197043532,0.6782214196841603,2.6876666304516212,0.33610124302256095,3.071196690558741,1.251229970765586
782,Outer_Race,3,1730,12000,0.285793410609196,0.24578883002407736,0.4556513301189744,0.9927098850434399,4.348154288225426,0.1789318202686931,1.5943381239886183,1.313890061188714
783,Ball,3,1730,12000,0.17334333610270702,0.16269716462890785,0.637316663025187,1.3915025834378094,5.565131176790087,-0.10503001459004288,3.6766147309382164,1.252808099468952
784,Normal,0,1797,12000,0.09965614050976924,0.07524393196657833,0.3333913606388126,0.7161406221784758,2.8398048721067117,-0.3705426247201304,3.3454171407142783,1.1989551943648318
785,Outer_Race,0,1797,12000,0.21950301666636002,0.17285179554594063,0.6319686707520615,1.247030224303321,3.9588862630518573,0.4619524278624011,2.8790887722178353,1.2510813999126482
786,Outer_Race,1,1772,12000,0.1916426379788587,0.17071486796472374,0.5434684558333139,0.9525932607607216,4.226727285957211,0.3316936501136981,2.8358431169856226,1.2000691914893917
787,Ball,2,1750,12000,0.2570485912606125,0.23195944280970687,0.7846222085702106,1.5357769074962113,5.4087495796944065,0.08232943298635854,3.052427576911751,1.3042494028676197
788,Outer_Race,1,1772,12000,0.24159593552293032,0.1736548159320691,0.5668233055492743,1.1061619216975673,5.165437410978177,-0.4611242484527585,2.34616242331393,1.2743078049267489
789,Ball,1,1772,12000,0.2366420817371872,0.20767809851556362,0.7162375764068732,1.6383040289736528,5.864217360048513,-0.10255574854737975,3.02667036711721,1.2351986945437161
790,Outer_Race,3,1730,12000,0.2801577263343294,0.20733580665114593,0.5226707600306352,1.0834496474323743,5.274166046797991,-0.5504921490347997,1.8656303606879652,1.1696195778306457
791,Inner_Race,1,1772,12000,0.23878918972575952,0.16881619703278553,0.4158652283326316,0.7299674989906864,4.989162329285029,0.13352549054777885,1.741558019482529,1.211639468104271
792,Ball,2,1750,12000,0.18027635081984467,0.14335842527982115,0.7229039287891602,1.4725001071992525,5.065959415400177,0.2253616750838399,4.009976491656295,1.290082660009348
793,Outer_Race,2,1750,12000,0.15911978463725673,0.12529991019201026,0.6548088762289014,1.2957047450790415,4.218017573311625,0.2315269376121359,4.115194585774865,1.1290377955968907
794,Outer_Race,3,1730,12000,0.30636897226058035,0.2702678854676427,0.5378474732845799,1.0779869668367033,3.8946004536628065,-0.05123556659040877,1.7555546480964035,1.290401860879224
795,Ball,3,1730,12000,0.2437402638541929,0.18890023959174268,0.695194835771903,1.449590537931066,5.434279449258002,-0.4660932994388464,2.852195303225623,1.2984396253371568
796,Normal,0,1797,12000,0.1061015056495442,0.09020739844136878,0.3607750253178749,0.676097916247271,2.835769661022169,-0.11752856394221876,3.400281863195452,1.325432023026114
797,Outer_Race,0,1797,12000,0.27193509437962515,0.2363338046561342,0.646043125483412,1.229203142015076,5.2486492719811935,-0.1233955628320169,2.375725453742013,1.2104485147963138
798,Outer_Race,2,1750,12000,0.20432124853779604,0.13786153883576324,0.5589868402765826,1.126120575387415,4.374472710449888,0.43904701702128485,2.735823338379705,1.327137623918204
799,Inner_Race,1,1772,12000,0.20491350103168593,0.15690383397598962,0.6060253956383532,1.3120607928023396,5.81291748687983,-0.02519815272973544,2.957469335047099,1.2968828024084662
800,Outer_Race,0,1797,12000,0.31143997705635124,0.2763283163924129,0.5726236667207804,1.0173370228983318,3.881335588999061,0.0426573625961483,1.838632509972126,1.2165842081733582
801,Ball,2,1750,12000,0.09404696754809669,0.075305420025685,0.8598207648577579,1.689718500530163,6.319300949934843,0.16226153223892092,9.142461338990392,1.3216520160185943
802,Normal,2,1750,12000,0.09678264403638243,0.07383057282771377,0.3092655430419404,0.6930897431846946,2.1624516591688767,0.26960901910217006,3.1954649113087017,1.2778889342435868
803,Inner_Race,0,1797,12000,0.2479488536093462,0.21167658072420772,0.6033124235134351,1.2614446434585693,3.8744636652483897,0.2599268471036592,2.4332131999447717,1.4260070705787955
804,Normal,1,1772,12000,0.12135607463296229,0.10404314013537481,0.29546675988359844,0.5356380078848036,2.321230377822551,0.04655396558953368,2.4347092700322466,1.3913572486355201
805,Normal,1,1772,12000,0.09966941060378605,0.08359131562298608,0.33811243840341865,0.7046436853592952,2.8230482870794122,-0.13541356484972383,3.392339097373724,1.3839826213080326
806,Outer_Race,3,1730,12000,0.15328472443390156,0.1203744086429824,0.6133470455702308,1.3657848500712646,4.579066932106895,0.13851620911146764,4.001357916357245,1.3473079230509342
807,Inner_Race,2,1750,12000,0.26964188647960274,0.22013715791047825,0.7458797512888422,1.4272607771885202,4.867099310560696,0.41470361678319867,2.7661865188191554,1.2557787038260775
808,Outer_Race,3,1730,12000,0.3986143291303086,0.30106719804111637,0.5754968743241531,1.1829166206735773,4.747189629967113,-0.047435926001599696,1.4437435693286904,1.261655194056516
809,Normal,1,1772,12000,0.09412670334280113,0.07088154622562787,0.4403092070057546,0.865120169767214,3.0283120460527027,-0.08366321442040135,4.677835209018077,1.2725731359525734
810,Inner_Race,3,1730,12000,0.12601233696085995,0.10211570159398899,0.6182534029630845,1.3523946482394722,4.341814935328516,0.005713205611286243,4.906292652560813,1.3087936593076577
811,Normal,2,1750,12000,0.13606325985029522,0.10447420024834395,0.37361659347849774,0.8052281349278791,2.6196323987215258,-0.3442027502351171,2.74590358844535,1.3415006654665098
812,Outer_Race,3,1730,12000,0.13175841868400998,0.11114107170220651,0.5879586980435134,1.2113955280014952,4.859371644315238,-0.23341769610447544,4.462399472580095,1.3140969292205704
813,Outer_Race,0,1797,12000,0.2700448993870282,0.21123973937498527,0.38858966495644165,0.8175152665278286,4.030056291562177,0.11678396947631332,1.4389816872619956,1.1686162852236437
814,Inner_Race,0,1797,12000,0.3296612665330825,0.27336430684645247,0.7738194875950095,1.4161383066029085,4.9954817607709305,0.3182904012603669,2.3473169770078357,1.2620151258745513
815,Ball,3,1730,12000,0.3836997096987403,0.3046873551996472,0.898793667500736,2.102774163485593,5.6551395979250145,0.1381502950886542,2.3424403114780015,1.1797087396312356
816,Inner_Race,2,1750,12000,0.14503999883377675,0.1298666589117357,0.671371100884094,1.3184111495522721,5.006117816584639,-0.4465103680910173,4.628868631290597,1.2620247175539512
817,Outer_Race,1,1772,12000,0.16728672825647434,0.1463899891638616,0.6492541421755268,1.3584142092661893,4.817502256839528,-0.37433668718006696,3.8810857797405656,1.2141437206634242
818,Ball,3,1730,12000,0.39206733883918576,0.3713240709038858,0.573762757803413,1.1118625500373187,5.091753349563295,0.04312679709626856,1.4634291127187038,1.249162944766151
819,Outer_Race,2,1750,12000,0.2036142548843898,0.1795177827869586,0.5033415709018174,0.9228367874201149,4.036676100896076,-0.09008189685649673,2.4720350310817376,1.331812596259637
820,Normal,3,1730,12000,0.09586274513422834,0.0740836011350165,0.3866981826703602,0.7697149659556952,3.2844560502174924,-0.048762462801108006,4.033873452391751,1.2515140120821149
821,Outer_Race,3,1730,12000,0.18060523167228024,0.14801993144611583,0.6295712989067904,1.2177083215103426,4.885126579394065,-0.2031867402614353,3.4858973523490606,1.2042939979885878
822,Outer_Race,3,1730,12000,0.2796175911260335,0.2303094315579772,0.685858379844018,1.245072436334599,3.788102774678472,-0.15405431149389173,2.4528441757975,1.342974886542064
823,Outer_Race,0,1797,12000,0.12320855739002057,0.10562583941227274,0.5797091559784789,1.1149262392938926,4.387170571482012,-0.14930941608158485,4.705104647426325,1.154714721315691
824,Inner_Race,0,1797,12000,0.14422928815333605,0.12515684511938013,0.63317106137887,1.4728849228313616,4.710586898663226,0.36149604493919796,4.390031105927112,1.1858346455999766
825,Normal,0,1797,12000,0.08696660419494992,0.06743605765760173,0.381137394299098,0.7973328378137682,1.9241644446089905,-0.2821089090761802,4.382571882934695,1.431551510205721
826,Outer_Race,2,1750,12000,0.2016720964804978,0.16340904619341137,0.462275490799951,0.84333085292423,4.337122598087838,-0.16808140003695524,2.292213443839784,1.242678382811942
827,Outer_Race,1,1772,12000,0.26084276886422697,0.24941179207795028,0.5786068147098475,1.2604743625418398,4.143514972661124,-0.41873657874383896,2.218220643912203,1.2724136715898795
828,Normal,2,1750,12000,0.10036682917922758,0.07760089757915953,0.2679206017563074,0.6102599077914851,2.404341057792041,-0.40940482573604947,2.6694138287249745,1.1962768920942601
829,Outer_Race,3,1730,12000,0.16899699462225004,0.14963162259022383,0.5289557543064077,1.0121337572919273,4.789657440212375,0.14830484517602754,3.1299713671758145,1.2037470003191117
830,Outer_Race,1,1772,12000,0.2570031705088208,0.22224033477731672,0.5939596120442527,1.1743619188709973,3.805087778472878,0.14979353919499722,2.311098383993932,1.2473696902981788
831,Inner_Race,3,1730,12000,0.2169107318119434,0.19449647430647476,0.5386289766327614,1.2189420489602563,4.9877496967510435,0.22937954462572457,2.483182699783339,1.2751877711966095
832,Outer_Race,0,1797,12000,0.21022730710739543,0.1766087430487035,0.6270652910696205,1.234261822903955,3.3941030873375695,-0.3854153361456564,2.9827965724228287,1.133683010741563
833,Inner_Race,3,1730,12000,0.16259712129823076,0.14725168749614292,0.5771412344814275,1.1374340163262513,5.343864542779947,-0.05504861164521843,3.54951692793412,1.1578246994490753
834,Outer_Race,1,1772,12000,0.25225955924097687,0.20280245302403896,0.6258469319763895,1.4097870787466407,4.527792734307232,0.43242819768730906,2.4809641856962674,1.2894305149056202
835,Outer_Race,1,1772,12000,0.2734867227546197,0.23228508927107291,0.505626687741307,1.0285506383246494,4.604051265817705,-0.21329804406921127,1.8488162154583647,1.2280183225643486
836,Ball,1,1772,12000,0.27346717474235055,0.22311786208585985,0.7122231136289993,1.3825447601981165,5.57690875225824,-0.1609785530909451,2.6044190287189912,1.1034210271049938
837,Normal,0,1797,12000,0.0647666688633671,0.05083638399475852,0.3287588316077685,0.7648505001430059,1.9739259425123756,0.10648057449652745,5.076049723991886,1.23466581693784
838,Ball,2,1750,12000,0.39127088463498466,0.3493852431498932,0.6810373301886619,1.3832159605074679,4.474743882316321,0.02477325213048227,1.7405775817538771,1.3016758428857753
839,Ball,0,1797,12000,0.26322558166355353,0.18922699759796816,0.7549809655725281,1.3050215996337287,5.581556533735372,-0.30662639825563737,2.868189941118719,1.3054585580285172
840,Ball,3,1730,12000,0.33291261513222603,0.2959433977212289,0.8547604242481115,1.6038261379057994,6.3244344143424795,-0.3663764140447254,2.567521882307218,1.2050457482060766
841,Normal,3,1730,12000,0.08766655713500071,0.06699320421425725,0.37580773442678655,0.8084346835442897,3.2033976126556,0.053714972223698004,4.286785596565261,1.2418067267780932
842,Normal,2,1750,12000,0.10759410188792978,0.0917219652698248,0.35856797736664997,0.7654872013429921,1.8050357063972648,-0.03281836877159656,3.332598823494387,1.3429197385880556
843,Inner_Race,0,1797,12000,0.27213616140839075,0.24996136687632614,0.6130213870081365,1.238524088594257,5.416067693206902,-0.36693073294163114,2.252627448831338,1.2835066128228085
844,Normal,3,1730,12000,0.027575131858568122,0.020995470744199166,0.39623603488201414,0.8560598321373956,2.905875025053555,0.22054940998579436,14.369325119252187,1.2366990399896634
845,Inner_Race,2,1750,12000,0.29443159259538515,0.2358576004760609,0.6590333892679232,1.2513862666906808,5.694915839300273,0.5303898523755505,2.2383243029683384,1.1693218879351508
846,Normal,3,1730,12000,0.07615564901587282,0.06828255766765193,0.3728441025088393,0.765289922443893,2.35150235328017,0.10641595315919122,4.895816755906432,1.3217217825805994
847,Ball,2,1750,12000,0.3370656120471129,0.30428031923941595,0.860922334993647,1.819442139277436,4.739888147708383,0.04933253273650539,2.554168399929545,1.129194190278277
848,Normal,2,1750,12000,0.09852046067724458,0.0891424419744167,0.37591962472709056,0.9010135590165749,2.2969218392242765,-0.24743894643520548,3.8156502937863066,1.1779048364362554
849,Ball,0,1797,12000,0.17237092345556182,0.13930913243722234,0.7143281385241326,1.5470621061769632,5.8378473824138855,0.11426622854421564,4.1441336172239644,1.2756684180697622
850,Normal,1,1772,12000,0.20064560106818163,0.1728515556106727,0.3541862327169671,0.6348228340293639,2.349385202875566,-0.05342755848682602,1.7652329820906993,1.284330160622557
851,Ball,3,1730,12000,0.27855299489258367,0.2581297580016285,0.8277552216607018,1.6344745056530594,4.8354460304337765,0.33434191072560326,2.97162563978141,1.2530734303359432
852,Outer_Race,0,1797,12000,0.2698701082945125,0.23790161939451976,0.411156775016547,0.768070153635608,4.539250293780757,0.18362772782715436,1.5235358136361166,1.2830873971425287
853,Inner_Race,3,1730,12000,0.18342864784208507,0.1584145115637816,0.6134708548814957,1.2801472665413274,4.3886663897639755,-0.18808325480909963,3.3444658841384296,1.2045134086291218
854,Outer_Race,0,1797,12000,0.28457190132653454,0.22425529891343313,0.5246606709474098,1.1635478514161037,3.762372679803041,0.31286517729515617,1.8436840338125415,1.1725801214840053
855,Ball,1,1772,12000,0.3574080562839468,0.2783249292877048,0.6494523405069289,1.2770772868681501,4.78772817774273,-0.24042349968839918,1.8171172392123258,1.210962546041691
856,Inner_Race,2,1750,12000,0.1660340138772035,0.14288344570660452,0.6854356578477049,1.536460096204412,5.313025043027137,0.41464526343359454,4.128284571585698,1.2208773390140932
857,Inner_Race,2,1750,12000,0.328394328775775,0.24392243111492395,0.6405039323453487,1.277012886075747,4.865937529185595,0.2609716575791814,1.9504110644452683,1.2115702249644842
858,Inner_Race,3,1730,12000,0.23584448950229298,0.18298140828632695,0.7355805137841863,1.512322090757492,4.439762377880325,0.10157811458759405,3.1189217748377143,1.3693602654732382
859,Outer_Race,3,1730,12000,0.222475943004321,0.17978218737537727,0.5400171002552685,1.216947992440401,3.964115234251838,0.17659823792058385,2.4273055907207914,1.1268007772339113
860,Outer_Race,0,1797,12000,0.2177922852531563,0.1637701898707515,0.48520047250972187,0.9384513327225531,4.22214959634735,-0.17988672723953308,2.2278129454665345,1.2707328615516895
861,Normal,0,1797,12000,0.09744382267785784,0.082740789015095,0.29801255878257793,0.5634943624612919,2.6121803544476356,-0.048871298355817265,3.058301189268669,1.144876117764309
862,Ball,2,1750,12000,0.13477691692365182,0.11389874355517042,0.7671453456450797,1.518932069773728,4.8326318290749395,0.4395136738283657,5.691963899720683,1.3206469461608872
863,Inner_Race,2,1750,12000,0.30286177651327467,0.25198191625836863,0.6968632228243221,1.5840378878788006,5.308901379677569,0.010333943239116739,2.3009282678290637,1.1844977328765953
864,Normal,2,1750,12000,0.1040889502848817,0.07727719631026593,0.3066021884518564,0.615725219401791,2.9024476897194798,-0.4255976556727576,2.9455786383925955,1.219673586614624
865,Inner_Race,0,1797,12000,0.1844456818721362,0.16540743485319584,0.6225467745516884,1.13317236194773,5.041692506877589,-0.07905875026968134,3.375230952727092,1.175422656542499
866,Normal,2,1750,12000,0.09620808442266783,0.08230679177003174,0.30779220755358766,0.5520977831952808,2.9245933686929004,-0.27491767700220227,3.199234340862398,1.3227520333805682
867,Ball,2,1750,12000,0.35530804280987993,0.30254616518018784,0.6116691275320685,1.1627452305506034,5.002947644229524,0.44407982451014505,1.7215178206910546,1.1958283521675797
868,Outer_Race,3,1730,12000,0.2603336282540445,0.19228992294603325,0.5331838278772113,1.075313479360599,4.848726912030251,-0.024364781378361018,2.0480789648769773,1.2346890220500526
869,Outer_Race,2,1750,12000,0.22548355219671884,0.18268347198128326,0.5593882667835137,1.0806249226361602,4.727565629745723,0.10270389729986404,2.4808384528885106,1.23772430190519
870,Outer_Race,1,1772,12000,0.15007505041997687,0.12665327377273708,0.682428461726693,1.3814989472893708,4.373582373137653,0.05608511386069389,4.547247925734185,1.3253333682499193
871,Outer_Race,2,1750,12000,0.31162602095755243,0.2590221926324139,0.5334057779605458,1.0525764094648415,4.310130072365011,0.32791749420420846,1.7116856170146417,1.2627691270603838
872,Normal,2,1750,12000,0.1143431614162823,0.08867929664058906,0.35813579757767655,0.7319972273999418,1.8452566484386583,0.0631741221944025,3.1321138329718994,1.2528666883378405
873,Outer_Race,3,1730,12000,0.22909764044811975,0.18834982616489007,0.5980382231573257,1.3240416249442282,3.9512709233531895,-0.08553808387510503,2.6104076060650407,1.2096802311416455
874,Outer_Race,0,1797,12000,0.2521583887339459,0.24843013439935724,0.6227438324785227,1.3581731909625925,4.43111036763112,-0.24822809347432054,2.4696534412566544,1.2699585046202817
875,Outer_Race,1,1772,12000,0.2698372119940383,0.2278531514816286,0.608066295393682,1.1952788952324584,4.394408559652863,-0.044964311073319455,2.2534560407743776,1.2063031491492202
876,Ball,3,1730,12000,0.18943825152958954,0.16400437674578056,0.6637776856626617,1.3773569279359101,5.394418841645631,0.3914471373097461,3.5039263733860113,1.2766875333413263
877,Outer_Race,3,1730,12000,0.23250282886263482,0.19911439717343765,0.5191724640314473,1.0322928677448016,4.453378313457274,-0.1284533708514933,2.232972676380553,1.2781005096142415
878,Inner_Race,2,1750,12000,0.20211594121917334,0.17260387553892997,0.6745384101584293,1.1983061409059905,5.2855431911345425,-0.2033783024394236,3.3373835140839474,1.2119395341194634
879,Outer_Race,3,1730,12000,0.18449658498084062,0.15137982346337842,0.4899181155060068,0.9894294017882884,5.109822729883841,-0.2017413570056552,2.655431890822712,1.289136048923401
880,Ball,2,1750,12000,0.32316564912822454,0.21779724430126385,0.8941311098308315,1.8638775977176665,5.883305264349129,-0.03588511166550423,2.7667888348989136,1.3778168680102654
881,Outer_Race,0,1797,12000,0.2672305442875168,0.21006691605122807,0.6178576459151605,1.2140852255589214,4.730921658514007,-0.19374909535231116,2.312077189987681,1.1982138594464902
882,Normal,2,1750,12000,0.15613923563347976,0.1490000685746851,0.4185733825895934,0.9225678137387998,2.6534984029714974,0.2916366764368021,2.680770024852369,1.256040076814123
883,Inner_Race,2,1750,12000,0.12571859662037543,0.11442807156128997,0.7380483081079554,1.4723958521546776,4.326148658467868,0.003449830855256547,5.870637502712456,1.3752241713986628
884,Inner_Race,2,1750,12000,0.12173528265086558,0.10191797799672773,0.5841919188731843,1.0350288580348124,5.131095301303215,0.06655015367199214,4.798871010540431,1.1997203727022072
885,Normal,1,1772,12000,0.06830986828178233,0.05291016817025062,0.24971902724338257,0.4121623858990469,3.689005825488182,0.5208995610249173,3.655680116572272,1.2442313573904267
886,Inner_Race,1,1772,12000,0.22612408596079145,0.19727392057121837,0.6098776564538804,1.242943726655834,4.992984172235313,0.007796832479285504,2.6970928544057418,1.283775672312586
887,Ball,1,1772,12000,0.3063988784516958,0.23328803456867775,0.7590294154618717,1.4607880625898817,5.5700520175565265,0.3459906415421397,2.4772591182364065,1.2606011543180102
888,Ball,2,1750,12000,0.11871704297045546,0.09399756886964847,0.7223922968609726,1.6670884764379656,4.42202635420706,-0.024052465473194215,6.084992337964069,1.165137835278458
889,Inner_Race,1,1772,12000,0.18719836757865024,0.15111207674234917,0.675875640834332,1.3717040555865523,5.861173761499928,0.26211845251830795,3.6104782834196834,1.172180523605357
890,Outer_Race,3,1730,12000,0.16816322121247923,0.13561634103980008,0.4993264247016149,1.03728167605443,4.387767037984615,-0.16794722499436884,2.969296265267785,1.2195920094100552
891,Outer_Race,0,1797,12000,0.1399398955417998,0.12122015430357816,0.5467077177610012,1.1948053509805023,4.383994331973738,0.15797741663948103,3.9067323556612243,1.2388772133379933
892,Normal,2,1750,12000,0.10274867230369068,0.07399919875112657,0.39236932864816954,0.7792340029893441,3.1342338425451475,0.17256161921721413,3.8187289417079486,1.300274900234953
893,Normal,3,1730,12000,0.07713011487061758,0.06627955104925483,0.3372635407647584,0.7250588342445028,2.6019894814253375,0.25585244436207205,4.37265705270248,1.2240918221304251
894,Inner_Race,1,1772,12000,0.22007910410077805,0.18353401302689437,0.7430425117663113,1.4796395210395417,5.292145944026121,0.1615900190624265,3.3762519835870433,1.2422604661885048
895,Outer_Race,2,1750,12000,0.3406387529856809,0.30388512660018374,0.585526505537622,1.1911439795084349,4.213971223046967,-0.043242886566238294,1.7189074948329064,1.2309572278567078
896,Normal,3,1730,12000,0.11873052242277299,0.08945685395408978,0.39103327468850246,0.7765123953685007,2.157154754377354,0.3340961843579804,3.2934519844536685,1.1647800880657408
897,Inner_Race,0,1797,12000,0.2710997585872528,0.2338310285034292,0.7098610382820657,1.5782507597002113,5.400437688987449,-0.1819220693596422,2.6184495404247974,1.1358572635042055
898,Inner_Race,0,1797,12000,0.2092380635781788,0.15864900675301022,0.6893754475715186,1.3480587929844903,5.181497444699428,0.33585171031956584,3.294694262518556,1.2864345199121647
899,Normal,0,1797,12000,0.07209730018289157,0.06078877434362724,0.3275977100783671,0.6628531233340195,1.9611704596707544,-0.0630456811186594,4.543827705716294,1.2068577388689687
900,Normal,1,1772,12000,0.08029105072816829,0.06021059117264836,0.35066207496957524,0.7328014178957601,2.922846327105903,-0.12803996109032748,4.367386798271821,1.2316590908960168
901,Normal,1,1772,12000,0.13755888678189987,0.11449145565008494,0.28140778669561795,0.5719647185753484,3.8241763341669355,-0.3218477032788989,2.0457259671037544,1.2481449656491241
902,Normal,3,1730,12000,0.10239707398187661,0.08515905179099635,0.3978788234146428,0.8011550027074267,3.4024927564666263,-0.029413914696620625,3.885646414906972,1.2722734867125494
903,Ball,0,1797,12000,0.2197735315265255,0.15625343784290419,0.7438275139903925,1.7321065365103148,5.752029512507224,0.17168683854041988,3.3845181848052364,1.2763588084932926
904,Ball,2,1750,12000,0.36861773394999364,0.3466929477119986,0.8485587016528452,1.8064449773080802,5.51933281866478,0.052429728566830876,2.302001839574978,1.298937963135283
905,Inner_Race,1,1772,12000,0.13414659829578746,0.10093084060301916,0.6538844026927112,1.2772201357128021,4.191807062404173,0.14066915523756596,4.874401669514752,1.270223890276253
906,Normal,0,1797,12000,0.09074552473449825,0.07266382737438158,0.3241012401231724,0.6962560721805889,1.6534041408486784,-0.4964497476777428,3.571539655221813,1.2497946722050755
907,Normal,0,1797,12000,0.10240317973480766,0.08645418229605911,0.327363112652278,0.6066471222625323,2.695976127017779,-0.11039453383699904,3.1968061294585435,1.1600351337799024
908,Normal,2,1750,12000,0.09867037120707306,0.09556472999341098,0.3418200704773111,0.7140570335720291,3.055470188362494,0.18285041092955365,3.4642625369266695,1.2321651933816509
909,Outer_Race,2,1750,12000,0.23356885560873566,0.19293255951449745,0.5399108244045293,1.1079418288410787,5.715755210583525,0.30267047724088936,2.3115702776271005,1.2312894473192335
910,Inner_Race,2,1750,12000,0.1804659273015478,0.14516124633841063,0.7239322878463563,1.62012191149595,4.576023605347542,0.029102922644210702,4.011462433219921,1.127071658327854
911,Inner_Race,0,1797,12000,0.2577008999815178,0.23950765926626238,0.6661348707475119,1.358508024782614,4.831980011787056,0.38563878537755714,2.584914801598624,1.17053377586303
912,Outer_Race,0,1797,12000,0.19532846134456944,0.17089379111307546,0.5709834148102108,1.096892442477889,5.155248184628171,0.27586330117812774,2.9231961941427813,1.2787489679701467
913,Ball,2,1750,12000,0.29911298751891513,0.2235844193728568,0.6426304493346404,1.2980276760960991,5.517273733168914,-0.24171902293265862,2.14845384904593,1.2964097799086922
914,Normal,1,1772,12000,0.11137649642283028,0.07817980146961426,0.3075137563584717,0.5233666881969142,2.9304613321218893,-0.45068338751367537,2.761029177924802,1.2480200661771963
915,Normal,0,1797,12000,0.1409881003936856,0.1297662990120398,0.2741518820944895,0.5613932928165299,2.15606578699075,-0.2982840089275645,1.9445036944888712,1.2571323374496348
916,Outer_Race,3,1730,12000,0.26197612119542507,0.20357942858712616,0.6290703662197361,1.0323086649151392,4.185879810861717,-0.20597288617531267,2.401250783274524,1.245124051150655
917,Outer_Race,3,1730,12000,0.20580204254380002,0.16701077248424337,0.5678395207046127,1.1377148361265943,4.897072031827022,0.03733275652559571,2.759153960212818,1.2680283076391599
918,Normal,0,1797,12000,0.1206530885913191,0.09491035818173618,0.3475050853117476,0.7596131209140206,2.093481627502954,0.45117554906398594,2.8802004935723655,1.33970353251198
919,Inner_Race,0,1797,12000,0.22237083110362107,0.16966640914626932,0.8206583057558114,1.5752240704114882,4.724537363909307,0.05731281501502021,3.690494394803959,1.2440532508026831
920,Normal,1,1772,12000,0.09667782988444001,0.058804038937346724,0.3524007131120767,0.705805436801755,3.2712128385768167,0.3272652370698505,3.645103676130348,1.261842904267048
921,Outer_Race,2,1750,12000,0.2771360357171769,0.2089344849951483,0.6334070270516489,1.2087964230650818,3.948416392528469,-0.046397169551012626,2.28554552789394,1.1681985087798166
922,Outer_Race,2,1750,12000,0.3247541703374866,0.2517091753999518,0.6529304368765401,1.2377304516688339,4.723930769319061,0.05417070716485375,2.0105374973260868,1.2099803984120088
923,Inner_Race,0,1797,12000,0.27005924959290617,0.2094711673704927,0.7186639422632201,1.6364445492822786,4.678908117759135,-0.3088080191112581,2.661134337544637,1.2195526742553064
924,Ball,0,1797,12000,0.26820074296402335,0.22887464646892636,0.6805676940630683,1.331859873537069,5.444934265684878,0.36743848449625405,2.537530979749598,1.2481234710670073
925,Normal,1,1772,12000,0.06910816047962601,0.051709993873963425,0.35584765670970325,0.6473906242244929,1.8407330821917118,0.15888399773350265,5.149140915342579,1.2086345780825343
926,Normal,0,1797,12000,0.10734148227879273,0.08923161083681015,0.3753016142107016,0.7869174068441829,1.5,-0.060124739620598576,3.4963334420513146,1.2184480330307972
927,Inner_Race,0,1797,12000,0.21716347271687883,0.17854576107963144,0.7085545985708901,1.4262835885275789,5.8293556794791765,0.43174656307028025,3.262770620244453,1.25745445109471
928,Normal,0,1797,12000,0.028741897369965894,0.02300529828532628,0.2931627065061579,0.596702413219039,2.784078891116001,0.17396393900669443,10.199838331219599,1.1684060860205283
929,Normal,3,1730,12000,0.0993432642582008,0.09505411670937051,0.35976296069923597,0.6441071487648444,2.3908604686894344,-0.09318667507695551,3.621412718673954,1.214056217528733
930,Outer_Race,0,1797,12000,0.19914168820334227,0.16137199432355226,0.5488107917871742,1.1688717464684186,4.952726763655946,0.2916417837759897,2.755880984732775,1.2710372670766568
931,Inner_Race,3,1730,12000,0.34620220541183216,0.2555526804772684,0.5417060245227912,0.9782082592965372,5.005066430947649,0.45059452914443887,1.5647099182351922,1.288802098867232
932,Normal,1,1772,12000,0.09459955111726656,0.08082298891654767,0.32993973725910786,0.631720202367092,1.9600326051532704,-0.14293027779428027,3.4877516157567303,1.1805003022392349
933,Normal,2,1750,12000,0.10227315021196193,0.07932394808611382,0.4019180468546152,0.7662028348706735,3.4809755687153565,0.35090174447502515,3.929849095501965,1.2465090500408234
934,Ball,1,1772,12000,0.486055055381118,0.4098593945110434,0.692016161064141,1.4898972771793055,5.886266532861741,0.3277345874716101,1.4237402808649484,1.2928146461008956
935,Outer_Race,1,1772,12000,0.24229313889420745,0.18144068066881558,0.6263768739435899,1.2504541560634104,4.754555090517746,-0.03658743096011755,2.585202687960079,1.2658861637620884
936,Normal,2,1750,12000,0.11976075536710584,0.10890830424384167,0.3266199289257764,0.6821674355141444,2.9377009935631335,0.0020244528372146725,2.7272701138580797,1.353296860674043
937,Ball,1,1772,12000,0.1628562384000467,0.12591084851866588,0.5351899918833851,1.1909502165523291,5.702236776048842,-0.007490262099780439,3.2862725870452847,1.4037243697503146
938,Inner_Race,0,1797,12000,0.24981268894504333,0.2343816087439422,0.5955057527218997,1.273314975327377,4.736053675778772,0.16380981482221663,2.383809066051508,1.178429062533713
939,Normal,3,1730,12000,0.0913512092458364,0.07112547651016289,0.40955896327324004,0.8221033047839635,3.30016279982239,-0.17131222334617174,4.483344737901287,1.16786006812468
940,Inner_Race,0,1797,12000,0.2847830100971727,0.23577121577123072,0.6105729514042729,1.2209815062372549,4.756575369105849,0.38988651566119636,2.1439936012894,1.262821245228511
941,Outer_Race,0,1797,12000,0.11524449405442702,0.08288782480611998,0.4598204165984984,0.9651057245864598,3.9666726287446052,0.0750214439596417,3.9899556188891507,1.241521986685671
942,Ball,3,1730,12000,0.31945646830441327,0.26498856934236104,0.4858793502237259,0.946599848969138,5.733806723734887,0.4100707026887496,1.5209563694316142,1.152793159768233
943,Ball,3,1730,12000,0.15731645377732695,0.1256984394643621,0.584687680095629,1.3115606527637516,6.057070914481703,0.08764697171579368,3.7166339950887988,1.2397045720550437
944,Normal,2,1750,12000,0.13028312986900348,0.11588458774909645,0.3691805541108549,0.717732580681577,3.121918657609657,0.20401047631377864,2.833678884457696,1.262029505574657
945,Inner_Race,2,1750,12000,0.22190008649326068,0.19704700967680935,0.7798010564840293,1.4661013734989372,4.855142828503614,0.23773326911367448,3.5141989748963556,1.2203099207802812
946,Ball,1,1772,12000,0.449516856730964,0.37998815873992364,0.7659115264918558,1.7473669876705746,5.253016106115475,-0.022107969110569486,1.7038549612172924,1.3335696225974694
947,Outer_Race,0,1797,12000,0.2079354669422495,0.15193103249668458,0.6320503150518447,1.3065740826160879,4.447611881128802,-0.025105926954461958,3.0396465035346076,1.2041538637034868
948,Inner_Race,1,1772,12000,0.26633342939620186,0.22957158284391135,0.5109826219622352,1.0779638708101027,4.079265645206139,0.12060137903711686,1.9185823691778823,1.3272027963289714
949,Outer_Race,1,1772,12000,0.32018726055030106,0.24032382842399985,0.46514678351920935,0.9402180981966466,4.372463360988547,-0.3761513071659833,1.4527335744706662,1.217978421681852
950,Inner_Race,0,1797,12000,0.16710072219334998,0.1312554288941796,0.712573346588101,1.5728452899252556,5.606530236030165,0.1116815523844418,4.264334332221449,1.4226619545975514
951,Outer_Race,1,1772,12000,0.2473597114852991,0.22466060516909273,0.6658718123838243,1.3810659761531443,3.945773479613851,-0.13132675090710375,2.6919169996824563,1.1397926300237895
952,Ball,2,1750,12000,0.17669428946646532,0.15488192595962144,0.6827478412488024,1.2364011611264174,6.340384148297659,0.11526399453628496,3.8640062636454395,1.2743269761648495
953,Ball,3,1730,12000,0.17688026476904364,0.1667705660169412,0.7178873628602931,1.5962745909712914,5.991498449535192,-0.13022539041580852,4.058606333485842,1.2829026764644524
954,Inner_Race,1,1772,12000,0.36700138660959825,0.2596112910727095,0.6928828603566111,1.372327695014907,4.431672260383822,0.21543652367929933,1.8879570640251362,1.3404535934063708
955,Outer_Race,3,1730,12000,0.187348125174773,0.14464990923316848,0.5452145280147425,1.0841936779198647,4.041438335951982,0.3932947572183244,2.9101680494860767,1.2199118957796917
956,Inner_Race,1,1772,12000,0.23719360247375845,0.18668858593896057,0.7871564179304562,1.5015090863906697,4.901939387905982,0.33001185262432864,3.3186241522578253,1.3324610729255733
957,Outer_Race,0,1797,12000,0.2697906279355555,0.23067120918425024,0.6683450421354331,1.431867177209542,5.314988094082664,-0.027605475127102545,2.4772730144468906,1.3063473544293862
958,Inner_Race,1,1772,12000,0.12786435075824265,0.0939047575010585,0.6940799871596889,1.568619221591955,5.10425296525279,0.39982592492555147,5.428252542978213,1.3885651007693969
959,Outer_Race,2,1750,12000,0.1850318526473204,0.13092171709959666,0.6343166026927147,1.1116036823995596,3.8971996346820434,0.1285063012403507,3.4281481464802317,1.186981696464722
960,Normal,1,1772,12000,0.11425431260271275,0.09737521337414193,0.34095207190341614,0.6221854074045768,3.0106902737865537,0.15327392269377066,2.9841505684689653,1.1965143486815522
961,Normal,0,1797,12000,0.10780166060197244,0.08083938782843744,0.3789942867775055,0.7579048261124314,2.4344944056221616,-0.07365895929842806,3.5156627890625565,1.2946832192929254
962,Outer_Race,3,1730,12000,0.12073196864939857,0.09180348352842681,0.55711740722685,1.2580826046106666,5.179854302001067,-0.41021020081180637,4.614497829027369,1.170886309705937
963,Inner_Race,2,1750,12000,0.3579536173586947,0.26830753460758777,0.45332625489347733,0.9014141165739936,5.617333425114902,0.5478154924500506,1.2664385353569778,1.3069043991339764
964,Inner_Race,1,1772,12000,0.07176540833466391,0.05726283667906745,0.6174575678011718,1.3487582102738631,5.714066356266879,0.3885559138583488,8.603832711740168,1.340522110053913
965,Inner_Race,1,1772,12000,0.31900952254391374,0.2713311626073587,0.519643717948192,0.8674297157285702,5.570894109511427,0.10497517475518886,1.6289285467228007,1.3358398742378852
966,Ball,0,1797,12000,0.31276369730018827,0.25491146230403267,0.5859083963699061,1.3485789722008446,6.0523198829433404,-0.08384436291836682,1.8733260970743533,1.2687196189698189
967,Inner_Race,3,1730,12000,0.2787589915770541,0.20968884582475797,0.6751687620498836,1.206582488577382,4.961206180735159,-0.1421428749642147,2.4220519604773165,1.3240181757296372
968,Normal,2,1750,12000,0.10148064735711386,0.08447699549710783,0.26552204583458444,0.5056813511428724,2.953666665287391,0.04853406648687624,2.6164796219736686,1.4008764863853636
969,Normal,2,1750,12000,0.10517844791642704,0.0885595724531177,0.40391800392434535,0.7654904645413801,1.5,-0.24919268795128885,3.840311507974443,1.3225459459816928
970,Inner_Race,1,1772,12000,0.03266107292837456,0.02590345161884675,0.7612120469390259,1.523302528053582,5.492974248897033,-0.2604495833877719,23.30640051563392,1.3588425780029483
971,Outer_Race,3,1730,12000,0.32060697204916644,0.2648447381967334,0.5871878956097564,1.0693252622425136,4.655429950922627,-0.2864843920850241,1.8314882295189407,1.1799760639632977
972,Outer_Race,3,1730,12000,0.25387587375657306,0.19850636237653227,0.40365738019757175,0.698523340953066,5.455174007064924,-0.2572979608177683,1.5899792848556202,1.2736150442117207
973,Outer_Race,3,1730,12000,0.2658728182205425,0.24166174492339776,0.5661087502869968,1.0955638276349233,4.639391565680875,-0.1569094541598043,2.129246434727327,1.2869230581977174
974,Normal,2,1750,12000,0.10463228794586217,0.09918056052897291,0.368431650298688,0.8047222532402876,2.110793152802278,0.1312893225075678,3.5212041859327243,1.2968810400353052
975,Ball,1,1772,12000,0.31559079369669024,0.27182178294073517,0.7243086681217273,1.727600838172508,6.285388873009649,0.29431133320727415,2.295088077942635,1.2039903403559535
976,Normal,2,1750,12000,0.0640757675632696,0.057810245955735265,0.30836773889602004,0.5888916412932914,3.008765844233918,0.3083050413776809,4.812548497238555,1.326511641568367
977,Ball,0,1797,12000,0.23387096100900423,0.19314278319888833,0.7038979771942903,1.5039801848465837,7.389760188791486,0.10483017713146994,3.009770747755167,1.2977033438079464
978,Ball,3,1730,12000,0.25072714777729554,0.1914514908500668,0.7603963020266765,1.5757870968991732,5.245257487511274,0.49623875344594576,3.0327641373007066,1.297720243718298
979,Inner_Race,1,1772,12000,0.24044551456814606,0.20638634971143727,0.7195802817140466,1.5862515831534225,5.235673063446281,0.4127281751969992,2.992695800570263,1.2929992172923432
980,Outer_Race,1,1772,12000,0.283331040510948,0.25805031856296134,0.4638768549408934,0.8604223097985062,5.052727533152016,-0.6628411199703492,1.6372256781479229,1.2199879205569386
981,Ball,0,1797,12000,0.3753823982438231,0.29483189919710323,0.6828315839903308,1.2483103829824225,5.213149084147728,-0.1231421254904394,1.8190293076736366,1.294186187275752
982,Outer_Race,0,1797,12000,0.20102966505781245,0.1614295834022399,0.7104395802303295,1.3760720040432062,4.7892826189055215,-0.14422074161907536,3.5340037005285767,1.2879690557337564
983,Normal,2,1750,12000,0.057390736556684446,0.04164949199474971,0.299306072254574,0.6074091970047696,3.291895510406522,-0.4466661317238795,5.215233158036775,1.2852860373092014
984,Inner_Race,1,1772,12000,0.228857832469316,0.20243531909882503,0.615143172674578,1.2256095867835861,5.800375618015773,0.2644752326269773,2.687883416692994,1.2993825029023462
985,Inner_Race,1,1772,12000,0.262713222866858,0.20238035867887688,0.682797596993408,1.421894877000431,4.248062164725851,0.19378735434644342,2.5990225750435374,1.2573917824218315
986,Outer_Race,2,1750,12000,0.27819429357133935,0.23608874604861985,0.5588977426047692,1.2012572518921227,4.1198154730293615,-0.33013049834237485,2.009019435409257,1.4876778633903527
987,Normal,2,1750,12000,0.09824647620657113,0.07571926792617123,0.36670568799516473,0.6177537283538567,2.344051797005275,0.11756747646612131,3.732507283254989,1.3178589385346013
988,Normal,1,1772,12000,0.08607443512329899,0.07041159939720536,0.3749966362695079,0.8071605811335506,2.750870826226334,-0.20350257371968622,4.356655210485398,1.2792984196387713
989,Ball,0,1797,12000,0.33732598267782626,0.2559375836791262,0.7046150460502862,1.3657261334226456,5.44315101917457,-0.2523206323123443,2.088825297288916,1.377558041764508
990,Ball,2,1750,12000,0.3667718281139784,0.26131374192576085,0.7518752203040251,1.634057383444654,5.827751075719278,-0.10416754466901662,2.049980840050702,1.3118880821514594
991,Ball,0,1797,12000,0.28728802714149904,0.23984732309870485,0.7282777689638696,1.4355654504821147,4.904541551732484,0.10567207282721293,2.535009120324977,1.2212484831457562
992,Inner_Race,3,1730,12000,0.25887949160570056,0.23836457833668515,0.6012984548032752,1.32588090065157,4.59628654192799,0.42723764323910707,2.3226963676176906,1.177392137212129
993,Ball,0,1797,12000,0.2536253916938306,0.23324856549945067,0.7605247006148621,1.4142994235247484,5.294213873085935,0.28319057652666285,2.998614198427522,1.194853639092254
994,Inner_Race,1,1772,12000,0.23885941502476024,0.19878152315690892,0.6104068420521025,1.4510884174380425,5.128515058872929,0.13454695227423766,2.5555067276239773,1.1797544113630132
995,Ball,3,1730,12000,0.24713078186450488,0.21758522351391893,0.5759079210216301,1.1100137686614466,6.076988730107486,0.3925494301474178,2.3303771253286647,1.3002748482958344
996,Normal,2,1750,12000,0.11418616075926148,0.08936414091358184,0.3387197274542734,0.724936362287511,2.4007438001122936,-0.4913564378839214,2.966381610538564,1.336975928572254
997,Normal,3,1730,12000,0.10024888964300703,0.07099572341309678,0.3375192624735125,0.5998610226342861,3.6019664537760794,0.5412856486914182,3.366812975938597,1.3198321265971538
998,Outer_Race,1,1772,12000,0.15277173876022032,0.12243754484228873,0.705521465225724,1.3583615243720792,4.442679395769587,-0.23563231680692423,4.618141227894647,1.1822461037072538
999,Outer_Race,2,1750,12000,0.005,0.005,0.576806327848172,1.092602481767547,5.0749500292521414,0.30050682099261855,115.3612655696344,1.3449565925924143
1000,Outer_Race,0,1797,12000,0.1203718822952539,0.10801183752631242,0.5904280078180842,1.1332721379874175,4.37484818867829,-0.008378197665078458,4.905032608610823,1.2371082274173788
1001,Normal,0,1797,12000,0.07699614121571187,0.06205608735583955,0.317631741437041,0.5735133553194056,2.250478563648157,-0.28749365817385986,4.125294286465162,1.2768231765163534
1002,Normal,2,1750,12000,0.10301775885444907,0.09667811670650231,0.2571609734237635,0.5336333356058134,2.703531131188394,0.20391758559299172,2.4962780814043826,1.206769579339159
1003,Ball,1,1772,12000,0.2651507424878341,0.2201703258222988,0.6557124200038429,1.3758084535069526,4.466618171332515,0.19420660966232933,2.4729797618195577,1.251450020363058
1004,Inner_Race,0,1797,12000,0.2313973440442619,0.18753556696435883,0.7511896933174791,1.891014124753304,5.6709289532827105,0.008668553527560935,3.246319426958465,1.2118402517747482
1005,Normal,2,1750,12000,0.11683322915143711,0.08931787702292332,0.2970464295167313,0.5910852791948652,3.1442391814857893,-0.4029520669003571,2.542482405683619,1.296740887017562
1006,Inner_Race,2,1750,12000,0.2533378890616464,0.22926481519312472,0.5399133385820453,1.28302111270238,4.154104156036731,-0.3572909297070651,2.131198537186297,1.2536929267475405
1007,Outer_Race,1,1772,12000,0.14058787502277934,0.11495514293148906,0.5748686092247551,1.1317301066037069,4.136673932291771,0.10816403814492276,4.089034058816307,1.270153339808333
1008,Normal,3,1730,12000,0.09549069368679233,0.07277547772880728,0.2791161568225778,0.5505461499557495,2.001937485750558,-0.3374904635011945,2.9229671085862408,1.2178809885460122
1009,Normal,1,1772,12000,0.05555824847091521,0.05026530318229453,0.3567080881446127,0.7109139329144825,2.1308787326971776,0.1910930740857345,6.420434372248969,1.2501815847244155
1010,Normal,2,1750,12000,0.10499561741628972,0.07549530040897696,0.2813162604749362,0.5122122712613992,2.8922399971853427,-0.0008145804515328922,2.679314312325677,1.1877060490486415
1011,Normal,3,1730,12000,0.07700025369578559,0.06579518220101653,0.34521743679939815,0.6383459704124839,2.9119192188921055,-0.016502964561308134,4.483328563608262,1.290596966166044
1012,Outer_Race,2,1750,12000,0.21093287298438257,0.17101988389704464,0.5512835167662083,0.9874635743771831,4.64112097874218,-0.20067859343035363,2.613549557100212,1.3171987978959658
1013,Normal,1,1772,12000,0.09398250389743483,0.0812047923488055,0.3577957673230212,0.6851850652065308,2.3857596681726787,0.158953315547192,3.807046551063287,1.4201911459471952
1014,Inner_Race,3,1730,12000,0.10007873800557288,0.07356543093088547,0.6098872651614684,1.431539502897812,5.9225806480078464,0.32662193894928393,6.09407429905348,1.2281064011467633
1015,Normal,0,1797,12000,0.053443075799688135,0.04432598045860745,0.3269326962204812,0.6111460472950648,2.7851416994860627,-0.1177775023616747,6.117400455128539,1.19793191644657
1016,Ball,0,1797,12000,0.2867510280111384,0.2200109210152701,0.6846074643816841,1.402582852063105,4.885480675564463,0.041058034828116215,2.387462981841835,1.2634135482637698
1017,Normal,1,1772,12000,0.08348532837057779,0.06610081535286694,0.3435088205701491,0.6448162627688925,2.7039019614290862,-0.06954415541651893,4.114601059546287,1.289409681057785
1018,Normal,0,1797,12000,0.11038099806404053,0.08797776892001889,0.3561261380946377,0.6537438778169623,2.4597756162717794,-0.0800193626095619,3.2263355499650537,1.333105383682149
1019,Normal,0,1797,12000,0.10968385119986046,0.0866133050775969,0.335070399967209,0.6396510094278968,4.327499824853705,-0.1656537875435032,3.0548744988600043,1.3942083322969105
1020,Inner_Race,0,1797,12000,0.3107442098156348,0.27972794818680363,0.5968198190729175,1.3157680398154679,5.407874499913399,0.10262996725347776,1.9206144482209724,1.2664926654063866
1021,Normal,3,1730,12000,0.10452175566039133,0.09121063302427672,0.3666863717549909,0.6936645226203465,2.6041861241355293,0.495315863680481,3.5082301233670075,1.2344939049202983
1022,Outer_Race,1,1772,12000,0.2577919491074463,0.21561756380583286,0.5875654434410488,1.2594950021955233,4.995253229420875,0.06597336950288715,2.279223402729907,1.2949182891323296
1023,Normal,3,1730,12000,0.10963897013871181,0.08946315464501482,0.3370532517235068,0.8185689279271929,1.853521780760695,0.2396282147643707,3.074210304028554,1.3063473971302961
1024,Outer_Race,2,1750,12000,0.39980112633631293,0.30475155111086827,0.5296184632240224,1.0577528306791584,4.1340306733027505,0.22101408773507525,1.3247047802924574,1.284325488966961
1025,Normal,1,1772,12000,0.11635024100373342,0.08612810907359252,0.2741130769095225,0.5381833094755438,1.837320689079323,0.37956722819136257,2.3559304608636507,1.353531890531575
1026,Outer_Race,3,1730,12000,0.24895339198322272,0.1953831437679656,0.47432019729721475,1.1034557870559623,4.049101408262234,-0.0490644518741373,1.9052570182662134,1.2632127327496965
1027,Inner_Race,3,1730,12000,0.30682473215732625,0.26010795056346825,0.5855095190569816,1.1404950481330183,4.875192661552001,0.3372398745496405,1.9082865808769223,1.3275503057651319
1028,Outer_Race,1,1772,12000,0.16685716287783892,0.13673527958864604,0.49926473499735036,0.8948294676057128,4.119064375007307,-0.24263080441606377,2.99216842949006,1.2764386845488658
1029,Ball,2,1750,12000,0.19189314741126337,0.16536068547593621,0.6523501914444924,1.211407469565879,5.283867124735502,0.24820971967407363,3.3995491774720974,1.2367129922188866
1030,Outer_Race,1,1772,12000,0.11968686610219247,0.08993719853802479,0.49102266817324214,1.0847163083069744,4.891809717722406,-0.21540512723104852,4.102560992398208,1.2862974914859366
1031,Inner_Race,1,1772,12000,0.1839767859010133,0.1410822904781858,0.6859034804348622,1.3402514257357967,6.144642259363605,0.4625899561292496,3.728206670617156,1.1731867507123097
1032,Outer_Race,1,1772,12000,0.19041386506449676,0.16296902972230348,0.5557212444608054,1.2563991346376768,4.8223536606774555,0.06559008965075379,2.918491488382803,1.2421081008301127
1033,Outer_Race,2,1750,12000,0.34181864991526006,0.2508863367248546,0.7079448328057433,1.394803805436403,3.8266180633013915,-0.188052432910764,2.0711123661077275,1.3624577581122934
1034,Normal,0,1797,12000,0.07404267624133702,0.06146431084196695,0.39763711526696555,0.7525192108722343,2.5525429688365846,-0.32584165247900393,5.370377401957955,1.2747529688810806
1035,Normal,2,1750,12000,0.16435059063183433,0.1424387108177227,0.33888132240646857,0.644596300716701,2.676551632388962,0.03251268804840988,2.061941615808395,1.276752412990478
1036,Inner_Race,3,1730,12000,0.17372420079516726,0.1324641366787223,0.678875245649916,1.2308125780953874,5.400959489074397,0.14642984690076663,3.907775903084202,1.3757360284458817
1037,Normal,0,1797,12000,0.10273747813902367,0.07385706920371374,0.37912120440553776,0.7431555486417313,3.718096319078751,0.26782821109315175,3.6901937956128674,1.3200060249418328
1038,Outer_Race,1,1772,12000,0.16714291202460382,0.12480970470744508,0.7070713708466457,1.4129758296489663,5.113380342300742,-0.07125772813764647,4.230340145937886,1.2613310087112823
1039,Outer_Race,1,1772,12000,0.21771610842437641,0.19298189496373916,0.601689082994952,1.1015883690777437,5.492382775947529,-0.07320387474657829,2.7636406297605145,1.2791335537427844
1040,Normal,2,1750,12000,0.11585998977903343,0.09570739102273415,0.35419687757727986,0.6855650766395922,2.3836301879269697,-0.09239510670760746,3.0571112448119426,1.2217076412312247
1041,Outer_Race,3,1730,12000,0.26473824411233454,0.2134155863496678,0.6460460496044463,1.2839287459821587,4.322675470031989,0.04960389372684108,2.4403200669802514,1.3411575692338358
1042,Inner_Race,0,1797,12000,0.12662543155789027,0.09602467168757266,0.4925420702761033,0.9712837459267245,5.885298536270001,0.12073083472964122,3.8897563010549288,1.2110299417710209
1043,Ball,1,1772,12000,0.49170825075811503,0.41512142127891744,0.6538856793475949,1.242114059153247,5.500362014522653,-0.1582236613152311,1.329824501296114,1.2858816928025598
1044,Ball,0,1797,12000,0.3723540652694991,0.26853670687583353,0.649310153653421,1.2504150657448267,5.829498920390889,0.28576889712641407,1.7437976759659362,1.1012261171533373
1045,Outer_Race,0,1797,12000,0.1874028692602137,0.14899582755928187,0.6209644730883849,1.1741477709099073,4.522470976180215,-0.10375952719588644,3.313527031574739,1.438571880641204
1046,Outer_Race,2,1750,12000,0.20723473284880467,0.18573907456136546,0.5803821323645303,1.0442469820021811,4.458045619861262,-0.522770710784157,2.800602603560516,1.3305599379854347
1047,Normal,0,1797,12000,0.11588764920382495,0.09330805021878026,0.38874534605891875,0.6551514587213267,2.566646231471936,-0.11887812459694634,3.3545019571083676,1.1929843786303254
1048,Ball,1,1772,12000,0.33780269350794684,0.30823975643641616,0.6881972737576406,1.523402386091286,4.9256866170161455,-0.27021943744142346,2.037275862459784,1.2046598224417584
1049,Ball,1,1772,12000,0.1445733335432079,0.12351853167980041,0.7287534599375225,1.5824855414031591,5.467305819274811,0.014012236573881781,5.040718381994862,1.2189612845035775
1050,Inner_Race,3,1730,12000,0.1935034954007823,0.16418109152448568,0.6477155508878103,1.2532193324426584,4.954468745166283,0.5486398769595825,3.3473067220117603,1.2783158730698867
1051,Inner_Race,0,1797,12000,0.21223843093743874,0.15229239637936617,0.646696470823745,1.3613616214013256,5.4599089636244775,0.17705440040763315,3.047028137021852,1.1929852331006345
1052,Inner_Race,0,1797,12000,0.339036018375381,0.298032378259178,0.7724582992963656,1.5239436554170542,4.27011807670117,0.31592968592135506,2.278395973967282,1.2030478578811468
1053,Inner_Race,3,1730,12000,0.37559963147049114,0.33686682894084485,0.8017468515574361,1.6830082594592148,5.125845825566246,-0.19624578033143666,2.134578376497755,1.231036102153243
1054,Outer_Race,3,1730,12000,0.23480570094027298,0.1933086751863394,0.6128326577839693,1.216121725582261,5.114261104902921,-0.6807885782187645,2.60995646753847,1.2382371448973852
1055,Outer_Race,2,1750,12000,0.30417428454067935,0.2835521533503191,0.6309445091516004,1.4319798489689937,4.692914797667308,0.0007156439817657645,2.0742861616469743,1.217764812913562
1056,Outer_Race,2,1750,12000,0.16523497723878475,0.13038453873510505,0.5025941577370994,1.0476777940280184,4.606265496875262,-0.09007152918952438,3.0416935090612767,1.2864505309944632
1057,Ball,1,1772,12000,0.3254550711579664,0.28211320743886575,0.6223235907019522,1.116430133822045,6.024980475591558,-0.3437833096221489,1.9121643687644199,1.2166938079672298
1058,Normal,1,1772,12000,0.14048087008482837,0.12141373248218382,0.37976999964352903,0.896373101936397,1.5,-0.11608391902015877,2.7033573995819333,1.1991275043286775
1059,Normal,2,1750,12000,0.09156782480395108,0.08189704451673595,0.3483471294669719,0.7040370742257037,2.5489289346647346,-0.1306277397020152,3.8042525331664425,1.2851560849127808
1060,Ball,2,1750,12000,0.210289153075942,0.18446402438170653,0.7764387198856839,1.6894581588190316,4.87909160420385,-0.42486913669661097,3.6922433160653205,1.2502616644901658
1061,Normal,2,1750,12000,0.17247001533898804,0.15452839542079008,0.32671325504271803,0.6756175086846673,3.100172799094026,-0.34209706018321534,1.894319162670488,1.1698847772635057
1062,Inner_Race,2,1750,12000,0.24274553243137117,0.19939775378280258,0.7392741308660158,1.3892224003480527,4.061166497368551,0.2307388232250111,3.0454695642030933,1.392265758804098
1063,Outer_Race,2,1750,12000,0.19892274834051218,0.17728243137962457,0.6203049356842081,1.3440624493379778,4.941193250861556,0.602583622195852,3.118320759485898,1.2878790753886822
1064,Ball,2,1750,12000,0.2405691575908615,0.21107732175362365,0.7146799307092371,1.6259076917130337,5.208051224528913,0.35178163142924607,2.9707878510540437,1.2139965333075962
1065,Ball,3,1730,12000,0.27707850378217175,0.23622231978312067,0.7425732430825221,1.5274380735738426,5.386220909798085,-0.17539712688874784,2.6800102965270236,1.271298775221015
1066,Ball,0,1797,12000,0.35577534992793636,0.2653693332757611,0.7011952944276355,1.475095570241457,5.961668194404951,-0.44366298420930966,1.9708934150993465,1.2557669890437426
1067,Outer_Race,0,1797,12000,0.25218212896141756,0.20757639773880618,0.6735476170540786,1.2585310614495844,3.4730273783953916,0.2025815041921303,2.6708776701505585,1.284494200285181
1068,Normal,2,1750,12000,0.09603719023583816,0.08584125581923413,0.29694339005186665,0.7048721493377407,2.239165123004836,0.02175271353143747,3.0919624920581694,1.331141912941109
1069,Normal,2,1750,12000,0.10104025871740036,0.08204217727746516,0.2874412561020943,0.7048439927613763,2.427564557039718,-0.12361563932650714,2.844819082520752,1.1922341181463318
1070,Inner_Race,0,1797,12000,0.34011494944034426,0.25438189953236623,0.6666849027405837,1.1326845846111433,5.495937794727296,-0.2587970346326155,1.960175240275698,1.3023004731901635
1071,Inner_Race,2,1750,12000,0.24974387967749515,0.21145824123922383,0.6296470993751652,1.4123320596724136,5.397781770205754,0.31118118851605214,2.521171290316524,1.3318701161031836
1072,Normal,3,1730,12000,0.07992337139303721,0.07386937949325784,0.434932192390874,0.9055397175120647,3.267607203723682,-0.7707299407642172,5.441864936502974,1.2623076520622056
1073,Ball,0,1797,12000,0.3791949075927586,0.33197399937177696,0.6146159035881705,1.2003476092663965,4.104998972139369,0.10324821004318836,1.6208442974351476,1.379944426529923
1074,Normal,2,1750,12000,0.12956812151793523,0.10255809062152106,0.3718935890790717,0.7308691583700875,2.8330496172581765,-0.2868148558107875,2.870255312203419,1.2122685873494743
1075,Normal,3,1730,12000,0.058970369244389594,0.041881003338558896,0.34487901069998633,0.6781014816736752,2.849765951803463,-0.16237687255908223,5.848344094145178,1.142298830750827
1076,Inner_Race,2,1750,12000,0.268630542281298,0.22345602727731023,0.7282269697779501,1.5235693661621963,5.2431098448395534,0.3339960262163977,2.710886720451106,1.3754866541073685
1077,Normal,1,1772,12000,0.05532880873535557,0.045117128776705484,0.3416976969273601,0.7150945439934536,2.711009296200928,0.14546623361355265,6.175764574324052,1.3330201816229645
1078,Outer_Race,3,1730,12000,0.1261260283429551,0.10635091452893665,0.4492713610515129,0.9235804424293375,3.792050340506588,-0.09588194830544887,3.5620828385230556,1.1964626233299027
1079,Ball,3,1730,12000,0.3004641989738576,0.21671292430429556,0.6619051718184363,1.1648071098976354,4.5678828252171435,0.029415794033493575,2.2029418948379487,1.2159356631043488
1080,Inner_Race,3,1730,12000,0.2982101451903801,0.2443192028617916,0.6286755629375025,1.1494131317531062,4.757956180537225,-0.18033709633154263,2.108162894780626,1.3051535389358124
1081,Outer_Race,1,1772,12000,0.22622488093066292,0.18390536227553245,0.7933050714374763,1.4157899072559204,4.53119570354252,-0.35593302780093106,3.5067100849999844,1.2747158399300014
1082,Outer_Race,0,1797,12000,0.2791416018363197,0.22136487522281306,0.5666841558360913,1.0943516122634345,3.829421540768535,-0.16302559294827687,2.0300956650968063,1.2743357811074982
1083,Outer_Race,0,1797,12000,0.22516781183844692,0.19218902196337345,0.5636720829241123,1.1046010106510429,3.6535527628321205,0.13493362931408778,2.5033421887518053,1.295061529091193
1084,Ball,2,1750,12000,0.39847959530687765,0.32226044992431707,0.6315859053418269,1.2614843532974038,5.691786098910251,-0.07888000031168023,1.5849893263805117,1.2862754375921588
1085,Normal,2,1750,12000,0.11408830526743535,0.09695848204516229,0.33545583510625937,0.5821330867263536,2.951008001958699,-0.19183179836034414,2.9403174525199103,1.2367457295187654
1086,Outer_Race,2,1750,12000,0.08777368010701342,0.07240142795755575,0.6158114637660621,1.2944014493744336,4.6645511631029715,-0.4942965109873975,7.0159011564203135,1.1749731989520729
1087,Ball,1,1772,12000,0.31699204007883225,0.23704691391963603,0.6519372733303251,1.327993535546319,5.873881306314041,-0.12199071408692543,2.056636100919745,1.2004499051506181
1088,Ball,3,1730,12000,0.18617868900155918,0.12960608988281447,0.6424641956560585,1.4399500865689772,6.631791229021971,0.05864761705761066,3.4507934237880367,1.2912175498377065
1089,Inner_Race,0,1797,12000,0.23226880793192453,0.19705694803560292,0.5280874935721516,1.0078022423577373,5.789191190947637,-0.11142751733209064,2.273604873052641,1.2986355168596635
1090,Normal,0,1797,12000,0.10707855648761773,0.08378894445588894,0.35323250409658213,0.7408240488078989,3.778798503070006,-0.031561094858695224,3.2988164547906376,1.2525864228247348
1091,Inner_Race,3,1730,12000,0.3721961876783608,0.2929370275645559,0.5467004634445499,1.1152907238441845,5.591896263798353,0.24026178379992136,1.468850250333541,1.2560930345845367
1092,Outer_Race,0,1797,12000,0.21591415283121387,0.19302494139510915,0.49410545112487014,0.9688619562139639,4.386883397312901,-0.17442614265943632,2.2884347535621075,1.2346945409867671
1093,Inner_Race,1,1772,12000,0.2854644193004806,0.24149422468846307,0.5738088384380202,0.9965008781986753,5.144313640091901,0.023520239629337025,2.010088822432289,1.1447771038962746
1094,Ball,1,1772,12000,0.45916208149564364,0.35061311013707713,0.7691934890945169,1.6455759390818852,5.917094828449422,-0.08859948604846465,1.675211260017373,1.174858135363957
1095,Normal,0,1797,12000,0.10001187465916307,0.08277846524312057,0.28541099502535994,0.6002656718944515,2.556773557535174,0.11619471552513128,2.8537710746651888,1.235476131781824
1096,Normal,0,1797,12000,0.0988571606883329,0.08572853274643669,0.3416465134508272,0.603746926943454,3.012925583505664,-0.20225138122790964,3.4559612179024297,1.3386351741178195
1097,Inner_Race,1,1772,12000,0.16822053326859215,0.14080057671710638,0.6424715333586017,1.0657129649185184,4.788989231321032,0.44230780624369115,3.8192218326450598,1.278857134425423
1098,Outer_Race,0,1797,12000,0.2930094006129007,0.2542528583470093,0.651113875700559,1.0133880511403752,5.55343767114316,0.15910010885698225,2.222160361881207,1.1130167732158018
1099,Normal,0,1797,12000,0.0804418492306429,0.05745100270440944,0.3503031751824574,0.685172142129503,3.0595151909881517,0.26873208614658894,4.354737969512213,1.2554798017855173
1100,Ball,3,1730,12000,0.32704478375645146,0.2631468654977712,0.6906255464825175,1.495854594372832,6.192877821296965,0.2709915609657734,2.111715522718206,1.2606035486424447
1101,Normal,0,1797,12000,0.04650527530617043,0.03772078386007478,0.3181648394675639,0.629725848559379,2.3309000090053154,-0.0051849638664004955,6.841478463957165,1.3185150267013142
1102,Inner_Race,2,1750,12000,0.3478153186056714,0.2649728549527374,0.6500258667699956,1.3993252280212454,5.502867269426265,0.3487120512288378,1.8688822257048125,1.231353217150075
1103,Ball,0,1797,12000,0.34516029776831647,0.31146757469276837,0.7567219521212002,1.2910036888307397,5.209306736617447,0.17409251793052194,2.1923783152752354,1.2904621792610178
1104,Inner_Race,1,1772,12000,0.24494561374668547,0.20210828202958936,0.7377300475143354,1.4538770768798746,5.096952369650502,0.3747808709997781,3.0118116272017468,1.3493288617095656
1105,Outer_Race,3,1730,12000,0.20002912863287153,0.17397517414962022,0.5845657703246445,1.3063720398781642,3.7332421529971946,-0.4225004419865333,2.9224032235702126,1.2036772909399287
1106,Normal,0,1797,12000,0.09516874982920417,0.08032467692940537,0.38129869306051906,0.7129453898456277,2.3112333937228855,0.04743154479965915,4.006553556128684,1.1959382706399992
1107,Inner_Race,0,1797,12000,0.15672344589136122,0.12665184353194273,0.6309495427270538,1.3040928624469623,4.995215896495141,0.013529104049285146,4.025878445554473,1.1765499967362443
1108,Normal,3,1730,12000,0.09269759092446367,0.0671603447493565,0.32002771317247236,0.6664808097903541,2.8763310759951732,0.14987924751644047,3.4523843605952265,1.2164868643333369
1109,Ball,0,1797,12000,0.4678942632665639,0.3626781645728423,0.5800817885672342,1.0626585113831346,5.112991490292624,-0.24358173415422774,1.2397711066544024,1.244173482848956
1110,Normal,2,1750,12000,0.13849147682424787,0.11775355674762886,0.4399334330490686,0.8547819985427044,1.8021145268986656,0.26329451697204237,3.1766101650238348,1.3765454359238698
1111,Outer_Race,0,1797,12000,0.1671497884110137,0.14227902547299823,0.5728742489886048,1.1282457906776395,3.9505654819489964,-0.002700597358334253,3.427310644150702,1.1902686026022866
1112,Inner_Race,3,1730,12000,0.1835819296287151,0.1367956512225967,0.5868516225294649,1.2105419169273202,5.188981244297841,-0.05012677514891717,3.1966742245075084,1.4053438588543432
1113,Outer_Race,0,1797,12000,0.24940089345705155,0.19107539099273627,0.6279587485394637,1.1799485907382612,4.056654750481605,0.03829297681489608,2.5178688810415277,1.118183035865561
1114,Inner_Race,2,1750,12000,0.26089754393646813,0.21955339509668123,0.5134129628041234,0.9346300704046071,3.6189891242240737,0.5824684736441557,1.9678719663575905,1.1613114553778658
1115,Inner_Race,3,1730,12000,0.28142548209719276,0.2330503853011431,0.5289759798051887,1.0393912537952017,5.985815533122141,0.18285399954892856,1.879630713833164,1.2863156801618159
1116,Ball,2,1750,12000,0.40422751549577246,0.32976677466057885,0.5682181950694516,1.0524068577178907,4.7973540904530285,-0.03293588142799299,1.4056890569968985,1.237174277998416
1117,Outer_Race,0,1797,12000,0.18477480550050326,0.16013005853425416,0.5854846359368819,1.2704840846965308,4.403543257055604,0.7613313980027864,3.168638897229348,1.2863052401505215
1118,Normal,1,1772,12000,0.07434248624760606,0.060019927239261556,0.27777948418363707,0.5686507307381788,1.6520829267393562,0.04041773101430778,3.736483647566764,1.3405725498002652
1119,Normal,3,1730,12000,0.09046766481549769,0.07746496664047611,0.4467695827228068,0.8164803105905151,2.6173254028154846,-0.18093966869388556,4.938444953055452,1.3068390241746937
1120,Outer_Race,2,1750,12000,0.27768465329458575,0.21956987829472815,0.7365521637996515,1.5221267949633084,4.044494136354258,-0.09167629553626933,2.6524770276673144,1.3022086024124293
1121,Ball,2,1750,12000,0.35200617876520424,0.25403343270272616,0.604141800730346,1.1511031634773075,5.875620736226079,0.3082650687056931,1.7162818074660038,1.169287466002111
1122,Outer_Race,0,1797,12000,0.2141977324549386,0.1858545634419189,0.5003427570267529,0.8530117732162402,4.840150667727569,-0.2514196042872125,2.3358919410223518,1.2540950424523747
1123,Inner_Race,0,1797,12000,0.2595701612698252,0.21671179828066314,0.7231477400049541,1.5425696067182861,5.107250036942229,0.0394961798826486,2.7859432550617265,1.2433009645602848
1124,Outer_Race,1,1772,12000,0.20624997545956802,0.20152487213858697,0.5926804031814944,1.2280570300795124,4.211985643033301,0.255018354107467,2.873602296731811,1.2042231186093773
1125,Ball,2,1750,12000,0.3490617299189577,0.29073123715371757,0.809354024274249,1.7833870135895078,5.655704405642112,-0.0286530897500807,2.318655856264043,1.196483048722442
1126,Outer_Race,3,1730,12000,0.16974278035692714,0.1386462389889646,0.45880154803670503,0.9783554148988116,4.0703973618937965,-0.11787275537543922,2.702922310285944,1.2634736575416259
1127,Normal,2,1750,12000,0.10098217053926375,0.08072320861622857,0.3471704160163253,0.6910286800417628,2.4541329733050805,-0.19329861440969132,3.4379377484398495,1.1858753372608017
1128,Ball,0,1797,12000,0.26148563568914657,0.20706159267630322,0.7561835844531684,1.3364131945517501,5.225118062316017,-0.025589933497438985,2.8918742800545933,1.1865169748479318
1129,Ball,2,1750,12000,0.30989664701158814,0.23210970884994203,0.677882011502535,1.4518661467228575,4.839573823742313,-0.019661067093092705,2.1874454533132996,1.250570288347282
1130,Outer_Race,1,1772,12000,0.40870262479592406,0.3250150864839338,0.6113036550919987,1.1476564820734148,4.890261395599672,0.2176968992129838,1.4957174679199543,1.2878607914864704
1131,Outer_Race,0,1797,12000,0.2161708729347027,0.1656481112437708,0.5003494946813275,1.0837006006809569,4.295299479763993,-0.6034030821270175,2.314601814243794,1.1486143309693249
1132,Inner_Race,0,1797,12000,0.23029015650015755,0.21151100528727393,0.6389441166533641,1.2611901595449633,4.324504825497207,-0.2587084249068916,2.7745177056793873,1.2604863810256575
1133,Normal,2,1750,12000,0.10907024435187238,0.0914370242242906,0.3297870346202929,0.6606429907725156,1.689534502569618,0.11504175517386962,3.023620572044969,1.239992894963974
1134,Ball,2,1750,12000,0.28067316817861426,0.2142770782897604,0.715617521214726,1.3937023575747294,5.739089327823719,0.006723015431296536,2.5496470712131725,1.3340410297234464
1135,Normal,2,1750,12000,0.05910641779514952,0.049399636316018534,0.408090810724908,0.8213626042229315,3.147313544656114,0.25320228855090005,6.904340102952363,1.2335450124627132
1136,Outer_Race,0,1797,12000,0.2336715659531895,0.2085342007935299,0.616880382252154,1.3076132242007135,4.345599567069495,-0.05058843993637055,2.6399462841607835,1.2574647705378956
1137,Normal,2,1750,12000,0.0987165499365801,0.08786537987358436,0.251418703409797,0.5040658709703618,2.6562769933678303,-0.34287528536103723,2.546874901638272,1.2093789436608724
1138,Ball,1,1772,12000,0.24786706155821564,0.230746118813956,0.8072617233201744,1.688725257283424,5.709427314054422,-0.041170005611335665,3.256833393857682,1.1363958033190906
1139,Outer_Race,1,1772,12000,0.27615173420081673,0.21402505152797505,0.48255288143605124,1.0088704526588828,4.569271978566855,-0.3572345417365419,1.7474193411551788,1.2237753409465664
1140,Inner_Race,0,1797,12000,0.2924531940421976,0.24756291931606633,0.6025554063195806,1.2661226581055365,4.7261522045508055,0.041779531704757164,2.060348180819112,1.2841765221908332
1141,Inner_Race,1,1772,12000,0.34047795422450167,0.27346019970229346,0.7570505680840116,1.7301312536310955,4.593704474730053,-0.5802488286742333,2.223493646771719,1.187958310389488
1142,Inner_Race,3,1730,12000,0.18070508694944068,0.1417951099048764,0.6176445219334498,1.363481716884005,5.087951181624633,0.4708996575270339,3.4179697559165003,1.2198561279471674
1143,Ball,1,1772,12000,0.2521692348444564,0.20087260793749623,0.7685229960647655,1.6379285461620259,6.048235977135478,-0.06538462784393576,3.047647729663801,1.2391447293244808
1144,Outer_Race,3,1730,12000,0.19312244818441965,0.1452094636389942,0.5238835337575322,1.0275631476106084,4.964213926571166,0.31474437389302545,2.712701390659965,1.3409173623155923
1145,Outer_Race,0,1797,12000,0.1781858490249012,0.1422864342280158,0.6353123054485423,1.2169421914139915,4.36364721577889,-0.352998144287556,3.56544758702897,1.2205000669251271
1146,Inner_Race,3,1730,12000,0.19767639720163227,0.1590166673508305,0.7379056491506385,1.3571694220761998,4.537087202893022,0.46306311186640525,3.7328970964498405,1.2452819487250186
1147,Normal,1,1772,12000,0.11674385241779794,0.09854408292401064,0.34851594880365416,0.6776098499309026,3.1573569123661005,0.29058414195278875,2.9853045071392716,1.1857226651809
1148,Ball,3,1730,12000,0.39744199160598964,0.317366923099253,0.6547654479561262,1.2917917078760943,5.957120639386803,0.13511604600701563,1.6474490914015907,1.266168106475859
1149,Ball,0,1797,12000,0.35538992801901775,0.29440204347932214,0.670495265377398,1.2650330419637854,5.725629164431891,-0.020629433953900416,1.886646785728599,1.3423182859954017
1150,Ball,1,1772,12000,0.23677524742380218,0.2167741743023684,0.598781665282633,1.1802505314808982,5.115012273558425,-0.2438556300943347,2.5289031340800516,1.2811834095107335
1151,Ball,1,1772,12000,0.43935108481332835,0.36404727993218733,0.6515964254479021,1.112548413192071,4.553250599508773,-0.13411578602968383,1.4830882361989675,1.2909014364492617
1152,Ball,3,1730,12000,0.0755034579607734,0.061497498880391833,0.80879585257271,1.8275992683857536,4.458054618645574,-0.20034818980978888,10.712037228717483,1.3057717209363406
1153,Ball,0,1797,12000,0.2931149284773085,0.2189022301705812,0.8653475446899852,1.7367210196219054,5.432269540885433,0.39817843344569437,2.9522465784508007,1.2510037819209558
1154,Inner_Race,1,1772,12000,0.18993613813663607,0.14012916109935872,0.6023917927426701,1.4155701928944406,5.3481615215578255,0.2186337092777625,3.1715491251555408,1.3141553139558482
1155,Inner_Race,3,1730,12000,0.32290006407870764,0.23847409782803103,0.5277695969247743,1.0083450127983977,6.074970001578796,0.6244735580981529,1.6344673031595598,1.278853291548062
1156,Normal,1,1772,12000,0.05899094898600551,0.04864876456143429,0.356804535583501,0.7586838315823266,3.2008891323288404,-0.049355479416158234,6.048462377985243,1.2161882710179186
1157,Inner_Race,3,1730,12000,0.1939488905722771,0.165287618481393,0.6104358979016045,1.2657469912820596,5.208175728906951,0.16720090642376606,3.1474059794846783,1.2022386808671761
1158,Normal,1,1772,12000,0.07337709454447651,0.05898024587453365,0.2893829377177204,0.5599275316794512,2.4939533377073477,0.32742094666667343,3.9437775441260476,1.241154681407133
1159,Normal,1,1772,12000,0.12573573940159696,0.10537918393900803,0.32750197460825325,0.6620107521885537,3.101184483662695,0.2983503316106452,2.6046848427257405,1.2583244493543002
1160,Normal,2,1750,12000,0.057054943564452454,0.045667646539914335,0.2518081369517851,0.5759397796877336,3.0283132772698536,-0.1589167523743112,4.413432407786515,1.3234268722308788
1161,Ball,0,1797,12000,0.3725307186378499,0.2805833462892481,0.632025207624869,1.1865948725657707,5.562748078015879,0.1551993597868496,1.6965720570262093,1.1796530293419587
1162,Normal,1,1772,12000,0.10001934273086854,0.08814017726276323,0.32181801621299283,0.5498780342557763,2.3308779105592206,-0.20156512856907186,3.217557798584408,1.2907880685890452
1163,Outer_Race,2,1750,12000,0.15284376895306775,0.12110322699725715,0.623153198100913,1.417325268056144,3.651059439157537,-0.32193365672518603,4.077059878654644,1.3015035039459824
1164,Ball,0,1797,12000,0.26155473013242553,0.20311122716247282,0.7819257318657484,1.6835036491648925,5.4896820223170035,-0.20405480665513595,2.9895300745272637,1.2333327676649148
1165,Outer_Race,2,1750,12000,0.20367122540832033,0.16406515707273753,0.5443369447853121,1.1692342983426087,4.737434124479736,0.25892522047240757,2.672625667636775,1.1717106229789391
1166,Ball,2,1750,12000,0.23441705966033635,0.2068542019081445,0.7602334302768498,1.8371336149912494,5.670556588672078,0.17442200975352096,3.243080650266693,1.2321083154267778
1167,Inner_Race,3,1730,12000,0.24207211265055056,0.19474035934476513,0.6729510198833683,1.4020181603621948,5.634913344804434,0.22721263957594107,2.779960948474986,1.2796160202230993
1168,Ball,0,1797,12000,0.16093567513871376,0.14800816790165053,0.6732425997917987,1.45069674046792,5.6521029715933935,0.07593295770985173,4.183302423229138,1.2573838530974017
1169,Ball,0,1797,12000,0.2090981000235994,0.15930930729644344,0.8693394095927465,1.7545301563043607,6.118897260403208,0.34622673441131274,4.1575672351620145,1.276216481171568
1170,Inner_Race,2,1750,12000,0.2536008620393078,0.19034448179170027,0.635532561879468,1.3308058547054653,4.725533909744028,0.06878920115703469,2.5060347065419726,1.2609301749647253
1171,Normal,2,1750,12000,0.1527882332827526,0.10847308548059927,0.37106901855914487,0.7270970318769073,2.3476398003236616,-0.06946892678906634,2.4286491870904614,1.2096358872577895
1172,Outer_Race,0,1797,12000,0.2330211985704327,0.20635529630504415,0.668310776459,1.4239164072615942,4.299594151869029,0.12361038730321915,2.8680256584338064,1.2195597484848741
1173,Normal,2,1750,12000,0.0796092141588362,0.05778304778868734,0.26504342390226865,0.5330492059289687,2.863921843176805,-0.2954453944131036,3.329305868708292,1.187872355462133
1174,Outer_Race,3,1730,12000,0.31446168304407474,0.2648497400943357,0.5057831833972111,1.0486529157462665,4.968560882179656,-0.13690589647175144,1.6084095795109028,1.3471346739896928
1175,Ball,3,1730,12000,0.28902664578759457,0.21964560347183082,0.8168446940884817,1.5804733704228797,6.448530608571314,-0.5310396668797089,2.82619165393069,1.241631675409372
1176,Normal,0,1797,12000,0.12880612224449225,0.11666789162865973,0.3126072187327335,0.6172516595925044,2.478330357099776,-0.1709419105380707,2.426959319055974,1.2348958260762117
1177,Outer_Race,1,1772,12000,0.12932048793006273,0.10518176788585369,0.6159131989428462,1.2106297489492706,4.049887690007823,0.25754634965037543,4.762688486575581,1.205966720349333
1178,Normal,3,1730,12000,0.06764731087443647,0.05160708730317586,0.372901472950463,0.762244792289464,3.134545491845143,-0.08153755451265372,5.512436017488174,1.3105977296079174
1179,Ball,2,1750,12000,0.36269618395730496,0.28536685101425524,0.7361177520257837,1.289687153911002,5.18660426662246,0.25234908023537833,2.0295712626313054,1.296429991519678
1180,Normal,0,1797,12000,0.04172450759529516,0.03281367573505042,0.34280310487311844,0.7811819259626084,2.0570154159920517,0.1677483238617724,8.215869392591053,1.1872574912486782
1181,Ball,0,1797,12000,0.21506593174801533,0.17153412746899277,0.7322367260573485,1.290905819781859,5.249693233476254,0.319028010236604,3.4047081288322443,1.218165984391324
1182,Ball,3,1730,12000,0.29017651256528354,0.24805864588952592,0.7867362367794338,1.503432285974888,6.344096518803818,0.32908705030116525,2.7112333449194477,1.2090578183492384
1183,Normal,2,1750,12000,0.07892600335385272,0.05988799102091183,0.33628264054294305,0.67583476068408,1.7273294739425213,0.12367328338631403,4.260733170983852,1.1744002028112275
1184,Inner_Race,3,1730,12000,0.1959157757756612,0.1513127666632099,0.6733884828455782,1.3302596926853696,5.24367264584075,0.3004303431514087,3.4371325135994173,1.1852896716750665
1185,Inner_Race,2,1750,12000,0.15943012568563825,0.13285266726481942,0.6216489496910168,1.2334872799476104,5.475424868967809,0.39328146826281085,3.8991937503503835,1.1683092662466494
1186,Ball,1,1772,12000,0.2700984888319785,0.21738263529482085,0.5701171677931006,1.262443287488722,5.322955872417881,0.12647426500072761,2.1107751111771536,1.2089561487608225
1187,Normal,0,1797,12000,0.06886711227374652,0.05265574008384755,0.41497483609633073,0.8492334210754345,2.3806778846358165,-0.03158675278188594,6.025733073383523,1.1856074705425579
1188,Normal,2,1750,12000,0.06334795594400892,0.058157036329823275,0.39057821730194453,0.771627872832608,2.044552656302304,0.26350216001523136,6.1656009492581445,1.2209160997268833
1189,Inner_Race,2,1750,12000,0.13337612975377877,0.10751120586857822,0.8938414895378142,1.790042971943996,4.591916173115389,-0.10212415632666014,6.701660118552736,1.1482586046952712
1190,Normal,3,1730,12000,0.13518597784793068,0.11286557205435105,0.402668807883977,0.7506828701738856,2.789425039503282,0.07176337874318404,2.9786285108425594,1.1691833062722126
1191,Normal,2,1750,12000,0.10797107600351138,0.08448405177439396,0.3526911012346557,0.6107812395093085,1.5,0.20783534252707178,3.2665331706353062,1.2738687258484274
1192,Normal,0,1797,12000,0.12077366698416538,0.10915773094802342,0.3724484941027585,0.8597942397471278,2.976479023731503,0.07555336589499868,3.0838551432870727,1.2351541375629775
1193,Ball,0,1797,12000,0.16430539940797456,0.14415497147852915,0.5087117358706793,0.9697060783519336,5.512611692812187,-0.19744058085334074,3.096135231731094,1.2788872443795365
1194,Inner_Race,2,1750,12000,0.33832191086253427,0.2635021350177007,0.6133738121441547,1.101422699480888,5.387746582303375,0.08756438739738105,1.8129887318867104,1.386306236636926
1195,Normal,0,1797,12000,0.10251958979525146,0.08676629973664439,0.3904519208733522,0.7763211984750609,2.4950308604674905,0.496566170122382,3.8085591412641144,1.2495885007536913
1196,Normal,3,1730,12000,0.08651150891559353,0.07452054480949354,0.28886358231902787,0.5563712467933124,2.0354491683156706,-0.15124333046736688,3.339019119419853,1.1764445658223266
1197,Inner_Race,0,1797,12000,0.20101392885570418,0.17349419080405068,0.7683466842004492,1.5333031384062956,5.546571907780954,0.2827714895346688,3.8223554386223606,1.242764813981141
1198,Outer_Race,3,1730,12000,0.34879566629942976,0.2726758482685124,0.5132396173477451,0.9428897831907139,5.146935383355105,0.28234190578208823,1.4714621394038354,1.2844909541454732
1199,Outer_Race,1,1772,12000,0.07047905153924569,0.054939449359211905,0.6181306507753669,1.2296623227793364,4.699191260715452,-0.13083610456889946,8.770416702204992,1.1896780227606123
1200,Inner_Race,1,1772,12000,0.29691707778910414,0.246305762853914,0.6909007167616459,1.4324938348114236,4.48955895452532,0.243265773843782,2.326914712707709,1.2024139756120191
1201,Inner_Race,1,1772,12000,0.3424113172955875,0.28932606798917787,0.5747104595389402,1.0748173102280594,4.760668555310888,0.1973659770341312,1.6784213327937985,1.2576867361647526
1202,Outer_Race,2,1750,12000,0.14091959759794642,0.09781069938609338,0.36288454529878644,0.71811763669331,5.87612670632857,0.44919488094785665,2.5751176662746493,1.3142836789599586
1203,Ball,0,1797,12000,0.29349129676515495,0.21487238297020914,0.6066337365338583,1.097039108860129,5.375975723556992,-0.045614902552994045,2.066956476120901,1.2344031940052298
1204,Outer_Race,3,1730,12000,0.1964183353623389,0.16148967884598128,0.5038706495343614,0.8993488848432057,3.775565209673429,0.16231195028205686,2.5652933500574466,1.2714821905444704
1205,Outer_Race,0,1797,12000,0.08902158160229179,0.07266072021290763,0.49308203530768857,1.1171565454059322,4.281648053127245,0.1703764964547803,5.538904459264231,1.1854542097464134
1206,Inner_Race,2,1750,12000,0.2560837694043766,0.21849273969749716,0.6590126014479883,1.3561003950203938,4.268703833542466,0.2885090549286311,2.573425887086796,1.2811422750894732
1207,Inner_Race,0,1797,12000,0.27795609786273123,0.24326699082264305,0.7021670635864253,1.443511648078708,5.353170562901484,0.3221027634721963,2.5261797420008065,1.1630340605834213
1208,Normal,1,1772,12000,0.10409892483605972,0.09118274752695638,0.32940372038993243,0.5884327090653383,2.971276596020524,-0.05150592115398615,3.1643335501177767,1.3303198864640338
1209,Inner_Race,2,1750,12000,0.290043354350387,0.2627409877793572,0.5228800813894513,1.131288703051745,3.604612866339875,0.04992834245462152,1.8027652540446966,1.1446616050853629
1210,Ball,3,1730,12000,0.2880944556238893,0.24942410498113252,0.5716966883851596,1.1499879941926994,5.53531718957872,0.46558024331218495,1.9844071179610494,1.3323201185208007
1211,Ball,0,1797,12000,0.2456614615194891,0.1877587240229524,0.6306268201610647,1.375008903811673,5.51465832610045,-0.1388917991066302,2.567056372051402,1.2832256573448482
1212,Normal,1,1772,12000,0.08815492056480766,0.06559901013008061,0.33913335921226156,0.6587756829058807,2.2832118114781617,0.03876156407624368,3.8470156519844574,1.2351846102992678
1213,Normal,1,1772,12000,0.08608381964270731,0.06984427501268496,0.44066219652983596,1.0308275574325576,2.1202503954286454,-0.22861189164713966,5.118989821302233,1.3199161761166356
1214,Inner_Race,1,1772,12000,0.21811765603394445,0.18199310900133045,0.8057634519959089,1.6101777601857339,5.388436796966526,0.28010518732509826,3.6941688566033024,1.2878775974850603
1215,Normal,2,1750,12000,0.12647904329354648,0.09726465477546346,0.40627495103065536,0.7743632441215913,2.4371177537051483,-0.2721219559066979,3.212191841835234,1.310565106666208
1216,Outer_Race,2,1750,12000,0.04980560094625716,0.04014331732758401,0.5446449930879904,1.158134080470841,4.832639406096254,-0.1769093577748242,10.935416554368869,1.2793319314358869
1217,Outer_Race,0,1797,12000,0.20357673730353715,0.18508329581700042,0.5227675942402316,0.9853323802812627,3.9792787166105668,-0.3705098698590462,2.5679141986678675,1.2311023557859908
1218,Normal,3,1730,12000,0.13206904632088382,0.11654889165195313,0.4506789020103359,0.8960309403784501,2.5567087399120862,-0.32505658628333983,3.4124491284304135,1.2079291464366941
1219,Inner_Race,1,1772,12000,0.2594827393157071,0.22291538812977127,0.5611483108994049,1.1538649572832078,5.112859789874668,0.18475875997342167,2.1625650799711487,1.2942146369660021
1220,Outer_Race,2,1750,12000,0.3635215305284608,0.27386961744216726,0.6301429009796699,0.9701327070872734,4.9677354722153515,-0.4675386541354387,1.733440382646977,1.2836948952331173
1221,Ball,2,1750,12000,0.16182778044211749,0.1306052641826083,0.7924717755389803,1.3494446167039043,5.302286170766399,-0.1283421922040142,4.897007011861176,1.1584237803366433
1222,Ball,3,1730,12000,0.174050459805392,0.13779963683798516,0.8544474061965099,1.80655682711211,4.994971595677018,-0.06676763459577224,4.909193616333322,1.2648691150240539
1223,Inner_Race,1,1772,12000,0.20696144582753556,0.1484715067459293,0.5971455061995825,1.327019672033259,4.790370532116354,0.12418659238477023,2.8852982922103947,1.2412784273038866
1224,Outer_Race,0,1797,12000,0.2206212339991873,0.19539026630944983,0.5383666600252367,1.0543890138921146,4.606903997710656,-0.19353323546234613,2.4402304812927476,1.2628633863132233
1225,Outer_Race,0,1797,12000,0.2821635655069289,0.21782410061989724,0.5800061965550692,1.2257835693768462,4.1465436731529906,0.273853448153739,2.055567293080674,1.2454613222494297
1226,Outer_Race,3,1730,12000,0.07942965359398496,0.06335176153621569,0.6058628321637131,1.380916012518545,4.912339034761387,0.2815540579445872,7.627665547437233,1.3304315431879734
1227,Ball,1,1772,12000,0.26858597539123413,0.2399130222559086,0.6432998212454466,1.3859480496397663,5.903324825530183,0.06868091211245504,2.3951355624893957,1.27088719791024
1228,Ball,2,1750,12000,0.43978413646929826,0.3772959786082993,0.7494292331719588,1.4493541991102457,5.520829396274488,0.041179317492508215,1.7040842791387887,1.2254976641210107
1229,Outer_Race,1,1772,12000,0.2714038201930354,0.20980918687972827,0.4779248512021045,0.9622944885328606,3.6390304644713805,-0.08091524874840945,1.7609363451928624,1.2826557635158249
1230,Ball,0,1797,12000,0.4584337331937678,0.3224277048639071,0.9164895866195097,1.7988014202418559,5.691294775194919,-0.35370803940592915,1.9991757156145704,1.1906535655268824
1231,Normal,1,1772,12000,0.10103681340879311,0.0824775587139132,0.2686298251740759,0.5404314943805099,3.165205578099116,-0.059069658870797175,2.6587321601999117,1.1806821874066693
1232,Normal,0,1797,12000,0.08397261543147881,0.07689429761186556,0.35190238850165345,0.7066056526143231,2.754439672431502,0.017328937735281484,4.190680338982699,1.4392741471957942
1233,Ball,0,1797,12000,0.26330442416292515,0.19436163939499046,0.8605154046714344,1.9394066249370203,5.9685660828505736,-0.05961685933472211,3.2681387994414113,1.316344758936394
1234,Ball,2,1750,12000,0.454837771578343,0.3540767216876157,0.516476561381044,1.1180821370782306,6.325276712489842,0.41480392179163056,1.1355181861629629,1.1883062298879405
1235,Inner_Race,3,1730,12000,0.3461215741787825,0.2849189883289481,0.4880489413676503,0.9782750527814301,5.341865024830679,0.1161824858584374,1.410050623182356,1.2614053826780376
1236,Normal,3,1730,12000,0.07495653141819936,0.06973122997682624,0.42872254753496597,0.8572635134936938,2.85483798280111,-0.2452145142592547,5.719615614855847,1.2110892261133464
1237,Normal,0,1797,12000,0.14399122929035502,0.10486105882571801,0.3694830985875005,0.7708317345222127,2.9901835831890917,0.4107044169621173,2.566011141153926,1.1345062324459212
1238,Outer_Race,1,1772,12000,0.26712215705094505,0.2203902101319713,0.5360047756113971,1.0952347802454179,4.969324740675136,0.054232171354246406,2.0065904735456717,1.3076121633834492
1239,Ball,1,1772,12000,0.23827954241298904,0.18887122009093676,0.6472128422939871,1.3268939795932018,5.729961652961193,0.24487940022179905,2.7161913932679536,1.3060028620633641
1240,Inner_Race,0,1797,12000,0.374365556154499,0.30328486090836276,0.6523502202816275,1.2864238083673214,5.623166950296904,0.4429521701787573,1.7425487189115374,1.1840929090876886
1241,Normal,0,1797,12000,0.1006641902839387,0.07727525235791932,0.43085894926588864,0.9207496403010575,2.448837560234186,0.35595471173610277,4.280161078637649,1.2843967166072165
1242,Ball,0,1797,12000,0.41304561304460424,0.3158605377162329,0.770263917381011,1.636926758885584,6.938200059772482,-0.18557527940846427,1.8648398459030024,1.1664504616601221
1243,Inner_Race,0,1797,12000,0.2513876814426843,0.18741407894682252,0.6406410007529256,1.2815346458286565,4.417610393786591,0.22804340471288237,2.548418431151289,1.1928727709667883
1244,Outer_Race,3,1730,12000,0.18207091374340864,0.14767620255998126,0.5796837823671758,1.1795240164156964,5.210406919232017,0.06798493834652233,3.1838351906341305,1.3442809153980018
1245,Normal,3,1730,12000,0.08594197320028271,0.0713285086266423,0.39721322836807277,0.8769099407311454,3.6760769378731006,0.032653599394826205,4.621876989516993,1.2040469940839753
1246,Normal,0,1797,12000,0.11074703932903708,0.08366763330579513,0.3473733537783005,0.8631443271644023,2.8669548299047367,-0.2159533047950822,3.136637835944583,1.2250224653293618
1247,Inner_Race,0,1797,12000,0.20863398507285164,0.15905323538193777,0.8140448836044591,1.7670390266889433,5.19004514374766,0.05204417743811468,3.9017846652366237,1.2697309512933124
1248,Ball,0,1797,12000,0.3075919783898111,0.1953306543050505,0.9291690877529235,1.8855535168226212,5.688852953154149,0.2716737033586991,3.0207845231106387,1.2215738048721367
1249,Ball,1,1772,12000,0.3472217755945129,0.2758942951055298,0.6137456840093042,1.255010033642144,6.2873880587510245,-0.1619506395957794,1.7675898435760522,1.2972203780909706
1250,Outer_Race,3,1730,12000,0.1879928356401236,0.1495231858807877,0.5540291586029416,1.1022980998901473,3.734499047253878,-0.13483502813540663,2.947075917635099,1.235765952272731
1251,Ball,1,1772,12000,0.30009141425573466,0.2669251860605178,0.8789234879976311,1.9705441322322153,6.003058811240664,-0.03718364769180185,2.9288524970881773,1.2901939987430386
1252,Outer_Race,2,1750,12000,0.2609905138841029,0.22688329948565866,0.6233667670527031,1.2346476522113619,5.032774231913243,0.31521812627087564,2.3884652272439273,1.1973088108593302
1253,Inner_Race,0,1797,12000,0.24743895558692808,0.1905203446058083,0.5831097405077277,1.102663539939915,5.1413913592712115,0.27995093838890833,2.3565801881299757,1.3451369870093275
1254,Normal,1,1772,12000,0.10608213663263485,0.08126095400984394,0.36822397442850335,0.7183355541157171,2.302118850581909,0.013301358112224382,3.4711213981640694,1.2259541157708282
1255,Normal,3,1730,12000,0.07878677714325182,0.06345827840743028,0.3696424918468985,0.6942128373940739,1.7882337377668542,-0.3841434614224386,4.691681843703374,1.2766859839356868
1256,Normal,3,1730,12000,0.09130695262059385,0.08399295263056816,0.2920988677170754,0.5709899662936726,3.8727675048492616,0.10203252074392748,3.199086809203113,1.2734131841189493
1257,Outer_Race,0,1797,12000,0.20901821558365333,0.17677961189916877,0.6980257263716698,1.3367635367503279,4.1833143444114445,-0.34470218319505685,3.339544950293128,1.2435895426043404
1258,Inner_Race,0,1797,12000,0.21289739001425642,0.1629684798339962,0.7337816337982603,1.407874958518257,5.2183116804030885,-0.25102300042214076,3.4466445725291583,1.2418345063070553
1259,Inner_Race,1,1772,12000,0.1537471755311401,0.12214614865753791,0.8224738007919855,1.7676178420720048,4.929373079442781,0.9497354774457991,5.349521368120359,1.3099412540805189
1260,Ball,2,1750,12000,0.14205929888375973,0.11440953532868733,0.6035509655843996,1.2319465914847523,5.530783639468316,-0.07691619979589545,4.24858471305181,1.1852803152493985
1261,Inner_Race,1,1772,12000,0.20463208215977677,0.17181136859369944,0.7140032853411644,1.258562600115998,4.588372112079089,0.16346524182895847,3.489205005418801,1.2118184238250214
1262,Normal,1,1772,12000,0.094603005031802,0.07577811742766404,0.3133509667310261,0.6432460669483775,2.5365853344660496,-0.06850806570642962,3.3122728672909405,1.2558957085815252
1263,Normal,3,1730,12000,0.11379070155225848,0.0894595375648893,0.317569360265826,0.6570751003079546,1.5,-0.15091954341542138,2.7908199521907506,1.3263520879189965
1264,Outer_Race,0,1797,12000,0.18913470662199722,0.14872740675248008,0.5766158750263721,1.0983035590438048,4.378543513015556,0.024277602605790784,3.0487047318015037,1.2769461453001796
1265,Inner_Race,0,1797,12000,0.21566260381823704,0.16377214108018112,0.5600048682393985,1.1254428497340756,5.168630280382202,-0.20703916094598743,2.5966711813948846,1.2042423193679022
1266,Outer_Race,0,1797,12000,0.2882282396795036,0.24153334671682575,0.6243409141801141,1.466953993690021,4.434163119517488,-0.26142287522238916,2.1661337378820065,1.3538438791580656
1267,Ball,1,1772,12000,0.4380106537209085,0.40565359585969374,0.6401145822968825,1.2057381792811948,5.321804929357856,0.30606421803649586,1.4614132712505903,1.3359912218520251
1268,Ball,0,1797,12000,0.47507630289059455,0.39846663714659386,0.7592613096313636,1.4936059706033027,5.756181708044913,-0.3785514708352465,1.5981881331728183,1.3048643640339574
1269,Inner_Race,3,1730,12000,0.2584126307618084,0.17668874383623986,0.6264036261224901,1.2163090311118465,4.8335203724273015,0.012229548044754707,2.4240441509218527,1.315505042514362
1270,Outer_Race,2,1750,12000,0.23013229330171886,0.184564387226033,0.48428040435881997,0.973406201750132,4.437777392710012,-0.11525598791552875,2.104356574259206,1.4011014249709204
1271,Ball,2,1750,12000,0.3414490761077104,0.2547267941019877,0.7254665500182832,1.3571136249732443,5.286200415348608,0.2880731229374778,2.1246698286260237,1.2176341755187023
1272,Normal,2,1750,12000,0.10825963736553934,0.09134608428686732,0.2751921619905005,0.5364034616532958,2.5763000874832658,0.30591620508799383,2.5419645648849944,1.2824609676869516
1273,Inner_Race,1,1772,12000,0.2711887607244898,0.22604815503981804,0.7402986625018968,1.4647556345639896,5.455282821781231,-0.2762162835343811,2.7298279638291953,1.3597316666805859
1274,Normal,0,1797,12000,0.11964962437833335,0.1029489317539848,0.3876667581037698,0.7333190095017096,2.3900487883559336,-0.030261910665577683,3.240016507515005,1.1658436189955106
1275,Outer_Race,0,1797,12000,0.3385679689335436,0.29375122221317335,0.6030389728463237,1.3349239953531014,4.459286648567742,-0.09773538262057373,1.7811459682551727,1.2581162412713756
1276,Inner_Race,3,1730,12000,0.235999250850271,0.1776969380235976,0.7299506098741672,1.5233996105748058,5.786259318651304,-0.2573207007285474,3.0930208771606744,1.1414640637475053
1277,Ball,2,1750,12000,0.1384772127585904,0.10359501272622608,0.666361018351029,1.4721482914252184,5.624065423475716,-0.06095731263039295,4.812062613599156,1.3015835411603132
1278,Normal,1,1772,12000,0.12831568309232527,0.11136753667525508,0.4068029158378787,0.8394341150538769,1.5,-0.31114573317036304,3.170328879792326,1.2216055320542194
1279,Ball,3,1730,12000,0.24672546772875822,0.19404205079697365,0.6246812075135447,1.3440730382590498,5.750905950577869,0.12529780572703064,2.5318878235963,1.2908957216078885
1280,Ball,3,1730,12000,0.15960115664231672,0.12962970669224436,0.5015868844095555,0.877326330639776,5.3227284856613934,0.593779536568733,3.14275218903122,1.3736824586224836
1281,Outer_Race,3,1730,12000,0.1329493585222096,0.11074767819805736,0.7031518342586163,1.429048942452242,4.986178018767285,-0.08440093766911931,5.2888697025277684,1.2827499919552068
1282,Normal,1,1772,12000,0.0835427652343474,0.07213551529202081,0.28253658024428546,0.6053057833114818,2.721622156766514,-0.05368021715021587,3.381939530631249,1.3618771570992307
1283,Normal,1,1772,12000,0.07550528320005326,0.06734460336026857,0.34123884208259864,0.6976777433863194,2.2162573926765594,-0.007263659056362716,4.5194035121817535,1.342076662026698
1284,Outer_Race,2,1750,12000,0.24594486280891434,0.20640600020883196,0.5171104957978847,1.005920486959551,4.895456780289897,-0.05285939881952461,2.10254644025499,1.2682182971374905
1285,Ball,1,1772,12000,0.45131208477630014,0.3443243366064632,0.8133481556428881,1.4764311292028574,5.860129597174278,0.17703813953099332,1.802185634018723,1.2827331142372242
1286,Ball,0,1797,12000,0.10266101165769245,0.08039313905267252,0.7654652911830807,1.398948670196351,5.55332171950805,-0.36910744947771135,7.456241457423081,1.264790983829868
1287,Outer_Race,2,1750,12000,0.13970692670608884,0.11390601492323271,0.5451248689153158,0.9864260283941911,4.237619587161082,-0.23353921556049828,3.9019172618558335,1.3378946407391192
1288,Ball,0,1797,12000,0.2475842621994168,0.17030491322318078,0.6661485382238191,1.4297904958166368,5.081252751708443,0.37443596953340724,2.6905932239233756,1.3059373486367105
1289,Inner_Race,3,1730,12000,0.2902726444653164,0.2560780378598004,0.6851151298402918,1.2195604008164413,4.481642282693139,0.4425177475966454,2.360246970920312,1.3023961428614448
1290,Ball,1,1772,12000,0.24127437503665508,0.19989249957814478,0.6002403312653898,1.1420635856438315,5.0185814907581525,0.05639991263954337,2.4877914663511183,1.2442021684611084
1291,Outer_Race,0,1797,12000,0.2523854927371944,0.1995280582259958,0.5152559870378973,1.045576334929021,4.0337261033461305,0.26960563160564704,2.0415435984445685,1.2571988707547987
1292,Normal,1,1772,12000,0.11155439056875528,0.09096347255466775,0.28036182789292174,0.51311014750216,3.2817397871255385,0.020971086961145663,2.513229882423354,1.3647456141593546
1293,Ball,1,1772,12000,0.311690086004365,0.24512694474374516,0.6444432041032412,1.1708375365908206,6.049961209225279,-0.4913745930013375,2.067576843282132,1.3046336253303208
1294,Normal,1,1772,12000,0.13945907672258742,0.11899087607441686,0.31446696614762226,0.7058829148361017,1.9546821301622652,0.06633404133878862,2.2549049766990876,1.2202393002594996
1295,Normal,3,1730,12000,0.07797211041998897,0.06720069869259383,0.3284166145844797,0.6933606408008772,1.6882224790775853,0.08374402255721863,4.211975446290943,1.276298557596742
1296,Inner_Race,0,1797,12000,0.24648154161832397,0.22058958540541415,0.6895937956725781,1.3651189445842953,5.433218120287862,0.3485146161317804,2.7977502540146078,1.2211855168626373
1297,Outer_Race,1,1772,12000,0.059538903776237134,0.04531186662567722,0.6763337669168122,1.2167573592016099,5.085353632536194,0.1766131641949172,11.359526696337113,1.2970674896886403
1298,Ball,2,1750,12000,0.22879786618468664,0.21614097474441774,0.6454128419531118,1.208805861503032,4.951329674329595,0.30369611913737987,2.820886631137249,1.2653688993324814
1299,Inner_Race,1,1772,12000,0.1999275016840689,0.18089609111812915,0.6952005388589719,1.2881465062931812,4.3270288489160205,0.43954249121999334,3.4772631729152876,1.2489516197850783
1300,Normal,3,1730,12000,0.05542210782766128,0.04173493533786351,0.2979416472996727,0.49834544768537764,2.095271157343327,-0.2297701404109634,5.375862791544162,1.2796024044556773
1301,Ball,2,1750,12000,0.43236190406149416,0.34761438941780065,0.7055215340188998,1.4685295681137647,5.369475060913392,0.1000382409716771,1.631784686373651,1.2327042425331833
1302,Inner_Race,3,1730,12000,0.4713172867535167,0.4122459367802432,0.565625685192875,1.1647565188236462,4.5645447563371535,0.26156269101496343,1.2000953520906577,1.3422953862614622
1303,Normal,0,1797,12000,0.07230551379790054,0.060782506094568374,0.39190210277111703,0.8153221858978059,3.1697645339943703,0.0934546396909615,5.420085996021181,1.2393111827742151
1304,Outer_Race,3,1730,12000,0.2769101266101758,0.24409427010767404,0.5756071478834476,1.1404457412994529,5.47527319644723,-0.005105444954055704,2.0786785767996374,1.245287466711306
1305,Outer_Race,0,1797,12000,0.25389581354270263,0.20670461116951339,0.5229043135370806,1.0774309998437253,4.578684744487723,0.4605624391186241,2.059523180948919,1.2025909456166892
1306,Inner_Race,3,1730,12000,0.30832481753523006,0.2585217110180143,0.75213525155175,1.4411568228965328,5.103771881597738,0.12522658772687692,2.4394249466013513,1.246355691910582
1307,Outer_Race,0,1797,12000,0.15803607356972355,0.13505046945037263,0.6090903135991249,1.3434313881383935,4.59448578140727,-0.10295987706203376,3.8541220358173596,1.2025420173242252
1308,Outer_Race,2,1750,12000,0.29594891745587715,0.26190606732843996,0.6675066115189547,1.3752369562096796,4.332426989571228,0.027296931576340645,2.2554791457159933,1.2266886892632773
1309,Inner_Race,3,1730,12000,0.2051886683849699,0.18466712944328798,0.6952465650703463,1.2912427389463665,6.035580522056177,0.17434731879254423,3.388328266578259,1.3223387420687946
1310,Normal,3,1730,12000,0.13719458992913364,0.12752224717432284,0.39239837224619856,0.867627875083745,3.3691385023392364,0.13922903819101654,2.8601592267514895,1.2297677510304361
1311,Outer_Race,0,1797,12000,0.2577904236133626,0.2227724113353905,0.5283847787457626,1.1186504936897026,5.40223926601336,-0.05159310708225774,2.0496679874278065,1.269889503732378
1312,Outer_Race,2,1750,12000,0.17452397147143045,0.12932067172569212,0.6598812451913203,1.2721506057450633,4.610146718296114,-0.15253126025201638,3.7810350041188627,1.1749912154121058
1313,Ball,2,1750,12000,0.3567858542455613,0.2874108527108878,0.6180568676844982,1.2018061596094678,5.813583984972342,0.04715892601994131,1.7322908414948386,1.2432183653755366
1314,Ball,3,1730,12000,0.3482916608348344,0.2847244091822619,0.758881162119701,1.3979296209927052,6.904617927336429,-0.07096482982906366,2.178866873529811,1.237403663310993
1315,Outer_Race,1,1772,12000,0.2596525867350348,0.20651535197366785,0.5805446056797626,1.1606875000044763,4.0972790490846425,0.10964735638490959,2.2358514235492115,1.3623400479071452
1316,Inner_Race,1,1772,12000,0.31343767079827145,0.269038391442861,0.5145419152302071,0.9638375550314469,5.76413981644278,1.1878103492599001,1.6416084062893843,1.1795405874002018
1317,Ball,2,1750,12000,0.3733249069225856,0.3178855809673693,0.6467762422906412,1.3965372772144575,4.894335964596689,-0.3026462912849634,1.7324754665371411,1.3350086321369996
1318,Ball,2,1750,12000,0.27483273505652484,0.22702598919330988,0.7186690998388209,1.3078953687437858,5.131098001690428,-0.15510655156336314,2.6149326778377118,1.3444670584486478
1319,Normal,3,1730,12000,0.08739474761749122,0.06599366275510801,0.37426237641241367,0.7881050090072378,1.9884984825480607,-0.07415794106200016,4.282435576683429,1.1438475249315565
1320,Ball,0,1797,12000,0.31839740360155594,0.26310174554184784,0.8144254849974544,1.6673526860866161,5.262787487141938,0.01669103036822127,2.557889843902843,1.24493498550019
1321,Outer_Race,1,1772,12000,0.21358133724020234,0.15823244122114752,0.6665189670888132,1.4467656483299698,4.025696035221578,-0.07518140804593834,3.1206798107983498,1.2642279800553544
1322,Outer_Race,2,1750,12000,0.08932426125664128,0.06965188263627375,0.555194397118517,0.9823624467771704,4.697337770247013,0.290714075829085,6.2154938569641764,1.1994943231616018
1323,Inner_Race,2,1750,12000,0.23986514774730253,0.17020238374267282,0.7058247825714057,1.4281819204868351,5.233393110069911,0.6340257000756284,2.942589989417682,1.3037681569011925
1324,Ball,2,1750,12000,0.18518908799712192,0.15725566673272096,0.7223263979110307,1.3041590251558977,4.7191554392529635,-0.08865225395434886,3.9004803453768107,1.3330556788004453
1325,Inner_Race,1,1772,12000,0.29165067346036205,0.23195397648864371,0.6010848050221265,1.1292434622356362,5.144717499619327,0.16065230594000893,2.060975199852639,1.2375038549999884
1326,Normal,2,1750,12000,0.09819511158508235,0.07443308912428982,0.319324034677287,0.6184834000593995,3.8358573809485774,-0.33720908010420286,3.2519341291302957,1.2767463357691606
1327,Inner_Race,1,1772,12000,0.2578613648088391,0.20675325127824395,0.7337696242321435,1.43132062277765,4.871002230467165,0.3536571284040793,2.84559738049983,1.1462257805417653
1328,Inner_Race,0,1797,12000,0.2390676892712685,0.19532527031134295,0.653644101093168,1.3226618495792566,4.533958537108702,0.38414844971385975,2.734138197786663,1.2372189634578936
1329,Inner_Race,0,1797,12000,0.2464115048947749,0.18326394330303802,0.6548583242622678,1.111350914706954,4.680092860782272,0.00922557338020033,2.657580150496268,1.2323165536371912
1330,Outer_Race,1,1772,12000,0.26003352259658064,0.23582547411421373,0.6249067672480089,1.3623021007715024,5.621420044118708,-0.18295920807556373,2.40317771727262,1.3018869948152694
1331,Inner_Race,1,1772,12000,0.3035048720381857,0.24880700934754463,0.667187598958943,1.307830003248175,4.672057705636405,0.5551911671937563,2.1982764048512546,1.3227416026175434
1332,Normal,0,1797,12000,0.11310570714326125,0.0820309549208565,0.31510722614026904,0.5968034787684978,3.0105212623241253,-0.09175877648263775,2.7859533713992866,1.2553723538495265
1333,Inner_Race,1,1772,12000,0.1333882114412218,0.1279932856135721,0.6555532582616808,1.3634459827791239,4.702655981289127,-0.013156831766962807,4.91462664637762,1.1408916978298482
1334,Normal,2,1750,12000,0.10696617671076943,0.07993686854470902,0.3329899515153258,0.6319832556941765,2.157712274119414,0.008860432426581872,3.1130396706214154,1.4341465007748393
1335,Normal,2,1750,12000,0.09211278795203258,0.07503347443945031,0.29291038505094746,0.6567387666404615,2.373047893861477,-0.05937106061620925,3.1799101032907564,1.288143153055241
1336,Normal,1,1772,12000,0.13270360233765124,0.12850764026598926,0.38131684655542764,0.8290129494778371,3.6440351148123953,0.06221776919161426,2.8734475917632176,1.1590036734613938
1337,Normal,3,1730,12000,0.11981002830976009,0.0992792909897253,0.36471432344696164,0.6231411500124008,2.8606655932453826,-0.38593688011157407,3.0441051437198507,1.3605641468316807
1338,Normal,2,1750,12000,0.07214803511999865,0.05913059420766663,0.35581424981269427,0.7220495646483104,2.202733226126844,0.2246705956202997,4.931724740956478,1.255602197952079
1339,Inner_Race,2,1750,12000,0.285286054413693,0.2134549124107974,0.6360904505699131,1.3838574679032134,5.533597697494786,-0.04932317073109849,2.2296584103179438,1.2850535751628798
1340,Outer_Race,0,1797,12000,0.17405109572173827,0.12811134418490402,0.5703829592803702,1.1985469350710707,4.168220924909407,-0.022651570665294236,3.2771006520537043,1.263934780320528
1341,Inner_Race,1,1772,12000,0.3344094985278575,0.2619444616258733,0.6051331436032336,1.1283534192195375,4.374369763956832,0.28229624786174246,1.809557283112949,1.2585018594204844
1342,Inner_Race,2,1750,12000,0.35197129249563175,0.31674771033521915,0.5215937239888854,1.097252487924817,5.124105809141154,0.03460225021351587,1.4819212109333002,1.2298499123121285
1343,Inner_Race,0,1797,12000,0.11188934118233715,0.10156850505663494,0.6901656395716088,1.2847905183562822,4.678024377999262,-0.27578661888686007,6.168287633822965,1.2699352692298735
1344,Normal,2,1750,12000,0.06687224032190603,0.057951626169835034,0.40362548196716797,0.8054840213773663,2.5318942144344976,0.10874615053294845,6.035770299069047,1.2512286416182732
1345,Inner_Race,2,1750,12000,0.1634256627015051,0.12760918346591174,0.6268779914736536,1.2786492171643054,5.005135194832057,0.20259234499677897,3.8358601771047325,1.353167373888608
1346,Outer_Race,2,1750,12000,0.22023911188059586,0.21432845424062374,0.5530206478357216,1.1346619719135795,6.156070539214676,0.048522907375794705,2.5110010802057063,1.2542412506080423
1347,Ball,0,1797,12000,0.19117702947244142,0.17429532962694114,0.6198536229543443,1.282067637548351,5.23954457328039,-0.04733406564450557,3.242301780003845,1.3458176596629683
1348,Inner_Race,2,1750,12000,0.22777621552653787,0.17017038529007583,0.7477098665691272,1.4351080420648612,5.184034010451897,0.3603540955335915,3.2826511971001318,1.2210588102153836
1349,Ball,2,1750,12000,0.08230280045508684,0.07092208460151214,0.7113069709057329,1.3851674769051876,5.4400087780636275,-0.4025081984852704,8.642560969646441,1.2381036246997674
1350,Inner_Race,1,1772,12000,0.2271328232354695,0.18837848194347856,0.7337748928630339,1.3713239363556367,5.798373054515294,0.3867133133787869,3.2305982130214907,1.277426979516226
1351,Inner_Race,0,1797,12000,0.16130005868779176,0.11829279002830022,0.6711968004195848,1.2632155588916707,5.659646242904944,-0.01988095745706761,4.161168978361849,1.308946506648956
1352,Normal,2,1750,12000,0.08284882857101442,0.06797854084432554,0.39141155186245785,0.7901646900660764,2.7665304533864985,0.051286677227104525,4.724406592266503,1.3656052428935777
1353,Outer_Race,2,1750,12000,0.24742864249513433,0.20526578602129383,0.642145653958046,1.3465343116074588,4.488928252616967,0.25809822287767253,2.5952761470235757,1.268560994438339
1354,Ball,0,1797,12000,0.251996551256858,0.2136188544920187,0.6874712827800973,1.5561656724474702,6.609549505474101,0.21848456354650123,2.72809798130675,1.1605615208256304
1355,Normal,1,1772,12000,0.061519637978523826,0.045199544490569,0.33649445620148905,0.67520875100033,2.590985920045184,-0.4105338124082384,5.46970800314133,1.1819441461951916
1356,Ball,0,1797,12000,0.39528889112553606,0.34988260807551386,0.7395367338845801,1.3793250642138264,5.539890428949782,0.5263970092103759,1.8708765930123687,1.2723933669804979
1357,Inner_Race,0,1797,12000,0.21360342017408468,0.18934623546810192,0.7415475119581565,1.3824935080031717,4.856183462719418,0.024523626024641365,3.4716087942496547,1.245659538013715
1358,Outer_Race,1,1772,12000,0.16371807352103362,0.14495268971783296,0.587074926924923,1.3926537064002518,4.77535698640398,-0.024229642407316315,3.5858895374156647,1.2150836758408028
1359,Normal,1,1772,12000,0.09157134405281975,0.06522476775247836,0.3398981106806139,0.6658580272008845,1.8242253966976036,-0.01825879744862319,3.711839268019867,1.394086525547468
1360,Inner_Race,0,1797,12000,0.26948767936357376,0.2225482535591777,0.6179365811148282,1.2274167839638694,4.568764559387193,0.1527041298556337,2.293004943952008,1.2463801128997103
1361,Outer_Race,1,1772,12000,0.1569825015468943,0.13124709667793463,0.5981971047935996,1.1804860033324485,5.93157586995775,-0.03517559667107715,3.8105973525648285,1.2676992522024342
1362,Ball,0,1797,12000,0.19261546992312406,0.16587155187407776,0.6607082619631195,1.2613768386321493,5.203967142253771,-0.24623587896212779,3.430193131563206,1.3699443345360034
1363,Inner_Race,1,1772,12000,0.21296481062726452,0.18579052608350943,0.6653644248262891,1.4968650523800746,5.413025967744051,0.2809912025685112,3.1242928015503173,1.14245766013613
1364,Normal,0,1797,12000,0.1015768918376238,0.08322318008771434,0.41483904270970906,0.8298450376549382,2.3434474442575928,0.14691888449071294,4.083990317136814,1.3031869569631356
1365,Outer_Race,2,1750,12000,0.25734300588297476,0.21741120902100797,0.5668175743206678,1.1849490594913867,3.781715538330406,0.040740530331246486,2.2025761779530346,1.2796079123899873
1366,Normal,0,1797,12000,0.1038956267410052,0.08147666237988808,0.29211132708577053,0.6452344840165909,2.5074820042619224,-0.19783801676885482,2.8115844357333373,1.2293288831420348
1367,Outer_Race,3,1730,12000,0.26548031819839574,0.2277919825085608,0.5813746294449316,1.177557115984872,4.727620391624386,0.08409906640721834,2.1898972902784655,1.2239970878767326
1368,Outer_Race,2,1750,12000,0.2239490403418095,0.17266287462843785,0.5699572974639592,1.2086542554601376,3.6174096228883346,-0.4451880488429903,2.5450312115383182,1.195127163200291
1369,Inner_Race,1,1772,12000,0.3716098253481062,0.2765104109428068,0.6578358231249658,1.27361803213292,4.856543438267106,0.2263827521891039,1.770232588733995,1.3363888691663242
1370,Ball,0,1797,12000,0.25288739443708974,0.2051618440684423,0.6227174788688876,1.3241113432160794,5.270341464788932,-0.10545440151671134,2.4624298900109856,1.2325800211184554
1371,Normal,1,1772,12000,0.09677729309831253,0.08422030467975386,0.310796253412372,0.5521041037949853,2.529616839910766,0.015059043233753221,3.211458426478672,1.3326763021740153
1372,Normal,2,1750,12000,0.10455744455844965,0.08098320855865843,0.28899450788570935,0.6226255488456678,2.3525129298900995,0.28745290096633946,2.7639783002171194,1.248223105035928
1373,Inner_Race,3,1730,12000,0.27358070896442427,0.2208644463218495,0.44289734492543564,0.8052379348693052,4.930859797154701,0.24118228432317612,1.6188909905304356,1.3728474729521851
1374,Inner_Race,3,1730,12000,0.16021887302287746,0.13363491058510585,0.6484867387154136,1.3741176261331054,5.586752611603135,0.26474747481850724,4.047505306212065,1.1984433511943966
1375,Inner_Race,0,1797,12000,0.22197260192609292,0.2196168166187056,0.5549321104733993,1.0630052405228385,5.495747220510792,0.33818032621524813,2.500002728526682,1.2202628639814133
1376,Normal,1,1772,12000,0.047911071134848986,0.04385577849908766,0.34143657972760216,0.7509361751827367,1.5815603815676242,0.06414212587029777,7.1264651705783315,1.2862399573754106
1377,Ball,0,1797,12000,0.3314908136423173,0.27812882372295034,0.751626529703929,1.3759044728023768,5.468666983549764,-0.045041761982335254,2.267412847569717,1.2197912570790899
1378,Normal,1,1772,12000,0.10376189805021536,0.07713967286823933,0.3545183100018042,0.8571445130886542,3.6053029298432824,-0.7435998906894248,3.416652130151241,1.2460535519174443
1379,Ball,3,1730,12000,0.36389075727298104,0.2944095940833635,0.6802481444995684,1.3314399830858046,5.8037042169890585,-0.2871174935937522,1.8693746156054867,1.1798748101431538
1380,Ball,2,1750,12000,0.1958478153299606,0.17380729993711708,0.5865006897983542,1.1209004028167981,5.185578714093159,0.5359854845590327,2.9946756812693023,1.2943322227035596
1381,Normal,1,1772,12000,0.046125869487497376,0.03621300929535471,0.3691331145910007,0.784575280507294,3.9520968313935247,0.35172439274647027,8.002735096214412,1.2383641696513763
1382,Ball,3,1730,12000,0.4261624688212623,0.34002914728196165,0.6631352147910581,1.2820182175220902,4.811241468606755,-0.1162550227927439,1.5560619794259383,1.264741084098464
1383,Normal,0,1797,12000,0.11826641514530296,0.09422459145002203,0.29676671184278236,0.5173820334358779,2.815263361137714,0.01815646336730618,2.5093067332612784,1.2856321110550823
1384,Ball,1,1772,12000,0.31496382395192535,0.28454864156722004,0.6525955079299595,1.3144738305089467,6.027048722202928,-0.19402857254931247,2.071969725734498,1.2509777713919275
1385,Normal,0,1797,12000,0.09905010992280835,0.07342805390636392,0.3570769493801561,0.7159561191771519,3.005296337277832,-0.2967216186651781,3.605013156052356,1.249377161418204
1386,Inner_Race,0,1797,12000,0.41619998655298296,0.37325137604536984,0.5581884225592811,1.1566604267315326,4.734269383771387,0.22097514828248024,1.3411543502974688,1.300201880656267
1387,Inner_Race,2,1750,12000,0.11292212465181597,0.09026192510009938,0.7063630103355812,1.4452752005515452,5.2216213229528945,0.20408758074484445,6.25531101645121,1.2252182772092859
1388,Inner_Race,3,1730,12000,0.22802548568363054,0.18811496789215484,0.7859741532398359,1.589809541320144,5.0234099230496545,0.17572112680659985,3.44686976933061,1.2637693048355112
1389,Ball,0,1797,12000,0.24081796326512775,0.20048594211029608,0.6763062065507293,1.3368663891092614,5.065216911410542,0.027002951133579346,2.808371092343108,1.2145240592502915
1390,Inner_Race,3,1730,12000,0.08932972504885472,0.07641463820248946,0.6593743397352614,1.2139628664214153,5.425298633277801,-0.19960630017896183,7.381354183891727,1.1879076165669487
1391,Ball,1,1772,12000,0.2748370042317509,0.18795225865067067,0.7354076763395437,1.4230206349887495,5.193732889497275,-0.1844314403640546,2.67579570806057,1.2580018852366797
1392,Normal,1,1772,12000,0.05358274392029037,0.048027503283901075,0.33973697844960415,0.6396874943846572,2.079366974600068,0.19268301686323033,6.340417709010881,1.336786303623774
1393,Ball,1,1772,12000,0.292058857167217,0.22926067124867883,0.6746037413274145,1.23009302051501,5.158824312113087,0.0022030978767144916,2.3098212047757656,1.235464010653948
1394,Inner_Race,3,1730,12000,0.24272524780500687,0.21197372251535074,0.5203149725579723,1.0401080505843583,4.477068830028805,-0.11317104302913286,2.1436376201620644,1.233896934709389
1395,Ball,3,1730,12000,0.23092736781991968,0.17250085302654286,0.8344180677948468,1.7916744259492239,4.437231724002457,-0.368607032000517,3.613335550793345,1.2139778140902084
1396,Ball,0,1797,12000,0.4150517179919462,0.3556910976179207,0.7458738212609854,1.3697987416010309,5.770292162175459,-0.3189409886876167,1.7970623633834921,1.1734199981040327
1397,Outer_Race,3,1730,12000,0.24954970123127693,0.19228058156987032,0.6360055489980091,1.5001106608292751,4.480310595104802,0.13760329742282315,2.548612744715626,1.277584931592861
1398,Normal,3,1730,12000,0.06231913599921382,0.05109971158990421,0.35183024785288564,0.8049311891000238,1.7127482880131577,-0.07022086477694484,5.645621400420636,1.1743640710067056
1399,Normal,1,1772,12000,0.09395571260503109,0.07607777338629886,0.31500312095494865,0.5830024650455541,1.6957804287917664,-0.15730381191103857,3.3526766198788964,1.3150527019191272
1400,Normal,3,1730,12000,0.08030829493940672,0.06354189379366015,0.33100737349157827,0.6594638621057679,2.4093127589773378,-0.265446522484283,4.1217083956436396,1.24466248623203
1401,Inner_Race,1,1772,12000,0.3353986573011689,0.27761214236156734,0.6024340058173875,1.1929979984951649,3.8721519763039036,0.1151493126152838,1.7961729801334179,1.2755332657940441
1402,Outer_Race,0,1797,12000,0.16735311533676223,0.133110313265068,0.6490750960100518,1.411562867199354,4.089531161143204,-0.12951934331084838,3.8784763265621165,1.281564284816004
1403,Normal,0,1797,12000,0.12023863788875312,0.09964541365031639,0.3538971742309237,0.7381594402275193,2.3719726253739877,0.34097164358851434,2.9432899477650065,1.2501090506015595
1404,Inner_Race,1,1772,12000,0.2316287804961728,0.20705660333055947,0.6168389133932658,1.327393698941238,4.656059813975663,-0.041415924194326575,2.6630495229130555,1.2100913441410983
1405,Inner_Race,1,1772,12000,0.18008219514834073,0.15655489125245842,0.6774268279238213,1.2601663009804631,4.960706490803116,0.012806427360115641,3.761764606244378,1.2285630154606786
1406,Outer_Race,0,1797,12000,0.19405067779788043,0.16533633465834216,0.5817010686600591,1.1656412399731355,4.5091371835976615,-0.2143543615878885,2.9976760465941177,1.2293989646666852
1407,Outer_Race,0,1797,12000,0.1997880775056428,0.15298012739920083,0.6505864590524816,1.3114792092803293,4.474545573461218,0.3350141536865745,3.256382799089232,1.3763550001012181
1408,Outer_Race,3,1730,12000,0.15838684356046479,0.13188744999328234,0.5390707627131984,0.9985314654485146,5.322637589282639,0.4640541418488212,3.4035072017039476,1.2639812537637323
1409,Normal,1,1772,12000,0.10838686755485738,0.08924785758972678,0.4226812871688199,0.7024523101598754,2.9074178926986214,-0.18178157853598337,3.899746313407296,1.4169093755205846
1410,Ball,1,1772,12000,0.4463243911819498,0.3484173554397466,0.7883221397671824,1.7278346525373123,5.493016758559262,0.030113904602822966,1.7662537726866308,1.3673379642815289
1411,Outer_Race,3,1730,12000,0.16986852957791473,0.14853651734154372,0.5842232651537799,1.2027840369230036,4.673236668825678,0.5480009860741079,3.4392672180388204,1.2774994422101933
1412,Inner_Race,1,1772,12000,0.2606802577765386,0.2402564649018698,0.5544517090378643,1.125284335211496,4.783472268842091,0.1848680839625098,2.126941693885978,1.1780019207358683
1413,Normal,0,1797,12000,0.10947024013394864,0.09778133207779167,0.32185071408249427,0.6013286509288782,2.7088577902254967,-0.009663044597771325,2.94007498009208,1.2617251722067975
1414,Inner_Race,1,1772,12000,0.3458921271881511,0.27610139242527726,0.7612340935325892,1.5240202965147247,5.356635911947724,0.28942741074092065,2.200784677352628,1.303731653509173
1415,Outer_Race,1,1772,12000,0.24570420450867422,0.22990541842600243,0.5975122128157848,1.2811882430737613,4.981299514525702,0.07676241459124676,2.4318355235744065,1.2384527459981785
1416,Outer_Race,2,1750,12000,0.2734297782532929,0.2020291030708073,0.5972122810811132,1.1768351907929973,4.38466023599156,0.3239910947571433,2.184152307390174,1.2975652549128693
1417,Outer_Race,2,1750,12000,0.12236616577829987,0.10618238055108879,0.48114058758384926,0.8138633087105468,5.099547229494481,0.03968056264062205,3.9319740430174828,1.2211372233408095
1418,Outer_Race,2,1750,12000,0.12309157078736864,0.09217746340101574,0.5610556525995826,1.0078890946681602,4.768879098875109,-0.11561448450860473,4.558034713593538,1.2385412610280264
1419,Normal,1,1772,12000,0.10387870320566078,0.08759135079549067,0.37097826614613794,0.7215437891092492,2.801183096648607,0.05900203210504362,3.571263932816614,1.4227900479693634
1420,Ball,2,1750,12000,0.2934947976598226,0.2505984585355494,0.6088167133533565,1.1868737488399095,4.899658798888931,0.1861503440532188,2.074369693118071,1.344455858331096
1421,Ball,0,1797,12000,0.19642106962699116,0.16736231024965248,0.6656220404112457,1.2323709154991842,5.998695686247101,0.236927939147967,3.3887507163833277,1.2064431092679027
1422,Inner_Race,1,1772,12000,0.23147365768495548,0.18696692625111652,0.5994496602743791,1.2149865513656297,4.709655919970784,0.04173344851825572,2.5897100614803135,1.2135980986955848
1423,Normal,3,1730,12000,0.1296134811378595,0.10938024841033255,0.42536126634018784,0.8027066931375642,1.6891139484349078,0.17865697239738856,3.2817671634616854,1.3001759719758
1424,Outer_Race,0,1797,12000,0.09611424429152134,0.07362806551607733,0.47544497180608514,0.9178519751590252,4.3829966783643775,0.022490102887052235,4.946665037120062,1.1770398343686204
1425,Normal,3,1730,12000,0.11692265662244547,0.08449647542892555,0.37553664829573996,0.7577881741128352,2.6461954623801462,-0.005674882484306442,3.2118381427851403,1.2373449047674827
1426,Outer_Race,2,1750,12000,0.20723543997327515,0.1846543094925635,0.5310081574039829,0.9745156881581651,4.566060958669381,-0.2826416141890869,2.5623424134041026,1.367823130082006
1427,Outer_Race,2,1750,12000,0.19588729760476287,0.1776535816090063,0.5773131549269682,1.1711214947809105,3.4284184030168805,0.10953137311023677,2.94716993897072,1.2441917482893214
1428,Normal,0,1797,12000,0.10450126178505935,0.08675771008274397,0.3055015070089667,0.6272241041999821,3.3584244823899354,-0.05698536886837914,2.9234240983360507,1.3066835537841521
1429,Outer_Race,2,1750,12000,0.207569395113879,0.18085039663073255,0.49464820878490984,1.0350856665914696,4.227092047813735,0.060515770344934355,2.3830498157665803,1.2862948197867377
1430,Normal,0,1797,12000,0.13807737290587618,0.10154966730575271,0.37038537945691286,0.8433719187381612,3.0770370595600527,-0.3327742547597955,2.6824480482359343,1.3355828472541318
1431,Normal,2,1750,12000,0.08120936558383997,0.06736109585766066,0.35948959315174017,0.6458333179966538,2.2199833978541683,-0.20287062174500506,4.426701163926785,1.261399698462711
1432,Outer_Race,3,1730,12000,0.15467690540635867,0.11776829357269737,0.5011334354579884,1.053225692415704,4.577262122004694,-0.22405663704248963,3.2398723916892322,1.27309363747053
1433,Outer_Race,2,1750,12000,0.1645942789329609,0.13788942944922158,0.7668326118330249,1.6012525502233017,4.54885631669095,-0.16624387187198816,4.658926281060808,1.3400083675335475
1434,Normal,2,1750,12000,0.11698385445915802,0.09265518318690082,0.4009600272835899,0.8032741407737777,3.1261184044673245,0.07404925050825288,3.427481759233494,1.2611699221921358
1435,Ball,1,1772,12000,0.1940603849823262,0.15743494245693251,0.7927531777925148,1.5210542396320335,5.741857767581748,-0.27068397050600085,4.085085051566366,1.2030765070823892
1436,Normal,0,1797,12000,0.06994723102908748,0.05641657770601351,0.3891205181913715,0.699854573240538,2.110977368756286,-0.017374238696623297,5.563058214978605,1.1295182051215762
1437,Outer_Race,0,1797,12000,0.17291953411723512,0.146932570932255,0.598105424369054,1.139795640718536,4.688623343481681,-0.11195866552373879,3.4588655782726865,1.2727701630528847
1438,Inner_Race,1,1772,12000,0.24804510121069426,0.2167779273836534,0.6544792104328155,1.4231527661894585,5.319180095269759,0.135114673417445,2.638549228500539,1.2905174439839278
1439,Inner_Race,2,1750,12000,0.21109890277108767,0.15447571141860078,0.6291678465723306,1.273032929069148,5.943481603789579,0.28208008081971914,2.980441102787684,1.3064964319608712
1440,Inner_Race,3,1730,12000,0.2334758330236342,0.20282182590590472,0.6327919257378378,1.3204579650470714,4.900381002911296,0.3292501086788998,2.7103101744743827,1.3584932088297215
1441,Inner_Race,2,1750,12000,0.37833456961168804,0.2849808902865535,0.7119111217189227,1.3928189133644513,4.936294654798204,0.08972452350746293,1.881697256609694,1.2342263048741504
1442,Ball,2,1750,12000,0.37525253606407616,0.33940726290313733,0.7486693816415071,1.7026148325587127,5.5511348985523625,0.269360090563231,1.9951081197054674,1.2237673432445484
1443,Outer_Race,0,1797,12000,0.1815556758002244,0.1508498995187749,0.615020762674635,1.2268731222561613,4.827071084898655,0.2163407398317237,3.3875050172013124,1.251462530571479
1444,Outer_Race,3,1730,12000,0.33747891060453594,0.2707068567951593,0.522699696630072,0.951387855577509,4.414954753716495,-0.1406869578292455,1.5488366241722915,1.29782548317867
1445,Normal,0,1797,12000,0.08294684325388568,0.0706528411677159,0.4352752645221302,0.9276984521459058,3.3174290016150136,-0.09435250786168474,5.247641109015195,1.2434924703018233
1446,Inner_Race,0,1797,12000,0.1972353685085784,0.15669486053603798,0.71665505274998,1.5583283154070302,5.037075648233392,-0.14878929519468156,3.63350173028835,1.268751640684022
1447,Ball,0,1797,12000,0.15028019789447158,0.12390784825539293,0.7420668288138506,1.4519920218410827,5.632941172310763,0.10422530977095978,4.937888286086355,1.2341496894754076
1448,Normal,0,1797,12000,0.09366839186218265,0.07911144128840229,0.41630589439485194,0.814499101963766,3.0029621102464605,0.2195379779809559,4.444465055056954,1.2624112509335341
1449,Outer_Race,0,1797,12000,0.3003885423241138,0.26798575939639663,0.6760747774906588,1.4017390632439501,5.898075487311645,-0.1538207781910853,2.2506676594914405,1.129990613286299
1450,Outer_Race,1,1772,12000,0.3138271133118703,0.2513120414362153,0.6387754393262779,1.423393446380868,4.00195274595187,-0.04083157045385482,2.035437386480643,1.3998742220584053
1451,Inner_Race,2,1750,12000,0.23573336185206747,0.18175973543410462,0.6330141203385947,1.5621414451888518,5.944791928738459,-0.20986188417515803,2.685297131323472,1.2162054037268413
1452,Ball,3,1730,12000,0.24958926219658695,0.20733341478818432,0.7438448627206559,1.3274225331557912,4.932768855252618,0.043074179610247586,2.980275898787555,1.243818066989592
1453,Outer_Race,2,1750,12000,0.17040060992079117,0.1316067694107916,0.573751364222884,1.2288515793548178,4.557932825979221,0.4056827076589123,3.3670734188661995,1.2950563406088147
1454,Outer_Race,2,1750,12000,0.19519931996271958,0.1669496169836986,0.5256014833971263,1.213289865769518,3.6701631783081963,0.4288700599200615,2.6926399308025717,1.2444009133425338
1455,Outer_Race,0,1797,12000,0.25866972072228395,0.2328212420310566,0.6396932400635584,1.2046675576973793,4.93004925539443,0.46686849315865414,2.4730116778931133,1.3080302186114945
1456,Outer_Race,3,1730,12000,0.24699917401779947,0.19611890858504302,0.5178270588312655,1.0171542634199908,3.524596917911227,-0.10381111726469686,2.0964728359534894,1.2666518641786533
1457,Normal,1,1772,12000,0.07313965877218952,0.06325634873537898,0.3408118159128457,0.6469538248980876,2.5210663357123013,0.08877686832896173,4.659740305521296,1.2454403674365917
1458,Outer_Race,3,1730,12000,0.22879574318283108,0.18691684280754906,0.5006932900688426,0.9782742018668926,4.918636048731488,0.14303456497412706,2.1883855140990875,1.2645399543196265
1459,Outer_Race,3,1730,12000,0.26737409563501835,0.20352587553458534,0.5139504464617445,1.0072396768338063,5.423661374847924,0.04081290663455143,1.9222148100813685,1.2674506284253875
1460,Inner_Race,1,1772,12000,0.2270449251837169,0.2166199290905577,0.6101199163575819,1.121475697088385,4.908500913831468,0.08772893479074573,2.687221112138463,1.30260708832887
1461,Inner_Race,1,1772,12000,0.45815792625267493,0.38444837678047306,0.6862114667463836,1.3217114375948837,4.682281838390178,0.4063895889294251,1.4977618577047964,1.364319151239574
1462,Inner_Race,2,1750,12000,0.14748660841678063,0.11875053733827928,0.7553816898394763,1.4654988574525132,5.228883356500808,0.15693216984702288,5.12169679639559,1.1739151317216023
1463,Ball,0,1797,12000,0.13737492836083712,0.11871361479914415,0.7028151324702395,1.509633882103535,5.049394841644826,0.006098267465709617,5.116036389290655,1.2564396749268476
1464,Normal,1,1772,12000,0.06798967467632591,0.053383814454296144,0.35545710741778996,0.6678662420643094,2.5184595403347,-0.4714493386208927,5.228104254212009,1.2736030433370353
1465,Ball,1,1772,12000,0.3721227981962506,0.3208855150889014,0.7124899446408548,1.452755907930819,5.044456782423214,0.4061096708228501,1.9146635145560227,1.1328742545883645
1466,Outer_Race,1,1772,12000,0.4013480085243045,0.3127259765749868,0.49292488489120084,0.9298831766139368,4.479280354208755,0.5780166378007409,1.2281732422283855,1.2678230004252382
1467,Inner_Race,0,1797,12000,0.18122753497567828,0.1388370496161595,0.7389217247393759,1.5957519179501292,4.732986997505514,-0.3189460290192888,4.077314878440206,1.324755526792816
1468,Outer_Race,0,1797,12000,0.26821655191846294,0.2209910420393049,0.7100707888513136,1.6426296227207915,4.580233218921285,-0.004392940132916687,2.647378708630827,1.2874683335946566
1469,Ball,3,1730,12000,0.2543857041263379,0.1859102878518285,0.5912306170976972,1.0195030476174651,6.096385353805695,-0.3903505557281408,2.324150325696247,1.1389541202753513
1470,Inner_Race,2,1750,12000,0.3889879925426029,0.31045004852492236,0.5278374318682029,1.1640951127990407,5.771026095198274,-0.0765127500667527,1.3569504508815726,1.2710777915291158
1471,Inner_Race,3,1730,12000,0.17753632507512168,0.14429591457715124,0.6584106735003867,1.279804649943363,3.999609732535031,0.00478017122749444,3.7085969489443396,1.207524203277434
1472,Normal,1,1772,12000,0.09181398431095736,0.07015996894883733,0.3243778424937001,0.7218807325071827,2.073122508758841,0.1802057741713074,3.532989499672414,1.247065951807821
1473,Normal,3,1730,12000,0.10612026657803506,0.08235554796770657,0.33522535062598746,0.6701438933473688,2.4136331694649424,0.08285802600913733,3.158919228491393,1.2220493474426009
1474,Outer_Race,0,1797,12000,0.239473302055366,0.168892243902507,0.6609461280263721,1.3003326542595133,5.706558949615269,0.367731113126327,2.759999224771879,1.282397686188922
1475,Inner_Race,3,1730,12000,0.30775222270969405,0.24138936160739247,0.6502098844603461,1.3707448902067774,5.612150113325581,0.37380145722156,2.112770717739693,1.2453306556262413
1476,Inner_Race,3,1730,12000,0.22079836747783285,0.15976262479051012,0.5396534549736727,1.2065794482222931,4.957840894084257,0.18976437451352302,2.4441007473837026,1.284853176523019
1477,Outer_Race,0,1797,12000,0.1883108264490567,0.14552175736402687,0.6127920966077741,1.2160364102019399,4.839252957791871,0.0848595963293708,3.254152234170941,1.27719654230179
1478,Inner_Race,2,1750,12000,0.1263360323200514,0.12653805570103752,0.7652975286650182,1.6946972023543225,4.628966256157208,0.15237743344078006,6.057634663769271,1.3031260236745217
1479,Ball,1,1772,12000,0.16191261143506985,0.1270485498830863,0.8345823808403156,1.7814321648818905,4.966473599107888,-0.07870401253936883,5.154523625079072,1.2048701910359652
1480,Inner_Race,2,1750,12000,0.2563668995866184,0.2164020807076753,0.6804925830438422,1.3886562186569236,4.6404665544196195,0.01225635312029616,2.654369905557659,1.3251105700492363
1481,Ball,3,1730,12000,0.13947970658479553,0.11341305215021666,0.7905248307003333,1.4064660604475148,5.650135284268341,0.19615780334584873,5.667669154578701,1.3764044242816615
1482,Outer_Race,2,1750,12000,0.33523471403208616,0.28599425286133895,0.4498161824252647,0.9470134438460321,4.188744763174419,0.17282673252318984,1.3417947593047053,1.294671458357549
1483,Inner_Race,2,1750,12000,0.2457574044470428,0.19359476471169662,0.6502463023736035,1.2414731110679287,4.877053967145037,-0.14390125207766938,2.645886921847444,1.2200680941278845
1484,Inner_Race,2,1750,12000,0.1206774260716679,0.1061448469901784,0.6362495391469493,1.288966478302923,5.4205089196160525,0.23206056058999597,5.272316122893551,1.1811840317727411
1485,Ball,0,1797,12000,0.253603403001513,0.22369487921195727,0.7306206869785525,1.5205833709725218,5.721996045038847,0.31018258132738147,2.880957740832025,1.2064814670596595
1486,Inner_Race,0,1797,12000,0.19869863648001218,0.16233971703643088,0.5907120875958187,1.0819773509040331,3.8295711418860767,-0.2373156894571776,2.9729045858613157,1.1371179403907121
1487,Inner_Race,1,1772,12000,0.19747998002961784,0.18448730174403763,0.6814460588901352,1.3574669325415354,4.174667185748321,0.15116722389401221,3.4507095797150305,1.14196008338469
1488,Inner_Race,0,1797,12000,0.2719390922158063,0.20424798565608773,0.5753411030705662,1.0721972250777108,5.702985210049485,0.5579301090271898,2.1156984028393575,1.2378754534047876
1489,Normal,0,1797,12000,0.09242298911192116,0.08437503827400032,0.3088999112836719,0.6203611379750523,2.954631299750372,-0.21570015179409985,3.3422410836507828,1.2910498479415562
1490,Normal,1,1772,12000,0.13541817139970214,0.12659730751054563,0.35482128626993553,0.6944154262909068,2.370087408753687,0.0004365783625822735,2.620189614159241,1.285361698241819
1491,Normal,0,1797,12000,0.09757424394111949,0.08243013284829372,0.3329768564028045,0.6558531628694906,2.5980000332102327,-0.07939085868153473,3.4125486701566152,1.2782132257439351
1492,Outer_Race,2,1750,12000,0.09604847797164902,0.0878321829982618,0.5894328506389286,1.2363960050784302,4.998792780731881,-0.1770147900076428,6.1368265597390685,1.3098852387847877
1493,Ball,0,1797,12000,0.1870957643811556,0.15064500387885205,0.7804112853500088,1.4879306551094404,5.834362402098067,-0.5919803047152997,4.171186279557552,1.2745716512647562
1494,Inner_Race,1,1772,12000,0.23632229687736517,0.1820275757270371,0.5987662286732675,0.9074400332783884,4.443508916273443,0.4143103431281455,2.5336848726719405,1.2875052047335533
1495,Outer_Race,2,1750,12000,0.18748189465991422,0.1275047996121298,0.46649368959936566,1.0218114483394822,4.939511744363858,-0.3243597578598578,2.4882066102733247,1.2906937936113096
1496,Outer_Race,0,1797,12000,0.13627105874902706,0.09535585964069508,0.5689189570342152,1.1899607726253043,4.925521525851474,0.21880934638553656,4.1749067062141485,1.355274854603872
1497,Ball,0,1797,12000,0.2852111718844245,0.22927924125408247,0.7124641327730425,1.4007863746749805,5.136753500665867,-0.7544476135539012,2.498023229825488,1.1813723651059826
1498,Normal,0,1797,12000,0.0628927553115873,0.053357452552412,0.33121319810593824,0.6402233304777054,2.277371969181032,0.13423261816306617,5.2663171849447625,1.3020713686209704
1499,Ball,2,1750,12000,0.18128487825184603,0.16096369337868574,0.704544646196155,1.3924635729593806,5.880855266152166,-0.16689667521154408,3.886395009832987,1.2799608875177682
1500,Normal,1,1772,12000,0.061465559938405856,0.051217157752180165,0.31826011871438253,0.6800822868418333,3.0006648297674503,0.1036370892437575,5.177860887191273,1.359209688181087
1501,Normal,0,1797,12000,0.09741511512065451,0.07299938094830948,0.3484517160749649,0.5678213238930145,1.8525422523936166,0.2972584022100469,3.5769779221980733,1.2273520906434863
1502,Outer_Race,3,1730,12000,0.15638796741196442,0.11806427729801651,0.5939308405541613,1.1552066688718827,5.450655950824502,-0.04619093000258749,3.79780395117996,1.2463407129914368
1503,Normal,0,1797,12000,0.06528741329861573,0.05212273174142708,0.3574336390128554,0.6935478934927628,2.4329043065341724,0.08172740640383076,5.474771030948992,1.1619895582143098
1504,Ball,3,1730,12000,0.3829767655125824,0.328324503798942,0.8136881315713023,1.5479967647090487,5.386189877758579,-0.05069339269116617,2.124640983069165,1.2167654369770802
1505,Inner_Race,1,1772,12000,0.31339302577694916,0.25933378542458,0.7183831130353174,1.372016174853889,5.486957654094518,0.4039523605464669,2.2922753665444087,1.209043860134801
1506,Ball,3,1730,12000,0.34419909991644704,0.2637803299961042,0.737138499640722,1.5097198540035541,4.768766385266683,0.11864606323488018,2.141604960093328,1.3332493368959248
1507,Outer_Race,1,1772,12000,0.19004571914633983,0.1562908737059754,0.5291407476295567,1.0652707281735765,4.636606344739921,-0.20504540983971023,2.784281329810462,1.2154818672129468
1508,Normal,1,1772,12000,0.15719935936836738,0.1278708746285428,0.30080564591041864,0.5542360020956315,3.331169255584066,-0.1022879124296135,1.913529718690117,1.341472588252755
1509,Normal,1,1772,12000,0.12134281867819417,0.09647549690139633,0.3774436194670127,0.811386987249868,2.8509549463446997,0.5989768489213333,3.1105558909753674,1.367969780471376
1510,Outer_Race,2,1750,12000,0.202083499677723,0.19312522133811816,0.705140971919114,1.555675340756217,4.163231832589749,-0.16937868494260744,3.4893545145628053,1.3040230700366775
1511,Inner_Race,3,1730,12000,0.18732584895673898,0.17038452561250242,0.6309861643751242,1.250715720871281,5.4259127328078876,-0.2658819935084936,3.3683881209626554,1.2467182746270504
1512,Inner_Race,0,1797,12000,0.2264468063553345,0.17771879561170972,0.600237501809562,1.2221394292369028,5.121667371315882,0.09504485269150373,2.6506777086875086,1.2272538113625833
1513,Ball,0,1797,12000,0.2018246913231806,0.17374989834275553,0.7021844044855828,1.3500294473149776,5.06288265356336,-0.06034936511667043,3.479179875772382,1.1430850148641416
1514,Ball,1,1772,12000,0.17700368174709052,0.15490108049343695,0.6792253831475924,1.3892885772476466,5.166886697265382,0.32019332903579245,3.8373517231019805,1.2880462958131658
1515,Normal,1,1772,12000,0.1349464494644384,0.10216044913413103,0.33769793179994984,0.7510399726285982,2.7924958236297366,0.5678664854514082,2.5024588134046555,1.2670507301358054
1516,Ball,1,1772,12000,0.45146343448439363,0.3291911577786352,0.5784983971331151,1.0833647613987216,5.9473549792103295,-0.4024627958329847,1.2813848319605448,1.2137661046175565
1517,Ball,2,1750,12000,0.3274036025040004,0.30804207120523197,0.810329897564269,1.6678599217941092,6.247523114334128,0.13472598527871668,2.4750182690930163,1.2794314037917103
1518,Outer_Race,0,1797,12000,0.18014440774148435,0.14728526928424535,0.5921812810123324,0.9820549037067592,4.479241815791803,0.007145442387361195,3.287258752223606,1.2166908111039676
1519,Outer_Race,1,1772,12000,0.33387606177544454,0.2774974869320138,0.5166944238131588,0.8830862108972702,4.97785602696181,-0.21727183986935333,1.5475635511738863,1.1980732886044194
1520,Ball,3,1730,12000,0.14103327106187438,0.12033431903345347,0.8316825762533193,1.7989679127230467,4.346991309699249,-0.2134130111984261,5.897066486449442,1.3354829627326048
1521,Inner_Race,0,1797,12000,0.2918778204117641,0.24657826517651257,0.43956443352063124,0.8579712860470119,5.440395906687609,0.18699399780603054,1.5059877893445948,1.24092468842464
1522,Ball,1,1772,12000,0.18469531530327898,0.15126115070241614,0.7245008741867147,1.5203221384259982,5.883074958362504,0.0214653547908103,3.922681379314077,1.1851201042414208
1523,Ball,1,1772,12000,0.24625677986778066,0.18059450905386773,0.7612174370377329,1.5378272453532513,5.773312333623925,-0.31611283707073196,3.091153215949803,1.1472733670830064
1524,Outer_Race,0,1797,12000,0.19984021763006118,0.15265250884031215,0.6549698773660845,1.1944795916851254,5.843750653635638,-0.15330123497483272,3.2774677946885897,1.1509861190148165
1525,Ball,1,1772,12000,0.2633973593434556,0.2409677051952812,0.656507361010189,1.3149933174076873,5.942612131593812,0.16551928417395564,2.4924599192892427,1.1847913453116385
1526,Ball,2,1750,12000,0.287632753556483,0.25740350453368294,0.6590659246514826,1.3785066179184755,5.379461868122237,0.05146852664565133,2.2913451841014365,1.2447378572395569
1527,Outer_Race,2,1750,12000,0.1648201794450525,0.1325744972225995,0.5900872847445386,1.1704759894125747,5.465004772386831,0.2524888892040903,3.5801883405985553,1.2321352404383148
1528,Outer_Race,3,1730,12000,0.16231838356714326,0.1523242235278798,0.5097119736493753,1.0287096450085855,4.798521792891774,-0.07783091287082651,3.1401986789656027,1.3159421066631853
1529,Outer_Race,1,1772,12000,0.1650572352695459,0.12993465663655085,0.5306192963107945,1.1739608423379342,4.594980703590053,-0.13095027528690303,3.214759386004917,1.2433506821597617
1530,Normal,3,1730,12000,0.0913845073485605,0.07988092300365567,0.2966118354770245,0.6488112741897218,2.6950762131252786,-0.012003087937932103,3.245756245592944,1.2948681073337491
1531,Normal,0,1797,12000,0.06930374673716466,0.04989867574045363,0.31796337990410894,0.665824129968515,2.171296867732436,-0.3871120464310773,4.587968109574063,1.309522053636919
1532,Ball,2,1750,12000,0.2489048899603883,0.20217708525894798,0.8092171882988822,1.7801812828157317,6.603004377964127,-0.4062268291746421,3.2511100462014397,1.3058842673105653
1533,Ball,0,1797,12000,0.3428636641353779,0.27180795621980486,0.7943719509949736,1.6150679179191594,6.368562315520239,0.26067902848317154,2.316874122541373,1.1870272192119047
1534,Ball,3,1730,12000,0.27122852386285556,0.21743978288553995,0.5898909187886481,1.3186911685163594,5.909963019863767,-0.08625678102023443,2.1748852605447997,1.1734559105622906
1535,Ball,0,1797,12000,0.22326691179275604,0.15845519129615024,0.8070367466500082,1.4489782787512149,5.392323493906809,0.05153076019594005,3.614672412359639,1.2263639596754259
1536,Ball,0,1797,12000,0.3322766283640761,0.28342982133986044,0.6516790460303191,1.334038469772759,4.671947516472441,0.39053442461320736,1.961254540347247,1.3442713881330344
1537,Outer_Race,0,1797,12000,0.19574921128705586,0.14502423773080728,0.5291804265037506,1.0594978217443978,4.309183045816199,0.2860615645364054,2.7033591758780346,1.2359777694205523
1538,Inner_Race,0,1797,12000,0.2393134456020763,0.21375046853253155,0.7208919288961884,1.3104349383751597,4.625641557223218,0.26869745467109285,3.0123335823548643,1.2282980259964933
1539,Normal,3,1730,12000,0.07374046146503094,0.06378163482479707,0.31258328611217134,0.6903752854232301,2.991197035937292,-0.28298111266143033,4.238965689961189,1.2839658200430057
1540,Inner_Race,2,1750,12000,0.26279013770418647,0.21227172589040239,0.5606518647562209,0.9962326910671452,5.301962833918823,0.2215592161410408,2.133458544731716,1.2434385267675165
1541,Normal,2,1750,12000,0.10676829647401152,0.08358514652650571,0.357727679026556,0.8607503506863629,3.3460119164109288,-0.0721021127399593,3.350504698870329,1.2835897299769625
1542,Outer_Race,2,1750,12000,0.29480859070892884,0.2556569253287487,0.5421495733383561,0.9601071931699793,3.9646029062456503,0.11109946561985572,1.8389883823759823,1.2556088507961636
1543,Ball,3,1730,12000,0.34224328158465533,0.28241456590015357,0.8035279630948642,1.6545701597529094,5.955837459088374,-0.5224208527304843,2.347826842281221,1.332221058099423
1544,Inner_Race,3,1730,12000,0.24913149631988596,0.22042510218805278,0.7966813186332837,1.572427664517968,4.663630964861501,-0.3387421360644508,3.1978345990036576,1.198261250220815
1545,Normal,2,1750,12000,0.08624523562013808,0.08602962944463427,0.3189450353585504,0.7453247971503328,3.111602060973107,-0.2570660998303417,3.698117734448828,1.235657489446701
1546,Inner_Race,1,1772,12000,0.23197982459867336,0.20188716110355073,0.7136446584291956,1.4953811225487397,4.990939647573872,-0.14373502232653165,3.0763220881979954,1.254817581959183
1547,Inner_Race,0,1797,12000,0.2640851730972674,0.1868236087987211,0.6632003546473249,1.3161289279902662,4.286855661068275,0.0667484023270608,2.5113123424125594,1.2697991106941708
1548,Normal,0,1797,12000,0.10550295865443418,0.09307077645545005,0.34505175721139275,0.5866478045025618,3.069788016851893,-0.16454668239688536,3.2705410503375543,1.271332975593352
1549,Ball,1,1772,12000,0.18523258757960767,0.15269946059888595,0.8120314104441798,1.7452488435763096,6.37240422928184,0.43198986448852783,4.383847470117492,1.3924376113111943
1550,Ball,0,1797,12000,0.11726275795061025,0.10060157568480906,0.6601177338797531,1.2685688098210486,5.3808714124399,0.09564267202268789,5.629389461893667,1.3502799624461304
1551,Normal,1,1772,12000,0.06852841343414783,0.0561986286346248,0.4003473293184876,0.7990678134268637,2.2645871614898825,-0.5370521700844091,5.842063302737925,1.193165039878036
1552,Inner_Race,2,1750,12000,0.1582050467398623,0.1134457518691285,0.5377501367309268,0.9927973809055702,4.868633195093217,-0.15218542619016426,3.399070685874852,1.2385000295009345
1553,Inner_Race,0,1797,12000,0.2302841808065518,0.21953440870577248,0.5170534369213724,1.0474658329523643,5.095702743972526,-0.10763935098078717,2.2452842184401653,1.2440749439492258
1554,Inner_Race,1,1772,12000,0.2577193186046266,0.23273801113434364,0.4801403657885636,0.8955782901527355,5.811280825977019,0.3780065833159626,1.8630359896502695,1.2171069714045986
1555,Normal,3,1730,12000,0.13083038516298648,0.09223627550618638,0.38341564783435844,0.8321266837262535,2.337714908603345,0.6573092794728066,2.9306314993776494,1.237847496321523
1556,Normal,0,1797,12000,0.10953179994834386,0.0850852220699055,0.3989298015050397,0.8328341957263452,2.3711428602480953,0.375612979565724,3.642136819564532,1.1939185814702407
1557,Ball,0,1797,12000,0.2054872011086109,0.16662490582625403,0.7646616107220165,1.484757120125862,5.31608032788401,0.00918125706612103,3.721212837571583,1.320361997360162
1558,Normal,0,1797,12000,0.10597837155830095,0.07425544200868531,0.30829237446792174,0.5291982958149255,1.7933555537312835,0.1065887935298229,2.9090121874379204,1.2640504366558167
1559,Inner_Race,2,1750,12000,0.2293279635625501,0.1699425455440818,0.5988437710705923,1.2337575944900498,4.9713520040814245,0.3556685152604963,2.611298516620958,1.1924583963447597
1560,Normal,2,1750,12000,0.0536937678519877,0.04159126270521878,0.34589705020334693,0.6488205674772033,2.1199566837664356,0.017438071055871533,6.442033480623806,1.114563627851894
1561,Inner_Race,2,1750,12000,0.21094495503709,0.1729393503047507,0.547661201575983,1.2042764056871467,5.481108673843282,0.3514335348664793,2.5962280135103915,1.170423173557149
1562,Outer_Race,2,1750,12000,0.19883075261080646,0.1834398032629463,0.6240378759649412,1.026495196460017,4.850151536600355,-0.14542451519239913,3.138538016734463,1.1962768901394432
1563,Ball,0,1797,12000,0.31673714224781563,0.22664678418100706,0.7432269267308093,1.5115009252071399,5.699904367555632,0.14388221297832718,2.346510173881999,1.1630089127758987
1564,Normal,2,1750,12000,0.10057246151186162,0.0893966537993542,0.4441951103907702,0.95342541352763,2.81341336974445,0.10813263744222966,4.416667383032893,1.2341995454270616
1565,Ball,1,1772,12000,0.2816666573745995,0.26755804489249463,0.6552817884590603,1.4316497779793476,5.430778681514685,-0.370104792534681,2.3264442961297167,1.2618817360603958
1566,Ball,3,1730,12000,0.3319819586575894,0.27404380770386727,0.6316968789808155,1.4120707352268367,6.099573702461648,0.39651388302410034,1.902804843778743,1.2353631295502
1567,Inner_Race,1,1772,12000,0.24714135453754477,0.21308864416119397,0.6049569483681697,1.222502765749049,4.903377155373249,-0.21525857929748018,2.4478175637589095,1.2420844748105124
1568,Ball,0,1797,12000,0.25817030523835266,0.21733475852302314,0.8299468627764444,1.547184273733885,5.314892981678853,-0.19127067408995269,3.214726271521451,1.304133307801964
1569,Inner_Race,2,1750,12000,0.2024344845080182,0.163610178592586,0.6956979892364453,1.4270653343481141,4.418728650504213,0.47354008097928824,3.4366574989790806,1.1936357838156562
1570,Normal,2,1750,12000,0.13060277229798903,0.10965621706769764,0.3434288772771396,0.7065337589784197,2.685826062405963,0.13626966362035162,2.629568050007064,1.2384014096056668
1571,Ball,0,1797,12000,0.24963165529550177,0.17435532810842877,0.7655485715105984,1.4853289406841794,5.927870635304886,0.12041876556893008,3.0667127155984257,1.272113415352475
1572,Inner_Race,1,1772,12000,0.2663873329469257,0.2210531559166124,0.6392273664324749,1.4506427143333331,4.607703298997388,0.06933136563523622,2.3996162255952047,1.3324333293436417
1573,Outer_Race,0,1797,12000,0.27087117541271544,0.2126531207013798,0.547285523511848,1.049305137367281,4.634497053834313,-0.3126898961647865,2.0204642397921124,1.4079149244695521
1574,Outer_Race,2,1750,12000,0.07205096056574026,0.06277427453137079,0.6884735313676462,1.3588568639785277,5.3147211206962695,-0.006064104885804798,9.555369227027498,1.1574480703222685
1575,Normal,3,1730,12000,0.08859455369716973,0.06007659512449284,0.34664370674752687,0.7880161642714124,2.99423256826723,-0.128830807134461,3.9126977029808194,1.2297762575467144
1576,Outer_Race,1,1772,12000,0.21400684927598704,0.20920954443433817,0.5439877102262437,1.1752319823984683,5.01906548006499,-0.1749568561745144,2.541917289407441,1.277102690366479
1577,Normal,1,1772,12000,0.12545246618698414,0.10396086212776434,0.36419901252254544,0.6330671938869711,3.060799260339156,0.07182421102064196,2.9030837224013983,1.2540071813676688
1578,Outer_Race,2,1750,12000,0.1913547605013025,0.15011510189882346,0.563164766997918,1.084501874034665,5.79929125857376,0.22796768221089742,2.943040275154715,1.3136094988957274
1579,Inner_Race,3,1730,12000,0.4129036801808674,0.3278573324771509,0.6522975186622142,1.3982563188377892,3.9165063008563115,0.09074353826475776,1.5797813145585993,1.2868909059439742
1580,Ball,0,1797,12000,0.31330447149388985,0.25545732434758534,0.7093168734373354,1.5395162516807173,5.665817261683721,0.010356252512985732,2.263985796484774,1.2408259168885312
1581,Outer_Race,3,1730,12000,0.34851222982711527,0.2893907680233453,0.5441943840543869,0.9221701147988408,3.8113344442807753,-0.11675647376994025,1.5614785866319316,1.2568104575418475
1582,Outer_Race,0,1797,12000,0.24458007839320667,0.19221291975684882,0.516351546798574,1.0833174283208937,5.353166973282907,-0.27679189943663696,2.11117581689726,1.234951140804099
1583,Ball,1,1772,12000,0.10854958076615642,0.07940702647339955,0.6691306324627723,1.4597657985903685,5.071711683661989,-0.20402511869138734,6.164285736895207,1.2477486072139032
1584,Outer_Race,2,1750,12000,0.1650407969071731,0.15500190888160228,0.56153070923117,1.1332664513799775,4.379021254259256,0.10999289053779485,3.4023751687711608,1.1773039776373513
1585,Outer_Race,1,1772,12000,0.33645645878682007,0.26050614361995067,0.6566153442705643,1.3709793062320754,5.135995135203043,-0.0229698181731994,1.951561122167662,1.2618004061850308
1586,Normal,3,1730,12000,0.12386731265140719,0.11320769229067096,0.35833899732892055,0.7105481257832117,1.5,-0.4028151344988336,2.8929262261253204,1.27513622518024
1587,Normal,0,1797,12000,0.07247352671884462,0.06296846670664585,0.29497911961368395,0.5662983497177203,2.445885428773831,0.3011857708498615,4.070163726929316,1.2892072915107757
1588,Outer_Race,3,1730,12000,0.23369942892659018,0.20429941191210355,0.639174967627307,1.2749300819648788,3.6670380180660507,-0.05793522166140732,2.7350300792908016,1.2512484734879161
1589,Inner_Race,3,1730,12000,0.27288073865222223,0.2116863301253461,0.7389902872358718,1.4795909133281566,4.493726458703331,0.03544304031457994,2.7081071785637874,1.1400666425717785
1590,Inner_Race,1,1772,12000,0.3338765244451523,0.25291306380370854,0.5962712840096636,1.1275325594944254,5.101416555673742,0.10649954222861019,1.7859035911571441,1.28136095122129
1591,Inner_Race,0,1797,12000,0.22087443259972367,0.17059411045250908,0.63597253562169,1.3852209972504725,4.167773356647635,0.2366198584088075,2.879339759410821,1.1693120491468831
1592,Inner_Race,1,1772,12000,0.20768991766832834,0.18182294616144248,0.5732306936042302,1.144380190177145,4.42808574478785,-0.31752524250606995,2.7600313969966246,1.2595717543520746
1593,Inner_Race,3,1730,12000,0.14892839493864132,0.1220169996005925,0.7369723107016951,1.692590204074077,5.051441106168765,0.4048039579938998,4.948500996101708,1.2255525160182257
1594,Ball,1,1772,12000,0.10677012814621953,0.09797115273138404,0.629357570846111,1.39795631638767,5.795244196094238,-0.24400319631183975,5.894509838783921,1.230799626638077
1595,Inner_Race,2,1750,12000,0.42063288490282635,0.3836757241381495,0.610008381621513,1.1505264864356828,5.055114420523839,0.10862156775754087,1.4502156239221187,1.1792598910650163
1596,Outer_Race,3,1730,12000,0.10154308789301043,0.0860598501788201,0.5675352691236312,1.1384401664020407,4.736918657843362,0.29968225131915044,5.589107844756577,1.1917364254401563
1597,Normal,0,1797,12000,0.08125643148281761,0.06634451785571151,0.3311621014999971,0.5732100197260089,2.6398462208194005,0.46118860688977403,4.075518644576759,1.3670198665856292
1598,Inner_Race,3,1730,12000,0.24550894836722598,0.20555583564597366,0.5749074533232734,1.0187258345728145,4.241771288762956,0.48273343958286963,2.3416965334531987,1.3145915330785576
1599,Ball,3,1730,12000,0.23503940275121446,0.22241260559531964,0.6565603112545142,1.3490895803656813,6.085096422144029,0.25393004674481073,2.7934052910671876,1.3391596675829998
1600,Ball,3,1730,12000,0.3072127578626787,0.28747158783027493,0.6542054790934007,1.2567430671856636,5.730765931770552,0.15491455683709415,2.129486690737709,1.2088826372634733
1601,Normal,3,1730,12000,0.07884110337913,0.06213286904088346,0.35905105039168267,0.7906195732186434,2.568833754834865,-0.0055754750209548575,4.554109912250758,1.3175875255437752
1602,Ball,0,1797,12000,0.2938836652427539,0.25998867699000006,0.7225831187770406,1.4550242442632895,4.674830110031366,-0.5376904674231417,2.458738624279006,1.176365118835397
1603,Inner_Race,3,1730,12000,0.2562446571409936,0.21329438507155263,0.552573807328368,1.0253060768990905,5.584266100624242,0.5850359427103592,2.1564305515424858,1.2900744877536126
1604,Inner_Race,1,1772,12000,0.2652019946145284,0.21554776466487002,0.7944528035739089,1.531298036225084,5.682391950359618,0.24535582926051216,2.995651690812686,1.2510564748049788
1605,Inner_Race,3,1730,12000,0.3597613738426463,0.30126707769607886,0.6424786526668421,1.4267592491303749,5.687094239574541,0.4504908302884689,1.7858466733225555,1.5516196879720052
1606,Inner_Race,2,1750,12000,0.26696937544559757,0.2183564425952378,0.697562811449869,1.4242063884240328,5.37279407952995,0.08300954806125181,2.6128944950542343,1.1628891035043256
1607,Inner_Race,0,1797,12000,0.3123155353418261,0.2662651079335265,0.6885090082291354,1.5045057933005925,5.561928282814519,0.12180698661342805,2.204530131604147,1.191025742184353
1608,Ball,1,1772,12000,0.4525234112350296,0.4008740492324763,0.6659473548762697,1.5802356087319396,4.343878090205594,0.15933868516726055,1.4716307230575367,1.2950849726817184
1609,Normal,1,1772,12000,0.1470545073418255,0.12281527230339835,0.3166605904663409,0.619819041264264,2.307337697733925,-0.07644424464251971,2.1533552163094813,1.2708836439834057
1610,Outer_Race,2,1750,12000,0.23890446681078367,0.2015095747945734,0.5106570751671926,0.8858250821140387,4.771026048682264,0.13298013777988343,2.137494882302228,1.2059690589378482
1611,Outer_Race,0,1797,12000,0.25858220671158894,0.23643800396764728,0.6493959249304159,1.577234971503376,6.30535595825812,-0.4395256469111784,2.5113712702387256,1.4042686443575594
1612,Ball,1,1772,12000,0.32538091868922897,0.2653308612884664,0.7807893505393905,1.5278183595525867,5.118327080122232,-0.13572271496276112,2.3996162826165035,1.262636999444951
1613,Inner_Race,3,1730,12000,0.31748098752481196,0.2510625547475868,0.627460441172497,1.3121670443494833,4.890661981350146,0.4291776376613474,1.9763717067418387,1.310238629266273
1614,Outer_Race,0,1797,12000,0.24132403238128397,0.20373957787019098,0.5197988192117944,1.1513415269209315,5.6587152453736245,-0.1569635532101789,2.1539455232976112,1.1634779249739198
1615,Normal,3,1730,12000,0.04044669569998194,0.03577780159744289,0.31397396361260643,0.6769817526224576,2.171298207723834,-0.017121883656698814,7.762660414624343,1.3027697027447862
1616,Normal,3,1730,12000,0.1457481007232611,0.11856953886208954,0.4386326682048851,0.8501885375139124,3.520470587093741,-0.40642315162820075,3.009525791610403,1.2681670674275194
1617,Ball,0,1797,12000,0.23175010132071786,0.21141688881015902,0.7360054951135168,1.2261164802886966,4.779428689902041,-0.25316556234485016,3.1758583531101126,1.1942266139979325
1618,Ball,3,1730,12000,0.2529640510334992,0.19910532628196637,0.7818959440094445,1.4224847640768803,5.751717937872694,0.09312949921755824,3.0909369960473176,1.267400752848864
1619,Outer_Race,2,1750,12000,0.24783745755320008,0.20474488348741818,0.6146203968350552,1.0980461552290546,4.937976089290785,0.25665033237556806,2.479933432593104,1.2302573576698008
1620,Outer_Race,3,1730,12000,0.21230564778131664,0.18544472745282314,0.5845412001073979,1.0617193642309808,5.051118885185793,-0.4085365618769431,2.753300282946306,1.2325726707671802
1621,Outer_Race,3,1730,12000,0.19310440049671143,0.1531535051526713,0.5919704169948639,1.116760413815638,4.881713307770307,0.014199158155500513,3.0655459713614612,1.2898095826935099
1622,Normal,2,1750,12000,0.10511956525748746,0.09017661470427564,0.4094967266387657,0.9107324176163561,3.0188819996209038,-0.07566455025245108,3.8955329165956387,1.3462359304329323
1623,Ball,2,1750,12000,0.29860216304317716,0.26446448835557773,0.7506128003955799,1.087537780024083,5.978534185154557,0.23287478869393546,2.5137554019896466,1.2691142692130866
1624,Normal,0,1797,12000,0.11569913535983442,0.09011453840604475,0.40339464688114274,0.7249823488300633,2.668515430928586,-0.039250578193021315,3.486583072782265,1.303810757107535
1625,Normal,1,1772,12000,0.10759484669122413,0.09668711073831444,0.40240515861817827,0.8514033113354796,1.7672426212158376,-0.3339880752192798,3.7400040149971243,1.2397000070531519
1626,Ball,0,1797,12000,0.23517281552515165,0.21972652198047457,0.7291463172339866,1.5215723548935853,6.043341634521646,0.013739612418114912,3.100470246128446,1.1066323404443201
1627,Outer_Race,3,1730,12000,0.15417393882950076,0.12081620318659254,0.5143793300075374,1.1573665195995875,5.041147230820256,-0.13603797817964816,3.3363571944307906,1.3064296871117713
1628,Normal,2,1750,12000,0.10904219288347149,0.09864230225525722,0.3474737272671746,0.7233866681527202,2.8651252103842015,-0.15602783359351724,3.186598857549612,1.2590744110932492
1629,Outer_Race,3,1730,12000,0.13709876589911588,0.11648547418259524,0.6329829127457414,1.3662466447763602,4.966599691244053,-0.0320525341257562,4.616984759815576,1.1599867321511332
1630,Ball,1,1772,12000,0.40496916714913944,0.36733829914253296,0.7091481897814846,1.4623066219164516,5.926010850923613,-0.28728544688360624,1.7511164980131046,1.3246417878986854
1631,Inner_Race,3,1730,12000,0.14605506832039383,0.11881784207387015,0.6240012693814954,1.1046648916477975,5.082147025234272,0.12609527082085192,4.272369843493924,1.180233997880741
1632,Outer_Race,0,1797,12000,0.25195152382899627,0.19606922225553627,0.6250120166633559,1.2509543435451749,4.467931110420175,-0.21540028029495298,2.4806836139144055,1.2797031933300091
1633,Ball,0,1797,12000,0.26399880898535555,0.22921585275845752,0.7641526101472396,1.7515082242370934,5.870885940615559,0.10607373114059016,2.894530521119239,1.2694370079443604
1634,Normal,1,1772,12000,0.08575266395367141,0.06671640266183393,0.24244191364686413,0.4457582881685555,3.5812153687512853,0.09215005323974831,2.82722311434949,1.2739842735156568
1635,Outer_Race,3,1730,12000,0.24789358754980145,0.1742185544416928,0.5996340010657847,1.321832449664643,4.533386229100841,-0.4429973815621421,2.418916951392779,1.276418058690652
1636,Inner_Race,3,1730,12000,0.2706903725518135,0.19893073221526694,0.8346750759763419,1.5019065169836132,4.866391480112732,-0.10934650016305089,3.083504847652366,1.3182874212315572
1637,Inner_Race,0,1797,12000,0.21382791074118748,0.1835004863836273,0.7506614527271289,1.4549418556918792,4.4444210451982915,0.269659829164952,3.5105868552198163,1.2190386385163143
1638,Ball,1,1772,12000,0.304816583161606,0.24789087101932938,0.7284802338336281,1.4357877866023216,6.088634049870417,0.5571148751764693,2.389896987485771,1.238871640263302
1639,Normal,0,1797,12000,0.09983569380071598,0.08339791473421511,0.3223672843587017,0.6841912087311961,2.942647024994621,-0.10511755201067265,3.22897825503357,1.1960539699942097
1640,Ball,0,1797,12000,0.19269490253730626,0.16207496314113876,0.7404761522937018,1.594738981935411,5.957350822541167,-0.027306582657190465,3.8427386637814336,1.2802187268345269
1641,Inner_Race,2,1750,12000,0.2501395000046239,0.21056706409424505,0.6877328414656738,1.4086322548279708,4.950080931090527,0.3992042550058059,2.749397202173031,1.2936143296349525
1642,Inner_Race,0,1797,12000,0.3110456304123007,0.2340154524575056,0.6644478878130404,1.4110410446667845,4.807846991964159,-0.2237860118941767,2.1361749622789876,1.318500306261153
1643,Ball,3,1730,12000,0.32878836499109965,0.23499261042056938,0.5947766289925036,1.240640739762192,5.377597930734244,-0.17394509740119923,1.8089953670003023,1.2817050341899445
1644,Inner_Race,1,1772,12000,0.2887562744363956,0.22280647431079298,0.608211329602458,1.2501696430465252,4.858854855500181,-0.02616332740858404,2.106313813577162,1.388074430411912
1645,Ball,1,1772,12000,0.31306832612810337,0.258199839193748,0.6752977236561565,1.238506926601162,5.507019363259438,0.12011794013144211,2.1570298471517484,1.243919789645355
1646,Ball,2,1750,12000,0.3434297052344526,0.2794017063004473,0.7837872845267431,1.5736771090597306,5.52485601498746,0.32409094932775556,2.2822349743790133,1.3087674457662095
1647,Inner_Race,2,1750,12000,0.25186477184439665,0.2245078752151056,0.6741012635376415,1.3083978736753739,4.061612129044207,-0.4175867355484273,2.676441245042815,1.132442236503991
1648,Outer_Race,1,1772,12000,0.17911488026396166,0.15062977754768303,0.5140418799740868,1.0008435475829582,4.082482783853869,-0.3533183961411261,2.869900475139436,1.3970371035918978
1649,Ball,3,1730,12000,0.13621083469940495,0.12003951198116466,0.6347333985514533,1.3237890191801873,6.0261560644148675,0.00414492130186443,4.659933256794191,1.2689432423226974
1650,Ball,3,1730,12000,0.24250416701282979,0.21637059771576483,0.8821325267260841,1.9688932411645683,4.316640220874538,-0.10925668971502847,3.6375973971590128,1.249740107872549
1651,Ball,3,1730,12000,0.32167521643802893,0.2304356208128721,0.5693664677441214,1.2577796977007922,5.192484374764621,-0.37185158461330803,1.770004149057005,1.323006180482509
1652,Inner_Race,3,1730,12000,0.1841961850829203,0.15371126305850538,0.5736592657057727,0.9872262811205003,5.7834090897717285,0.2495474778222439,3.1143927625185417,1.2712134288345496
1653,Ball,3,1730,12000,0.23307744504865519,0.21160961905639053,0.7711081959336819,1.6837071003310258,5.17896902738094,0.012666635044894577,3.308377590001092,1.2253581147274533
1654,Normal,2,1750,12000,0.09761169727490901,0.07662356001603395,0.3667604862950931,0.6559793460107723,3.014583510585882,0.07767830043572772,3.757341553668164,1.2628372794514735
1655,Ball,3,1730,12000,0.32045654310868754,0.2557575117822227,0.6621007039493224,1.3818016430732436,5.822857702834905,-0.12681755970225855,2.066116976506113,1.2881984522484964
1656,Inner_Race,3,1730,12000,0.2058395477748786,0.18762421884825992,0.6746851057071481,1.3509463010325606,4.487001264471034,0.3347473617591601,3.2777234161291195,1.2894311195426549
1657,Outer_Race,1,1772,12000,0.17430768822432718,0.1510126648924941,0.606957661381036,0.9707974497651338,4.5132260799296295,0.03137990513690501,3.4821049350382367,1.27159137717058
1658,Normal,2,1750,12000,0.05475779992727473,0.035600168366243704,0.3090303339884486,0.6320163355460141,1.5,-0.21088651680987683,5.643585651704047,1.3829545517102557
1659,Normal,1,1772,12000,0.09393439568671631,0.08806104947980055,0.3408786082241077,0.6758939492007726,3.161577017433528,0.005326639452643381,3.628900848641036,1.263582997268192
1660,Normal,3,1730,12000,0.11179717876279514,0.09360973933717556,0.34417123359216645,0.6692855845717532,3.2044439868774144,-0.08411565496979323,3.0785323690717568,1.1775094075728563
1661,Outer_Race,2,1750,12000,0.14669975435975025,0.13291394381085214,0.6128539897829538,1.13073670087206,4.879938249003768,-0.16257572457931999,4.177607470835012,1.247914232760315
1662,Inner_Race,3,1730,12000,0.23936702686935374,0.20980181143992147,0.6904439088674416,1.2565675489353338,4.412546957087859,0.21769390256633334,2.8844570528265994,1.2289126499233465
1663,Ball,1,1772,12000,0.2192999518551612,0.2007644850494922,0.7902859625800931,1.5014704499465097,5.102759576301204,-0.05695330342831178,3.603675951110309,1.271090855361385
1664,Normal,3,1730,12000,0.12461307432487218,0.10244492813994432,0.378472033557347,0.8067797643118043,2.732043400546594,0.10065466984227246,3.0371775642951597,1.213934753887984
1665,Outer_Race,2,1750,12000,0.25413240065542186,0.19651341134323475,0.5328314008887141,1.0410592341173988,4.211334646524211,-0.3682751431589132,2.096668506316045,1.2091341693585789
1666,Ball,0,1797,12000,0.15945700813367086,0.1284497951859216,0.704077705389373,1.4286518932961314,4.904942653243787,-0.33849855899860315,4.415470437016812,1.2183399443219645
1667,Ball,2,1750,12000,0.141943418895824,0.11441210039519024,0.6918269311504892,1.3700072364549276,5.638994691647818,0.39964265445285163,4.873962713679873,1.3586581562060385
1668,Outer_Race,1,1772,12000,0.044148946570803566,0.039893988930715066,0.4378162938986139,1.0463035111410433,4.385627693787565,0.3225957651932587,9.916800465362611,1.1857244829833908
1669,Outer_Race,1,1772,12000,0.18944576360869142,0.15125634823829617,0.5217337361659935,1.1091950849215262,4.367092542679842,-0.20474588201268354,2.7540005446817886,1.2172987296584896
1670,Outer_Race,2,1750,12000,0.1969712395773598,0.1627822229516279,0.5352869075474157,1.0284746833638485,5.444240760626702,-0.05105880007128662,2.7175891703579578,1.2728882465118678
1671,Outer_Race,3,1730,12000,0.20774124033518945,0.17601235965409395,0.5080430876858991,1.0508131883567338,4.740701104532582,-0.4471638460185294,2.445557207929317,1.147091254453758
1672,Ball,3,1730,12000,0.20794933605296467,0.15651398436648833,0.7397036493429809,1.310652694290284,6.25035562453624,-0.11711343393809819,3.5571339797621593,1.156240090520289
1673,Normal,1,1772,12000,0.07938991574034332,0.06456526805993955,0.4032229294762493,0.7855918477681231,2.8496504587466576,0.2731646889095033,5.079019491531527,1.285746811857578
1674,Outer_Race,1,1772,12000,0.11789025825846952,0.10079687402240581,0.6070589757350342,1.3172366968182625,4.449275404559575,-0.35768431440013565,5.149356568581625,1.4166515047498767
1675,Outer_Race,3,1730,12000,0.4207573774046191,0.3583234543142256,0.5895207062233276,1.2053236377717913,3.8127635784721594,-0.19871799774076165,1.4010941646696742,1.1497778791398787
1676,Outer_Race,0,1797,12000,0.16654816396604447,0.12431006402709661,0.5441076900174582,1.060754861503532,5.727030319715687,-0.047066843991488756,3.266969008006536,1.3290486070880545
1677,Inner_Race,0,1797,12000,0.24531181091119322,0.20504640584945633,0.550117366948185,1.135632853078831,5.664903773749364,0.1846678208126908,2.2425229543771796,1.301884331623823
1678,Normal,1,1772,12000,0.05852910058345345,0.04752386712572799,0.36305275818685634,0.6740215270912131,3.766835083065196,0.19806987386278702,6.202944425383732,1.3730814669213325
1679,Ball,1,1772,12000,0.12049636973431985,0.09169274542466402,0.8559232191440012,1.8338561308482035,6.3930417075570585,0.002552321640688687,7.10331125353577,1.2632316777617485
1680,Outer_Race,1,1772,12000,0.2444778747441757,0.19759433069780402,0.5636668155424623,1.2732602814788536,4.5305099184244915,0.33274536101192115,2.3055943861271264,1.3578156298102528
1681,Normal,3,1730,12000,0.16720280582157304,0.13336158866154119,0.3797017289775091,0.8120315095442137,2.426453798293511,0.20475752251476342,2.270905246546519,1.1978341332462537
1682,Inner_Race,2,1750,12000,0.19389598206544856,0.1595217939556982,0.6409914720805439,1.424860465911216,5.386467501719793,0.13239410763422724,3.305852268069075,1.2132342724363783
1683,Inner_Race,1,1772,12000,0.0862677537762647,0.06755466836239124,0.6724500386488733,1.4649044892745784,5.109873134060686,0.5145597499944141,7.794917674486711,1.1980099698430775
1684,Outer_Race,0,1797,12000,0.21019785478323616,0.1775132026599116,0.5487749655211971,1.2320033253766545,3.9902006261392406,0.07902661260609653,2.610754358492927,1.205664880276265
1685,Ball,1,1772,12000,0.2517897709485008,0.1983277625444731,0.7134265759867201,1.519541362962662,5.22508360135968,-0.26723029672732307,2.833421601279581,1.182000415761282
1686,Inner_Race,2,1750,12000,0.33062859443916137,0.28617885442143287,0.8200313660459932,1.7863526587258294,4.601756240968848,0.26756699180789567,2.4802191336081987,1.285842124060315
1687,Inner_Race,3,1730,12000,0.21366990689297333,0.1571007939070926,0.62768317181441,1.3101037597848313,4.963688062176443,-0.12484210081217287,2.937630202313959,1.3530349167886917
1688,Outer_Race,2,1750,12000,0.24276125271290497,0.18706110338853296,0.6121401287953201,1.4386944412106626,4.941254297805242,-0.6967669672571332,2.5215726231205893,1.1036410948768642
1689,Inner_Race,3,1730,12000,0.10206028157676977,0.08242789266375095,0.5615944645974377,1.0566959549946544,5.15642532674045,-0.3677558771996523,5.502576084654501,1.2556659152852117
1690,Normal,1,1772,12000,0.07891899188531123,0.05813037962412455,0.3441491857094588,0.6696679796920526,2.372624781316042,-0.2970865190294034,4.3607904445813555,1.2183720021175843
1691,Inner_Race,2,1750,12000,0.29762108091533845,0.22501975037160707,0.5776742157209067,1.1679640963361237,4.469265588051783,0.1946654956741971,1.9409721043424084,1.1645214186896784
1692,Normal,3,1730,12000,0.06965959081401897,0.05875969061830628,0.3425385013601761,0.6768474720657989,2.961427580083334,0.17275935069458148,4.917320032423164,1.247785046440308
1693,Ball,2,1750,12000,0.2745387714961645,0.2591131213704106,0.8237278655055905,1.7573141573526676,5.572163270234108,-0.25143580897374346,3.0004063215424512,1.1832982813550605
1694,Normal,1,1772,12000,0.08557077465442167,0.06891969219882618,0.30942033221799775,0.6711861210351031,3.0756703957169824,0.04540811538208776,3.615958058900302,1.2526798312574579
1695,Normal,0,1797,12000,0.08298327806875394,0.05744066338615868,0.29065707034027716,0.5467773216907084,2.208868489892381,0.0723401561540163,3.5025980788498106,1.20125928056664
1696,Outer_Race,3,1730,12000,0.31862418545850046,0.2463048231839339,0.5705666159783198,1.1364785787824478,5.20070248085893,0.02647177052054461,1.7907197319540384,1.2417073250199107
1697,Normal,0,1797,12000,0.05862892212480197,0.04491008251990336,0.39602999549529844,0.6605563450220217,3.4386459588368457,0.12491612223855764,6.754857178719386,1.2985340966423873
1698,Inner_Race,0,1797,12000,0.4016764239878646,0.36339037389859064,0.6406836198196072,1.2951641542669474,4.64460025149935,0.18369599445652626,1.5950242074425645,1.2935876752934001
1699,Outer_Race,1,1772,12000,0.2145019883078074,0.19919078549949665,0.5733452623600903,1.0505499838437098,3.8484953736082637,0.03177943934111997,2.6729135094885357,1.2994367565826794
1700,Normal,2,1750,12000,0.059512422671786344,0.05126489405635304,0.30547307538469376,0.6132089613571206,2.513933230408016,0.42959724056971743,5.1329295913458495,1.239373047029702
1701,Ball,0,1797,12000,0.4550924753303135,0.3884872085828811,0.8431550716877981,1.658142260702828,5.690026677219677,0.304660897254739,1.8527115199516813,1.1958884428139418
1702,Normal,0,1797,12000,0.0918016291803068,0.07440277947943194,0.3977818019673409,0.8812242442240874,2.3739254988961798,-0.18593974358874246,4.3330581986302334,1.3091838685298056
1703,Ball,3,1730,12000,0.35467305541571403,0.2710523206804354,0.7906409342802789,1.6503130881946257,5.200199485598821,0.3909648284628166,2.2292105989093667,1.348600127494785
1704,Ball,0,1797,12000,0.3086997277820947,0.21472906678936546,0.8575384005349873,1.8484703300058023,5.2644835741228295,-0.24118014131034912,2.7779046217374943,1.3564153074908614
1705,Inner_Race,3,1730,12000,0.4432356929448313,0.3388967199239523,0.5514400921639278,1.1265187997877155,4.099158593281387,-0.09538709961113903,1.2441238396217438,1.1907614518888405
1706,Outer_Race,0,1797,12000,0.19295410281824324,0.1584343051700231,0.5492040510980797,1.0929601905058102,4.181003739592191,-0.14505982988185684,2.8462937199910843,1.289369487873113
1707,Normal,0,1797,12000,0.08185347870360614,0.07224671732777524,0.3823449304645482,0.7076523618857946,2.043083414101586,-0.03931916078265397,4.671089567848796,1.1283988027278
1708,Ball,0,1797,12000,0.26548980492663643,0.2191149019596966,0.710613316162499,1.369129026210196,6.135293984709205,0.11361465573586355,2.6766124460367315,1.1992820431611224
1709,Ball,1,1772,12000,0.3330441954699698,0.2909596982630315,0.856892663968959,1.8962752176276887,6.778642177777753,0.30433532035179794,2.572909768806417,1.2932894217245303
1710,Ball,3,1730,12000,0.3439391661086136,0.3216579939123538,0.6364375041591686,1.329691167307878,5.1254113103781735,0.1281362760250337,1.8504362598768005,1.263567343627052
1711,Ball,3,1730,12000,0.32315219237717996,0.2376395651397595,0.7885347680064295,1.6030671507333052,5.583706084974548,0.4875570749618325,2.4401343596210534,1.2743712931428113
1712,Ball,2,1750,12000,0.289024362913533,0.2404342661163276,0.911963857361136,1.8332380766622145,5.187996110281455,0.4677256988618053,3.1553182858635584,1.2695310216366928
1713,Ball,0,1797,12000,0.13553396675118506,0.1051132835594746,0.6122948405146973,1.0482521501287594,5.300341747597526,-0.01755399131835808,4.517648639611912,1.1803294091712844
1714,Ball,0,1797,12000,0.33254508773158004,0.25486501596742356,0.7964582338336995,1.7702058833041325,5.717013990350388,0.10562938407448128,2.3950383368061523,1.3343789384147482
1715,Inner_Race,0,1797,12000,0.3343548646084262,0.3098967504002099,0.6751902871256533,1.2861718924215204,4.9109028292066865,0.04489482124685307,2.0193822749263433,1.272941567321722
1716,Normal,0,1797,12000,0.10698660279175856,0.09417348030271191,0.36557790688068525,0.680613178099336,2.4246193868828354,-0.1407102681969642,3.4170437918498577,1.2617640620663966
1717,Ball,3,1730,12000,0.44152423222731296,0.413838002903419,0.792282343718585,1.599619800925851,4.751091279272583,0.055002076432520856,1.7944255057572667,1.3014060122658535
1718,Ball,2,1750,12000,0.135450487918856,0.11419411552626514,0.6444657177710081,1.2879502818072435,5.8663375046710815,0.25549217219552434,4.757943124996985,1.2538046829067282
1719,Inner_Race,1,1772,12000,0.3108973240145223,0.24257819483801993,0.6691519940123112,1.4456046423902256,5.182654712976993,0.017664075906673488,2.152324714062365,1.2676869179456371
1720,Inner_Race,3,1730,12000,0.16265243064574741,0.12415928401900025,0.6969239232653154,1.3448798982450463,4.200817992007671,0.48770466676047763,4.284743366566693,1.322723348753755
1721,Inner_Race,2,1750,12000,0.23404559893442892,0.18321762631999233,0.6267806881278628,1.1648473934720451,5.392853580731404,0.17770588107672788,2.6780280893188855,1.1914035792940156
1722,Ball,3,1730,12000,0.471971959295429,0.3330805574784144,0.5830443439555137,1.3296288807006558,5.760722917095512,0.0853465207640188,1.235336829810602,1.2236142690048122
1723,Outer_Race,0,1797,12000,0.25998450891053143,0.21786339512169076,0.5127730473828926,1.092673493763408,4.9633730163460275,0.3571077866849576,1.9723215415090498,1.1486731796282579
1724,Ball,1,1772,12000,0.16952058841310352,0.15703563031513118,0.6320318456157459,1.2982403525240984,5.35879634046853,-0.10765633754619819,3.7283485830968917,1.2039895326920398
1725,Ball,1,1772,12000,0.3020013639341169,0.2569410962494092,0.6495247045298848,1.2809588505876053,5.076755761087615,-0.049767896994366255,2.150734341291193,1.257466978805009
1726,Inner_Race,3,1730,12000,0.22924891884250076,0.15874664638332572,0.7588171399110214,1.5721791939463057,4.927944260995636,0.040696158284726267,3.310014039509369,1.3121242036169025
1727,Outer_Race,2,1750,12000,0.3556633667960545,0.29275032043188437,0.4590525204136893,0.9421770229585877,5.263394436119162,0.03910866708837431,1.2906938506177965,1.3090097314455733
1728,Outer_Race,0,1797,12000,0.15578767505965352,0.1419692272446683,0.5750121817555169,0.995578445390936,4.8112736592144545,0.03525919639338806,3.69099918549613,1.278700134698462
1729,Outer_Race,2,1750,12000,0.14857152707378324,0.11234478280618632,0.655629713556457,1.3372237123534,4.863254015563981,0.06118970239503001,4.412889377053113,1.2298496087240454
1730,Normal,1,1772,12000,0.09485426613798059,0.08441030949828783,0.40941278704840267,0.7387711602186866,2.5854576417907196,0.20982133974841619,4.316229556326404,1.1424873826409625
1731,Inner_Race,2,1750,12000,0.39255676650646,0.30315374164983855,0.7494535972200544,1.5059384244467944,5.574429151381656,0.34706967020532165,1.9091597984408233,1.3343270720015332
1732,Ball,2,1750,12000,0.37051269320523605,0.3033723417589375,0.698718260680708,1.221732477392019,5.875989634103014,0.05218709195347775,1.8858146387272914,1.3104225288803588
1733,Inner_Race,2,1750,12000,0.223932800249888,0.18570079691840144,0.6064264084538917,1.213112573839111,4.037537044038103,0.48735542421298883,2.7080731709565407,1.2490064600151443
1734,Ball,0,1797,12000,0.05862620364510859,0.051693543466868275,0.7682191101553226,1.5623346669224265,5.975006400695532,0.21522459907417785,13.103681671180803,1.2379646273531457
1735,Normal,2,1750,12000,0.09364464456855458,0.07444482394198967,0.3676795650040183,0.8175447121220534,2.6434032557762164,0.36911935147918057,3.926327732867314,1.2271051341993677
1736,Ball,2,1750,12000,0.49645985205915755,0.4563263816520209,0.8650318387151418,1.6196698839132604,6.70570037618596,-0.020554198529989177,1.7424003877197016,1.2643817851986845
1737,Normal,3,1730,12000,0.046018789664669026,0.03863633805450783,0.3044991337596891,0.62888833746284,2.0611391767192697,0.449424959448701,6.616843597550517,1.2164518418471828
1738,Normal,3,1730,12000,0.07442439921268719,0.06794581142801283,0.2742860784846213,0.5577037100045951,2.352607284031927,-0.11198913381258929,3.685432215593398,1.2831367774623181
1739,Normal,2,1750,12000,0.07713209536621678,0.05741857428428039,0.33141807410887825,0.6689887734930773,3.3400318961443105,0.07383759915526349,4.296759637286304,1.1811094190287736
1740,Inner_Race,1,1772,12000,0.21536244754330064,0.18578463256153932,0.676768878951726,1.2602871151948094,5.513737890691246,0.017181704511879697,3.1424646528297617,1.3005500093520261
1741,Ball,2,1750,12000,0.32382529844471275,0.2656566125188988,0.674820374253528,1.2895149522482943,4.911611760106316,-0.09893706151471619,2.083902578009177,1.1848335933894556
1742,Outer_Race,3,1730,12000,0.2871015856544142,0.24431314596498532,0.5373876639947613,0.932978819628939,4.090230099412912,-0.16780895277437993,1.8717683595158472,1.2986056990797097
1743,Inner_Race,0,1797,12000,0.32848159414877764,0.2884841340131901,0.8225266119415784,1.5445442658977284,5.878596568335428,0.5478168014160325,2.5040264860899186,1.2646870483294033
1744,Outer_Race,1,1772,12000,0.30685132743988475,0.2505332225797369,0.5705071323058608,1.083750188914142,3.3019788147353335,0.017617904122119766,1.8592298005216512,1.295999515212182
1745,Ball,1,1772,12000,0.18321862387448554,0.1548804739661225,0.5946066223930571,1.265901315431447,5.765979623393287,-0.10004830292431297,3.245339419208792,1.2539694561664563
1746,Outer_Race,3,1730,12000,0.2725237022355763,0.22653310763144355,0.5982247568394322,1.2444884337332658,4.246671522359551,-0.3797645687302335,2.1951292747458413,1.192900711473026
1747,Inner_Race,2,1750,12000,0.3050974730889926,0.2403797308485394,0.6819105955321432,1.5010732577458503,5.626285441696167,0.008860290892001077,2.235058155769253,1.3505308889027017
1748,Ball,0,1797,12000,0.25194465883404005,0.22869999971910512,0.6570623163909858,1.2514327031136852,5.1606988960349245,-0.13293269907216682,2.607962873401508,1.2507020718579784
1749,Ball,3,1730,12000,0.16479548429034202,0.1458541545669577,0.7074874588599664,1.6956079769910228,4.854535950797492,0.3974665429562271,4.293124061661132,1.1686969442489197
1750,Inner_Race,2,1750,12000,0.2183951509190506,0.16701160521791666,0.5790339288313148,1.1580117191860198,5.011382791335499,-0.2505888167352912,2.6513131193372375,1.121402831785377
1751,Normal,2,1750,12000,0.09351207857092345,0.07704803685349827,0.3236980277966354,0.6335671818001645,2.5031670388156857,-0.0007326064563151111,3.4615638187437936,1.2509125350920198
1752,Normal,0,1797,12000,0.1056804984274694,0.09112374754831429,0.3495879454841717,0.7121107878687327,2.567281874524201,0.2507779335844122,3.3079702564433,1.2301562008892513
1753,Ball,2,1750,12000,0.265773263093839,0.21493758635926155,0.7105617209162595,1.424584607720422,5.469001394329593,-0.13971041380283997,2.6735635956931265,1.2039547183700454
1754,Normal,2,1750,12000,0.14459642094751868,0.11333210343275618,0.3779904264563884,0.6405191523774975,3.1559736857620386,-0.36414552875179623,2.6141063795318984,1.3147052641780328
1755,Inner_Race,3,1730,12000,0.2765780263212655,0.21648040298877727,0.5908484262197731,1.1358644070156618,5.401294295555189,-0.08322259910443588,2.136281157540186,1.2533938687389459
1756,Normal,0,1797,12000,0.12049726928322535,0.10493809616821428,0.27291816450768325,0.5914730240999823,2.364084251447654,0.05907304964916848,2.2649323601367013,1.3115723365201872
1757,Inner_Race,3,1730,12000,0.2796907682167827,0.272161754867404,0.6599189137802326,1.2712838745471047,4.8723113209284525,-0.21725748930950498,2.3594590482469653,1.165557498815158
1758,Inner_Race,0,1797,12000,0.16608816749617228,0.1260643908028416,0.6511920255736084,1.3994893260293546,4.366955550194666,0.42835233546679286,3.9207610956910344,1.2557534574845737
1759,Outer_Race,1,1772,12000,0.15488296304950322,0.1226577929571421,0.7016993498482278,1.2475413563837352,4.197458874229619,0.23814589615873014,4.53051346663579,1.2366162847557574
1760,Inner_Race,3,1730,12000,0.3271834589091859,0.2881628214705706,0.6758484721444104,1.2854749765984579,4.747932459091103,0.22116901632459962,2.0656559912828634,1.3377517712710052
1761,Ball,2,1750,12000,0.3995006393019801,0.36834460130000574,0.6996135009738006,1.4390886836535235,6.152191123567129,0.48889020964192215,1.7512199785116414,1.1597171056061004
1762,Ball,0,1797,12000,0.2516001680505233,0.21387053269427514,0.6772996255476731,1.5477940109120956,6.396156345041448,-0.20398253531468247,2.6919680968244264,1.2602330939773887
1763,Ball,1,1772,12000,0.21254012774293268,0.17179454728300847,0.7005226450175956,1.5080019745899824,5.011344434946391,-0.6541874012389409,3.295954756670128,1.3590312060069876
1764,Outer_Race,1,1772,12000,0.17410158877020498,0.14471854442302123,0.5048463441751914,0.9118655354829999,4.088803920291339,-0.2789135002899453,2.8997227868008326,1.2856440799871809
1765,Ball,1,1772,12000,0.22624413436944413,0.19487389396820043,0.6345046611299846,1.232705845863232,5.200237526045777,0.20222124400939187,2.804513199417907,1.2597174145350682
1766,Outer_Race,3,1730,12000,0.13933408767966338,0.11384124481643768,0.5399179852147167,0.9739216761973116,4.562868927458218,0.43323193955880585,3.874988484196469,1.305681356122678
1767,Outer_Race,2,1750,12000,0.21107815127135635,0.1564650785843074,0.4784377470754809,0.8966112972180431,4.35250934360395,-0.10139576023278749,2.266637945205491,1.2642880361214415
1768,Ball,3,1730,12000,0.22366484096437253,0.19013871334016702,0.602647625701912,1.171050817839562,5.661064067965937,-0.19556673050591744,2.6944227045407976,1.229013102121214
1769,Outer_Race,3,1730,12000,0.11352116044304782,0.09913882115416287,0.6054597310233212,1.2163119676844258,5.218649914468212,-0.08233726480915371,5.333452623813452,1.289846992420377
1770,Normal,3,1730,12000,0.14601914505586988,0.11366038808600414,0.3452227840414717,0.7481691674791834,2.6570202490040753,0.1486471271844959,2.3642295940671514,1.2030565182584623
1771,Inner_Race,1,1772,12000,0.20501563395547648,0.1732702914985991,0.6495169698282249,1.1725736514228098,4.45569104446438,-0.013104231099092173,3.1681338505593257,1.1945421930562974
1772,Normal,1,1772,12000,0.11874782295804046,0.10050894609799262,0.36733870490057047,0.7509908011725156,2.924178380481899,0.1188406459160506,3.093435279486089,1.3444056550866461
1773,Inner_Race,0,1797,12000,0.18678022832446092,0.14162885426913407,0.7363573105970127,1.6675960137913166,3.807023643773304,0.5412036529679152,3.9423729010431807,1.2446033145530033
1774,Inner_Race,3,1730,12000,0.2905173723667917,0.26333183250928754,0.6663599098018848,1.187351597172801,4.941878813924735,0.2789140115267015,2.293700732500686,1.2636449073065097
1775,Ball,2,1750,12000,0.3391958549937404,0.276803544180222,0.6685479948284752,1.2209314023625504,5.28450153960666,0.05114291242508184,1.9709792586964623,1.3857625934084494
1776,Normal,0,1797,12000,0.05008269888064004,0.03921352663620901,0.40028721884006335,0.7246084812540667,3.0867378602237316,0.71220628182808,7.992524919514637,1.1653089503020264
1777,Normal,2,1750,12000,0.1033378345097803,0.09005954976185526,0.2924733222976547,0.5113175548297418,2.715783959993667,0.09965264086710285,2.830263704335452,1.1851484243462131
1778,Normal,2,1750,12000,0.10483488710904115,0.08696543395355223,0.34448144756578836,0.6849682950927299,2.2299125235482418,0.06992685209624079,3.285942848466898,1.2379271170171426
1779,Normal,0,1797,12000,0.08899970585109912,0.076534981628261,0.3931689267141564,0.8289495832315581,2.1266561739666017,0.024911441715497914,4.41764299055041,1.3096843842602068
1780,Normal,2,1750,12000,0.07731158257450216,0.06931986884011364,0.38289992169883336,0.8364365657552976,3.278447149607523,-0.06764992789341621,4.952685082210646,1.2771789911429483
1781,Normal,0,1797,12000,0.14354309571750384,0.11628323134338077,0.29310761301617605,0.633462613152031,2.7790766175450465,0.37648603099474554,2.0419485280784153,1.2349966629250835
1782,Inner_Race,3,1730,12000,0.1774306979334092,0.16174001311929107,0.5299996250871151,1.0103605618574745,4.511950365479636,-0.39876994464332105,2.9870796387557865,1.197709418411481
1783,Outer_Race,0,1797,12000,0.18098071102119426,0.15823543215216307,0.6070804197899284,1.2731343281418772,4.349530285537644,-0.1910620359962621,3.3543929425652137,1.244415010973921
1784,Normal,0,1797,12000,0.09874044986290646,0.07680859839127369,0.2996412401612689,0.6090705857796092,2.3952628557893045,-0.017935146847434975,3.0346351528405813,1.2651039996223872
1785,Outer_Race,0,1797,12000,0.18888983177208182,0.15821945236306126,0.6185934842564298,1.431700368498032,5.0168822430764815,0.3984205823685351,3.2748903339743394,1.3033459749582905
1786,Ball,2,1750,12000,0.2787012769851858,0.2428830444457984,0.7805803724489747,1.7124536535226698,4.104900052558136,0.31324422372105193,2.8007778826591667,1.2293794569250636
1787,Normal,0,1797,12000,0.06139966637187468,0.05301319221291179,0.35711826822698445,0.7360195679588619,3.249510032673449,0.10756884210767893,5.816290044054204,1.3493692445217342
1788,Inner_Race,1,1772,12000,0.12058838633192864,0.10357863628055132,0.7590416788435551,1.3673131525896152,4.630694931707175,-0.07059233028054213,6.294484087001841,1.2790278747656099
1789,Normal,3,1730,12000,0.1103105789549717,0.0875221620605138,0.377406267253359,0.8191454948637765,3.3059675937311024,-0.2795452738424119,3.421306195912675,1.168992942271107
1790,Inner_Race,3,1730,12000,0.3742143944989735,0.3033124088569409,0.5913562870817983,1.0895866195097361,4.39402106238385,0.15292260166621718,1.5802606628041416,1.199164315445618
1791,Normal,1,1772,12000,0.1326639610246836,0.1049194922186194,0.34837509278262785,0.6909427697919719,2.3505958625741736,0.1839373824401548,2.6259964657455748,1.2277260870981421
1792,Normal,2,1750,12000,0.10895763597989813,0.093368748285816,0.37542835480347625,0.7004898448475816,3.1929807018086205,0.06384152942013983,3.4456360164857096,1.27776690961646
1793,Ball,1,1772,12000,0.30108067223015533,0.25310908184435893,0.8134661088429802,1.4907702739502768,6.2287413945098065,0.005791589077456869,2.7018210860813467,1.2824559627237269
1794,Inner_Race,2,1750,12000,0.16989057933259363,0.12156437276251669,0.7028371906680179,1.6284328825688446,4.110311558140301,-0.0876069789825896,4.136999199302736,1.204727358492672
1795,Ball,0,1797,12000,0.275892678219572,0.2400446057106032,0.7112113467999405,1.3563508750811093,5.375786839129778,-0.5955223555639908,2.5778550970965446,1.3258016729209845
1796,Inner_Race,0,1797,12000,0.34535198753430757,0.31232596429389664,0.6843878090229466,1.1217314526254698,4.650746408947072,0.48116391913715795,1.9817109318212882,1.1561733936399745
1797,Outer_Race,2,1750,12000,0.31538534201050705,0.25414534658448085,0.48906231968641023,0.9749452186307977,4.608143860026644,0.39139120502286323,1.5506818312124255,1.235923370429917
1798,Outer_Race,3,1730,12000,0.2251446603700421,0.19002018632880746,0.6236002299898851,1.1749089863013857,4.018308782955937,0.3426396303511746,2.7697757919950283,1.3617330046296625
1799,Ball,2,1750,12000,0.42739727132842953,0.3014686307938168,0.6694956461233997,1.4430956125625365,5.50018803899305,-0.3291192009404602,1.5664481058629218,1.2239046303819971
1800,Normal,0,1797,12000,0.09459879278895056,0.07402967235680867,0.3485465480197148,0.6646408129891798,4.0389929678670375,-0.060004287954193214,3.6844714160076064,1.273804667616444
1801,Outer_Race,3,1730,12000,0.18208546981585477,0.16872350099247319,0.4659209452984685,0.958636625602104,4.468390515467977,-0.35585002616050304,2.5588035430265794,1.3033783162547161
1802,Inner_Race,0,1797,12000,0.18084854242751297,0.1511123102756819,0.7848739518375354,1.5911719081092677,4.200568136811527,-0.06169906546172246,4.339951770151123,1.2680960951416949
1803,Ball,0,1797,12000,0.24829883929048072,0.2058697398960961,0.7469950701955449,1.7008214766005882,5.497954184201658,-0.2880486117189775,3.0084517202339707,1.1818204178515006
1804,Normal,0,1797,12000,0.10581107735014923,0.08520080804251645,0.3761469489070606,0.739590373351493,1.5693600891723838,0.1408685707431167,3.554891967145537,1.19661588544215
1805,Ball,2,1750,12000,0.40969785073413967,0.317988827792985,0.739540683290414,1.5084026232742132,5.546960407837098,0.028714009571553838,1.8050880227104615,1.2476833006880033
1806,Outer_Race,3,1730,12000,0.2718476723796747,0.24281903074286534,0.5273592635197227,1.040180172549118,4.3675655340617885,-0.14141808930001462,1.9399072241574649,1.3598804787348453
1807,Outer_Race,3,1730,12000,0.22169557190970735,0.1881661611732189,0.5692050572678384,1.1375942937466046,4.830140310350022,0.3527799237909079,2.5675075616741028,1.2767977197054114
1808,Ball,2,1750,12000,0.2718603867705748,0.25364945876582085,0.6196981917517872,1.3038584498946773,6.136852276106813,-0.5913835548485651,2.279472192006979,1.2248764054915384
1809,Ball,1,1772,12000,0.33430695733657856,0.2687693839502588,0.6641477083218484,1.2655294889923698,5.319287327268408,-0.07552400792194422,1.986640402620122,1.2814451941417886
1810,Normal,3,1730,12000,0.12976979559616572,0.09695546192450079,0.2765395462225932,0.6064749013960281,2.59439023236268,-0.09705807312063397,2.131000861580798,1.2569899402859752
1811,Normal,1,1772,12000,0.10523191751947818,0.08298135743548603,0.3712491073611867,0.6853399552705925,2.533995602182948,-0.5536740638211881,3.5279135466905216,1.1807916112385284
1812,Outer_Race,2,1750,12000,0.2669072864216011,0.22649604860955336,0.618267039113844,1.2357649017430148,4.813525066006545,-0.24032110315298608,2.3164112430308195,1.3277517169441073
1813,Inner_Race,2,1750,12000,0.2419115253195796,0.18850070629858953,0.7611862055134553,1.5680611733731167,4.605935235433703,0.08211489037360495,3.146547914605899,1.2417420069969147
1814,Outer_Race,3,1730,12000,0.23902222230539855,0.19698281999775152,0.4832102903064824,0.8001263053353481,4.3945150253094045,0.1401231762745893,2.021612407607377,1.2730659845885544
1815,Normal,2,1750,12000,0.13091410283513064,0.10698127651439017,0.4070022346985831,0.8890168332271753,3.278207775845957,-0.3008779085517501,3.1089258214689806,1.248929625598286
1816,Ball,3,1730,12000,0.3045110252282235,0.2598275628681426,0.6000865368380103,1.384403474376539,5.064744078589021,-0.4986062854375492,1.9706561901601436,1.272337522568723
1817,Ball,1,1772,12000,0.05972645336310403,0.045087051176535234,0.9410554223802241,1.824888535257248,4.714717057611115,0.006324471641529386,15.756090800488755,1.3087500340961105
1818,Normal,0,1797,12000,0.07776138051534899,0.06502748964571531,0.3018235204513567,0.7291586928087683,2.976993046015023,-0.03637644937061686,3.881406405738656,1.2685820793372415
1819,Normal,2,1750,12000,0.0861600004187659,0.0667175819990564,0.31688733750039016,0.7188692607404569,2.396062323253319,-0.5323547266596053,3.6778938714045224,1.3273843662100784
1820,Normal,2,1750,12000,0.09369189858521658,0.07607361525895036,0.3991322069596019,0.7486336593733466,3.0478297471719973,-0.1669707874468981,4.260050367071758,1.2150150606630952
1821,Inner_Race,1,1772,12000,0.2187091799384273,0.17617178623266086,0.7139704252858796,1.5133916649822332,4.909014608027478,0.032094082501303633,3.264473971723007,1.1574530847671856
1822,Inner_Race,2,1750,12000,0.2187086553073692,0.1707709851782004,0.7299420055414869,1.4733616703235024,4.9100458526806525,0.17874379389064843,3.3375085431147644,1.2292383562536797
1823,Normal,3,1730,12000,0.09858277131423071,0.08795763970534472,0.4028922160009034,0.8400714052833692,3.456095444772595,0.002124192034555513,4.086842057997052,1.2082938641219878
1824,Normal,0,1797,12000,0.12547595700041525,0.1097864369207825,0.37650994615143074,0.8709204045317169,2.40316731810398,-0.03880519689005266,3.000654110573428,1.2635522598769275
1825,Inner_Race,1,1772,12000,0.22055462841889523,0.15453682256077797,0.7572394548452434,1.390165578833308,5.093398199810354,-0.20546529441872166,3.433341935618022,1.2123730488537898
1826,Ball,3,1730,12000,0.17776342683018484,0.14783883961445066,0.6594565322463009,1.2583317898585553,5.594484288359792,0.19999736340860433,3.709742459433297,1.303332393327929
1827,Ball,3,1730,12000,0.19079267734076505,0.1567188261178327,0.7665914229342983,1.7125965392978717,4.9107687209384645,-0.07949177531759516,4.017928956283414,1.1805937201290337
1828,Normal,2,1750,12000,0.07517272501728114,0.058309324196943645,0.3660062039736141,0.6981791960518874,2.282422535019526,0.061117651592226784,4.868869711580556,1.1601240336708643
1829,Inner_Race,3,1730,12000,0.14524141639204913,0.1321551715240251,0.6051680009505348,1.2438179548182966,5.874967896606023,0.23133089807552798,4.166635220060159,1.2688739318001931
1830,Normal,2,1750,12000,0.095670844941689,0.08144277857774217,0.3414033980681316,0.729846880182387,1.933172569097381,-0.253380406023419,3.5685207784692987,1.3447315233534312
1831,Inner_Race,0,1797,12000,0.24548564566429285,0.1787694488119564,0.5960371371447881,1.0864556730047104,5.813821926246353,-0.09767008804395977,2.4279918099972426,1.3359372141093908
1832,Ball,0,1797,12000,0.4318139039105494,0.351080238490376,0.7166546519203816,1.5813136780780161,5.9830261360190455,0.10635374615297312,1.6596377407727871,1.2874878300375214
1833,Normal,1,1772,12000,0.11139894765716532,0.08225174210622173,0.32380562692551085,0.7217737596291047,3.4160959766076173,0.10937117483384397,2.906720698314274,1.3834590979501231
1834,Outer_Race,3,1730,12000,0.17243692999701518,0.13962184736670186,0.49297138392478496,0.9665146690985299,5.572012380985445,0.1002089692146682,2.858850386244513,1.2364713570564234
1835,Normal,3,1730,12000,0.0745611145245378,0.05380784196695821,0.29841575012719235,0.5166465126754848,2.7412693942328303,0.0959714511018398,4.002297337293487,1.3133901140618058
1836,Inner_Race,2,1750,12000,0.3675195052985827,0.34453551187186615,0.710092007358439,1.4003195596091436,5.405957334131941,0.4879524959194903,1.9321206007325822,1.3894468396227473
1837,Inner_Race,3,1730,12000,0.36856552302371326,0.29018077329762265,0.6082728895148758,1.1820028888770326,5.176046276326665,-0.1278135634246916,1.6503792447123165,1.2680580362767127
1838,Outer_Race,3,1730,12000,0.2352999874491795,0.19832232873531033,0.5574517776182664,1.1767771306208192,5.1810288671015705,0.24910982804067783,2.3691109534745123,1.2238338070405053
1839,Normal,0,1797,12000,0.12347231521809199,0.10770041049978758,0.4624133320807341,1.0149467365709146,2.6511907248505953,-0.22791982183671738,3.7450770341834345,1.266537192252333
1840,Inner_Race,3,1730,12000,0.29091380541806944,0.22632646789946967,0.7429898193785915,1.3207906520747321,4.102111175025971,0.11622099801866274,2.553986113896685,1.3049759654329072
1841,Inner_Race,1,1772,12000,0.14934129168125626,0.11675140818032555,0.590604105331844,1.1821658710847636,4.658741066427156,0.01521641043748187,3.9547274480013783,1.2503041813918778
1842,Inner_Race,1,1772,12000,0.3676596372391032,0.30474059264118053,0.6675923632641007,1.3156176459208682,5.264686741032493,0.2475548401460347,1.8157891039585061,1.1722863433853192
1843,Ball,2,1750,12000,0.11001658337601142,0.08866567993397331,0.7493060046926284,1.4954608530311144,4.983454832347139,-0.32484166981011936,6.810845980661593,1.2015578480474192
1844,Ball,2,1750,12000,0.12205895576449585,0.10636148705662754,0.75965612259854,1.5052283303835234,4.996996623981434,-0.02836036084262348,6.223681972703772,1.1783788632556271
1845,Outer_Race,1,1772,12000,0.10697104997798401,0.07767824131366492,0.5363075335252961,1.0703287934588988,4.32703945616392,0.16070414379175485,5.013576417504315,1.1854614658095532
1846,Ball,0,1797,12000,0.3304389109380494,0.2763546437474465,0.7208214990550834,1.292455010731579,4.9346045608185545,-0.3377296192429817,2.1814062303038604,1.259350982975541
1847,Outer_Race,0,1797,12000,0.23625946218780605,0.17318864189815303,0.5850526152782997,1.0881776142713344,4.0119403610547275,-0.15633735414017721,2.4763140060533657,1.3241859625222285
1848,Ball,1,1772,12000,0.26487960237559655,0.23015728846394132,0.6816819151780182,1.3191160140958926,6.5303604524474,-0.4057651179200848,2.5735538299827265,1.1745646846680364
1849,Ball,0,1797,12000,0.42890716338812446,0.3714117505779329,0.6914473514463435,1.5407551282171261,5.323031252060501,-0.1764463964276803,1.6121142533137003,1.2747471992151107
1850,Ball,2,1750,12000,0.19480391875723765,0.1727132459370745,0.6531740623334779,1.303249781596599,4.705925460830658,0.007702670437297935,3.35298214995077,1.3266770263515888
1851,Ball,3,1730,12000,0.17375627593672904,0.1413407786523256,0.8113224037116328,1.6798156061055944,5.780016212373018,-0.032479294994751884,4.669312802301683,1.2713355703971696
1852,Outer_Race,2,1750,12000,0.18057759863754383,0.1571144378326648,0.6660219069498106,1.2423826891508383,4.218054977401735,-0.13642387660365107,3.688286431843923,1.3489424045914822
1853,Outer_Race,3,1730,12000,0.18714180878562997,0.16806962267622702,0.5072279422534598,1.122004123750893,4.361605548125807,0.5285089092756883,2.710393500762232,1.2941173043063423
1854,Ball,0,1797,12000,0.4653555909819225,0.3561780579129156,0.6605826531621846,1.4626017774363176,5.760995176826439,0.25720444479436233,1.4195223308015354,1.3380138342455015
1855,Inner_Race,2,1750,12000,0.3023862762526332,0.23033167889914255,0.5456891559834375,1.1122250468130224,5.125696083376277,0.16333644657478757,1.804609530386006,1.2067059014426198
1856,Ball,2,1750,12000,0.4122756405274331,0.3086210599080621,0.8497742036068994,1.9554747667491867,5.298573490951381,-0.4171229207682941,2.0611797546897628,1.3428946655045961
1857,Normal,0,1797,12000,0.08845371547665722,0.08322154512038418,0.3507173600085335,0.6668015705664438,2.323028757903487,-0.33068058125144784,3.9649816643495,1.1976291142130937
1858,Inner_Race,1,1772,12000,0.4179863607809946,0.3585037934056586,0.7147350326524671,1.401783536647944,4.399933314004581,-0.06839524508229505,1.7099482177289391,1.3418673912271064
1859,Ball,2,1750,12000,0.3619355247836282,0.28842826150499346,0.8022960466207545,1.6220390672655378,5.338949904326254,-0.29240070874213747,2.2166822311802137,1.231428049597648
1860,Normal,3,1730,12000,0.12255459819888553,0.09523415844733851,0.3758765264868755,0.8504340774827459,2.849905753062846,0.19632286318547032,3.06701284171232,1.2152505044909616
1861,Ball,2,1750,12000,0.450828233606577,0.3797297472728137,0.780476444789948,1.5564228758571388,5.0740863053744825,-0.30204392142029224,1.731205782180546,1.175534361379287
1862,Normal,1,1772,12000,0.11864661249458582,0.1002517600817471,0.3885469844856207,0.7450956002907286,2.2650985470342344,0.09459295952493939,3.2748257730776023,1.2685423902449433
1863,Ball,2,1750,12000,0.169207449705435,0.158430886550952,0.6516223344608361,1.1996489461408197,5.366825327501342,0.3132146422894785,3.851026273342064,1.4018745339372176
1864,Ball,0,1797,12000,0.19796738486893276,0.1654752977934883,0.6615929985070637,1.5340401160886785,5.5685410476532935,-0.177022887585309,3.3419292725672016,1.269105837711423
1865,Ball,1,1772,12000,0.28806733674115187,0.2392861857597001,0.7579090785762421,1.515647826766202,4.742560670865206,-0.08506691772541522,2.6310135926909166,1.2132000999503672
1866,Inner_Race,3,1730,12000,0.3038225023758702,0.24971265289976952,0.6330162677722139,1.3869785371505712,4.044027705588645,-0.018830224566162374,2.0835068595053756,1.1774441982986044
1867,Normal,2,1750,12000,0.14575122907883836,0.13950718070300072,0.35211493227420876,0.7300270653183158,3.149585304979617,0.318768818039571,2.4158625247938468,1.2307333654767059
1868,Inner_Race,3,1730,12000,0.28678190403556175,0.24414702389276707,0.5783671995217938,1.1262693723364228,4.712476941057199,-0.14722386339463042,2.016749283630095,1.362517010642685
1869,Normal,3,1730,12000,0.0894093125351963,0.0719000240350497,0.35441155719316936,0.7403367005564705,2.8034672339832025,-0.06422779438264407,3.9639221815250396,1.3099379337609516
1870,Inner_Race,3,1730,12000,0.24185422261684789,0.19202562892678418,0.635456565971765,1.1964127788706909,4.7081293421238914,0.009385421677452987,2.6274363089309083,1.2682203581584437
1871,Outer_Race,3,1730,12000,0.2659028469772663,0.22453547000518345,0.6876529235467426,1.5086256955314794,5.676031975279017,0.13978961991770733,2.586105908093321,1.2169533149629421
1872,Outer_Race,2,1750,12000,0.2778210428246849,0.21687626973307148,0.4776562955030421,1.071961867370996,3.9129501229520303,0.10971294739889963,1.7192948764664326,1.3075540422535437
1873,Outer_Race,0,1797,12000,0.29886673359542837,0.26771794576475205,0.6168307753966537,1.356668928421024,4.604035391707117,0.5585436702065125,2.0638990762740717,1.205041978535852
1874,Outer_Race,3,1730,12000,0.22487246961208973,0.18233781464656376,0.5625704855327388,0.9759797518599409,4.8127754994439025,-0.3464382447351381,2.5017312546226136,1.4306485078839277
1875,Normal,3,1730,12000,0.0913996589719174,0.07080241502862702,0.31381544546930673,0.4718229808589402,2.2320364182258237,-0.04341046629317558,3.433442192226633,1.2909324964511282
1876,Normal,3,1730,12000,0.13481651621188906,0.11472643485657624,0.39310856035228336,0.855978272099126,2.139626578113308,0.10977867317154873,2.915878346347718,1.190750780250407
1877,Outer_Race,1,1772,12000,0.18948276653660645,0.14638726106329875,0.6169162895614644,1.0875860213484658,4.0015974793135385,-0.16668908689585832,3.2557910190860624,1.2224631488213724
1878,Ball,0,1797,12000,0.3729133791596919,0.2851623102838199,0.6357191352824872,1.3247280087630036,5.0607332027411305,-0.15087597887360524,1.7047367319322018,1.3779240459874504
1879,Ball,1,1772,12000,0.3061761401272229,0.2793788169528552,0.6310694376316471,1.3653014230512037,5.4673307804555265,-0.4413536596025078,2.0611319920926037,1.3085392609194193
1880,Inner_Race,0,1797,12000,0.2246777771887499,0.18989110956440244,0.7942159813048317,1.4065697447054284,4.733372431694007,-0.07399521322767785,3.5349111569570923,1.334613099991168
1881,Ball,3,1730,12000,0.2885902917948609,0.2366696659370939,0.5632874772120401,1.128210788839515,4.837032203898874,0.0029569297837439283,1.951858718838826,1.1753921870217054
1882,Ball,2,1750,12000,0.29597653849663813,0.23331062605413477,0.7257773650329885,1.5169622765086144,5.755291488544625,-0.024804690953385975,2.4521449190515225,1.2365600560344763
1883,Outer_Race,3,1730,12000,0.1278406725970544,0.09919666509756433,0.6292461587772006,1.3432676775889691,4.651479224961649,0.3697414335912879,4.92211239188755,1.2190353194191443
1884,Inner_Race,0,1797,12000,0.1524197797567554,0.13814170370642712,0.710084761658057,1.6244820894182865,6.191766100527154,-0.1717350766956902,4.658744178683838,1.3357793229591928
1885,Outer_Race,3,1730,12000,0.019576006120165274,0.01713099678743688,0.6256911950491368,1.2611711036085858,3.925626722926129,-0.02225842228119288,31.96214749874906,1.2385615438473085
1886,Outer_Race,1,1772,12000,0.23910908401257003,0.20559270406700914,0.5713604914539822,1.2507293149971024,4.9474515425938925,-0.2967332676752061,2.389539041619789,1.1688130549070317
1887,Outer_Race,1,1772,12000,0.30579000659005956,0.25928805677850436,0.5995379522671275,1.3581799979121556,3.701677923550359,0.3103061310149127,1.9606198350061348,1.2804888688395646
1888,Normal,0,1797,12000,0.10300939617922608,0.07678572131696162,0.32914616797850094,0.7121000494201704,2.5843856652740698,-0.1553713536795263,3.195302372278927,1.2905338657036616
1889,Outer_Race,1,1772,12000,0.26495731955636537,0.24509561594266127,0.43099451740371475,1.055121777492679,4.712060425936872,0.1450560338247068,1.6266563917741765,1.2778743856049466
1890,Ball,0,1797,12000,0.2973261710917997,0.22509203862471638,0.6503891237345494,1.4240470226570432,4.646209235052428,0.11025977582838513,2.1874600589187327,1.2735944132901054
1891,Normal,2,1750,12000,0.07598232126311062,0.07129542100486869,0.3099108924270196,0.563784837770636,2.597165013063705,-0.19213965852552534,4.078723672495659,1.249601336124713
1892,Inner_Race,1,1772,12000,0.29442044573921733,0.24557005344299043,0.6403365139150021,1.2087338634839728,5.353871673473632,0.12207680837396398,2.1749050488232045,1.2817632016342475
1893,Inner_Race,3,1730,12000,0.36839949592780175,0.29940611075730394,0.7351749549167341,1.6146604538404703,5.708220059484186,0.32278945202777515,1.9955916417996737,1.2500395948088947
1894,Ball,3,1730,12000,0.25802918933650404,0.17803659526931723,0.7821049080166153,1.5948014511229638,5.9540383464147455,-0.029250387867990973,3.031071445938806,1.2097852173474017
1895,Inner_Race,0,1797,12000,0.13979943497108444,0.10482777638593593,0.45685549522173224,0.9038904835003766,4.57511092672177,-0.07584546879260498,3.2679352052905397,1.2294284424104578
1896,Inner_Race,2,1750,12000,0.13535271945570698,0.13165569613803088,0.6471131716019302,1.1820776906363006,4.631590496486822,0.10671425774769902,4.780939564451769,1.261049693348248
1897,Normal,3,1730,12000,0.1325541068261469,0.10806264157208989,0.42791874321846657,0.8262307851984547,2.934539822142941,0.2554950485819576,3.228257150717398,1.1795149966647092
1898,Normal,0,1797,12000,0.09319970647799664,0.07639306346517301,0.24586425220432562,0.4840178065582404,3.3001897978614902,0.22420911996397067,2.6380367653021666,1.2554289216533294
1899,Inner_Race,3,1730,12000,0.3859311554343966,0.3075715712713989,0.5941410937264479,1.143777527387573,4.382644236340137,0.30559875792588415,1.5395002071229367,1.2322262568555309
1900,Inner_Race,1,1772,12000,0.21685030784550308,0.17706166382647914,0.4800833395741052,0.989065818205253,5.054362800282807,-0.12513191537336618,2.21389282009295,1.256575504559383
1901,Ball,3,1730,12000,0.256793562813685,0.2377545583695385,0.6283186299537576,1.2899558587293292,4.9000774060269014,-0.13946836101756757,2.446784970266682,1.232935011014029
1902,Normal,1,1772,12000,0.0998502285946611,0.08387053016154968,0.32926503800966056,0.7051090428020595,2.5319861412193174,-0.024388865388142923,3.297589225822424,1.2278187619085958
1903,Inner_Race,1,1772,12000,0.2681600160931868,0.23025658343319866,0.674723223315807,1.4000809873994744,4.821045117209172,-0.11719277452138013,2.5161216543235057,1.3460862552206991
1904,Outer_Race,1,1772,12000,0.3433908702410493,0.23598974236486908,0.6630831555288063,1.239077604771702,5.252542534665892,-0.5506350069788625,1.9309865607764798,1.2648681393119343
1905,Outer_Race,1,1772,12000,0.32178170821176877,0.2776308682325389,0.5565263239359208,0.9400417654541487,3.872631312816987,0.34728677413984477,1.7295151021128383,1.272150765538346
1906,Ball,1,1772,12000,0.11191151852277037,0.09367129583597875,0.6074347179092351,1.2544537870982173,5.269211485632047,0.07342569639388519,5.427812310362332,1.2872034571666828
1907,Outer_Race,0,1797,12000,0.109881875795719,0.08728550842494537,0.6245981221507169,1.2885769149657635,4.6170119770341,0.22453296325258568,5.684268835307335,1.2628554908321008
1908,Outer_Race,3,1730,12000,0.18641631842143921,0.16356113318730883,0.6002903869214348,1.147086917930069,3.7810336394097073,0.27624031872458166,3.2201600804299386,1.2983010207737546
1909,Ball,3,1730,12000,0.28648579172405925,0.27535753218385517,0.7892504244057579,1.781956928293574,5.204031353102368,0.26774409920505177,2.754937407736986,1.2483354075906683
1910,Inner_Race,1,1772,12000,0.4116673370431648,0.3306846533110407,0.6515018473867699,1.2088523325264622,5.488657705749442,0.009843275428341042,1.5825930035310465,1.189190142731945
1911,Inner_Race,0,1797,12000,0.1180069406604119,0.10065027736475242,0.5997919221270817,1.2696892169008203,4.992542454930175,0.016165271282927163,5.082683431757633,1.2746361429538262
1912,Inner_Race,0,1797,12000,0.3170230204256687,0.24001234595828758,0.6291678661788418,1.2930899163067855,5.887421988996685,0.14767534977704647,1.9846125537951607,1.2653429530862614
1913,Ball,2,1750,12000,0.30462713786044254,0.21189624487694594,0.6164370114603218,1.1958516544772906,5.107866967097041,-0.40020832231085307,2.023578778272628,1.1985935999277917
1914,Ball,3,1730,12000,0.29262387225542574,0.2277668725717415,0.7268595521469406,1.5135483048845317,5.354307170353196,0.11114305981009119,2.48393798682453,1.3018162224651686
1915,Ball,2,1750,12000,0.28877367816907423,0.25658982198638614,0.8264465023889698,1.8284419846917634,5.657062628488104,0.007903488714436434,2.8619177053425666,1.2786931660035594
1916,Ball,0,1797,12000,0.15895902732395573,0.12874357111281054,0.7106438779953036,1.5818617799562582,6.223139521156594,-0.17162153537164618,4.470610382806531,1.2008650619718242
1917,Inner_Race,2,1750,12000,0.21183449083408715,0.18238038361126566,0.7128693827923261,1.5674107554032992,4.729046154869517,0.40357592179523094,3.365218666636583,1.3791440132967374
1918,Ball,3,1730,12000,0.2777484949463335,0.22769163910621204,0.5439654859083449,1.0541036393026868,6.245513669787453,-0.10667547292570356,1.9584822089259197,1.2069445021573486
1919,Ball,3,1730,12000,0.28310996149426987,0.25020130157689446,0.7365456833936364,1.3632798850325971,5.531047873916918,0.4003042259253031,2.6016240456750723,1.2196523017557852
1920,Inner_Race,0,1797,12000,0.4304595055306646,0.38291651962281803,0.7137052454010799,1.463648727927507,5.401650609113109,0.3406830182957101,1.6580078642269356,1.4031397487795036
1921,Inner_Race,0,1797,12000,0.2815948970263559,0.22819088899756024,0.6110174506953471,1.20292840721094,4.14428322224779,-0.3011525250092948,2.1698456085237896,1.1766642579001134
1922,Ball,2,1750,12000,0.06282890855089493,0.04934688831322107,0.7960796697654602,1.556493139505144,6.1847527245890985,0.2624379498191585,12.670595242325293,1.34096512051486
1923,Outer_Race,3,1730,12000,0.20996731308058178,0.16652814877326264,0.4833090147130938,0.8541598068552514,4.156688149567049,-0.16023135237815958,2.3018297830367924,1.2325453231343158
1924,Normal,3,1730,12000,0.11284112389530924,0.09761009241014133,0.33880205149824455,0.7102917355830959,2.6183937601253566,-0.11036809581319569,3.0024696653373937,1.1417036464482695
1925,Ball,3,1730,12000,0.07025716391072517,0.049714091582559294,0.7530652587571434,1.4742026773761003,4.709658607408192,-0.26365273779094206,10.718697095630748,1.310575163938386
1926,Inner_Race,0,1797,12000,0.3469928344851551,0.3186691119873346,0.5260571246676716,0.9370446374027791,4.210405439024712,0.4722142514425023,1.5160460746925803,1.2244563435060085
1927,Normal,2,1750,12000,0.10200498041174304,0.08504948016270227,0.34761531236017273,0.6328744418388518,2.9822450343816977,-0.046534626413421584,3.40782686254165,1.329809976161289
1928,Ball,2,1750,12000,0.24167911273546713,0.2014755528787907,0.7092018004638506,1.5195503897528355,5.621089635825918,-0.2209250437142014,2.93447701142513,1.230193683418131
1929,Normal,1,1772,12000,0.10886721811182656,0.09261116275644532,0.3935067186987403,0.7482304990662838,3.067364616949293,-0.4312043094602012,3.614556571975017,1.2575443110941746
1930,Ball,3,1730,12000,0.4103060698162252,0.3326022547231221,0.772530230434027,1.3272961015878175,5.30653311942128,-0.21158996685839485,1.8828145310646778,1.1123217560150558
1931,Ball,1,1772,12000,0.21998829185907787,0.18135763160587245,0.7309361493165747,1.275983156009225,5.210680524201288,0.10119162816231378,3.32261386794532,1.2446652232574336
1932,Normal,1,1772,12000,0.08582521388738498,0.075633409633729,0.37470536294714324,0.8224353065626686,2.15789396441719,0.3202323838197645,4.365912369747316,1.2527815539089338
1933,Inner_Race,2,1750,12000,0.3773778000751151,0.309524617265496,0.4902969115682836,1.0472157260881096,4.756067477113946,0.05594259715787904,1.2992203342928292,1.347933896733037
1934,Normal,1,1772,12000,0.08697247065492883,0.07953651109988417,0.33188778721310014,0.6145104060679771,3.4257410457163977,-0.018333687250057334,3.816009648960015,1.2539859201068146
1935,Inner_Race,2,1750,12000,0.14746992477735038,0.11687619741582238,0.6834382742432179,1.2248110552278975,4.703501768205501,0.0448883906481356,4.6344247837318076,1.2458611989689277
1936,Normal,2,1750,12000,0.0925011716754254,0.07201863355489967,0.4653475665450362,0.8984420530700596,2.5951380113569424,-0.08946159229775816,5.03072078025001,1.2675408064814826
1937,Normal,3,1730,12000,0.10194387157539903,0.08922614816335811,0.366967484377483,0.7971764166466017,3.2742157710340885,0.05213802640396904,3.5997012739119785,1.2269148625486885
1938,Outer_Race,1,1772,12000,0.1422153050398262,0.13793358222347135,0.5443240749152786,1.0580819648288378,3.9334544639294284,-0.2955377019885995,3.8274648060055503,1.191950004366679
1939,Outer_Race,2,1750,12000,0.37891352943495765,0.2978129969912572,0.6041732303576752,1.2296294628510736,5.150134509329217,0.5546786161293495,1.5944884081036343,1.1616574917151077
1940,Inner_Race,3,1730,12000,0.2923014108567708,0.2507020885145448,0.6484329307689257,1.1831632889012356,4.560673079790338,0.4370381627323038,2.218370855167241,1.176398177698753
1941,Normal,0,1797,12000,0.09481081587902034,0.07922992151482403,0.400285080495845,0.691419216571144,2.454506163038629,0.504467845370661,4.221934773840711,1.231569093365903
1942,Ball,3,1730,12000,0.2905554064216343,0.25606245128444205,0.49997955421481055,1.0140613971165966,5.295171994974131,-0.4104995316092369,1.7207718155114076,1.2449004362175087
1943,Normal,0,1797,12000,0.0965879942059888,0.07906254550052963,0.33537305394971995,0.6159414528734574,1.8998584415209643,-0.17267248506865612,3.4722022825578627,1.1985089332675407
1944,Ball,1,1772,12000,0.27377440034980693,0.20741529419594912,0.6876937498013962,1.4564976828829705,5.77763106936702,-0.11929971744317883,2.5118993920641097,1.4377237439021164
1945,Normal,3,1730,12000,0.08312880924596047,0.06575807435297605,0.311901550616484,0.6031838744428154,3.1491025705073703,-0.009324113239128571,3.7520271665823293,1.1910606014942908
1946,Normal,0,1797,12000,0.09237339855112642,0.06499934307725176,0.33208374374685234,0.6086081527045754,3.4046890583856104,0.10242800146087648,3.595014895582218,1.1896361093599503
1947,Ball,3,1730,12000,0.24135869572543636,0.18314706069919598,0.6291449572718789,1.2850098801371752,6.4955888218063835,0.10309557300512201,2.6066802995471043,1.2738702734901424
1948,Outer_Race,1,1772,12000,0.21780897677737418,0.20508861749699978,0.6658591561821078,1.359413685667496,4.660352582293358,0.07483834759246899,3.0570785742347635,1.2198528215110391
1949,Normal,1,1772,12000,0.08967005117561011,0.0689881258195492,0.3933532509433043,0.7880900184522247,3.221800364698233,0.4115396871941107,4.386673652867222,1.2182870895410822
1950,Inner_Race,2,1750,12000,0.5060194384413652,0.42122131206541225,0.5649373489879849,1.104454756034886,5.853426591460048,-0.17354183757001165,1.1164340854732733,1.2988672571064805
1951,Outer_Race,0,1797,12000,0.29744987641779624,0.23906128706971144,0.5723268932264359,1.2429450074799218,4.205748353390321,-0.36715061288051537,1.9241120558495346,1.3432833714768566
1952,Inner_Race,3,1730,12000,0.27073056750646357,0.21074912984473496,0.5596142535770435,1.0950018547591764,5.614084507437759,-0.05895448845731399,2.0670523418589704,1.2928371252960382
1953,Outer_Race,2,1750,12000,0.13666349028575348,0.10905134636627732,0.6035302977538739,1.411311582891752,4.719779832050965,-0.013419526309254802,4.416177989395234,1.1982972710000965
1954,Normal,0,1797,12000,0.08555847964083294,0.0819755989009555,0.34897589920365396,0.7111500848026223,3.0032417230073727,0.08646809190323833,4.078799677935191,1.161418728916197
1955,Ball,2,1750,12000,0.22690821347830278,0.1967300870456752,0.7342187136812621,1.5838828289974132,5.381758002517447,-0.08760383903828022,3.235752035707905,1.2058610546196686
1956,Ball,2,1750,12000,0.20617351279072588,0.18570805720505848,0.7832888100093709,1.5572778900873239,5.242472888547886,0.0910327242183963,3.799172839454113,1.2100393446193918
1957,Inner_Race,3,1730,12000,0.12247399408233364,0.10318934373242801,0.7008992667882558,1.1379858137565964,5.107904312309909,0.3236522835988948,5.72284158804418,1.2147197810635988
1958,Outer_Race,2,1750,12000,0.1970703385587226,0.14930159482909935,0.4547377945091284,0.9889436190226618,4.9866860215868885,0.2921222327071171,2.3074897918928907,1.2970263733410614
1959,Ball,0,1797,12000,0.35234527803628274,0.25715537572072916,0.6448757565274723,1.3027498575030592,5.864764196404531,0.419753111974256,1.8302381122333822,1.2651862881914782
1960,Inner_Race,1,1772,12000,0.17662808977348565,0.1375454586945735,0.8232400901250594,1.7461743682735442,5.611892517699353,0.0902536032050264,4.660867312672705,1.2501030511448519
1961,Outer_Race,2,1750,12000,0.26894851541709663,0.21237575317399332,0.5597249710963513,1.0590261255656048,4.353879015133586,0.012244653125830705,2.081160292810341,1.303557312172355
1962,Inner_Race,2,1750,12000,0.27276653964408937,0.22073498058528646,0.5854581312660532,1.1807484978107214,4.7223024903765145,0.1616485417765086,2.146370782977888,1.1849392813947563
1963,Inner_Race,0,1797,12000,0.14976479063167736,0.14233783188911428,0.6443431598405562,1.3311448507363095,4.585987450366991,0.435552887385412,4.30236744646621,1.2579012848667637
1964,Ball,1,1772,12000,0.22820364808519839,0.1834507398438499,0.7561452087031313,1.5331976135235408,5.47807714678935,-0.17785535448745504,3.3134667874407917,1.2999961268488678
1965,Outer_Race,0,1797,12000,0.18773880021941886,0.15913051277819493,0.62609328735362,1.3320304181315612,4.599193208553655,0.09589048522945613,3.3349168452225983,1.2606175961328188
1966,Outer_Race,0,1797,12000,0.20488512473224213,0.16339187173333325,0.5076824537717379,0.9692759367591597,4.674300277860037,-0.28331169642126897,2.477888301726209,1.2960610688917966
1967,Ball,2,1750,12000,0.41931118139974466,0.3035132077712877,0.7041730614099462,1.2769407409573024,5.0865997611956395,-0.049434307404528526,1.6793567466035022,1.3149296565891968
1968,Inner_Race,2,1750,12000,0.358092049581793,0.3117193755877829,0.7299198231822277,1.2987042187044677,4.866310937999477,0.26685526683835803,2.0383580814896147,1.197823358661018
1969,Normal,2,1750,12000,0.14383382481524565,0.1271695795490766,0.38765252219430313,0.9386522394663428,2.7529699948840127,-0.07226460956039224,2.6951415822546765,1.2390125664304472
1970,Inner_Race,2,1750,12000,0.25541070286142453,0.18297338439333813,0.6086975151477112,1.2061624787073162,5.522299409969174,0.42777263609659033,2.3832106811826352,1.3132746953576189
1971,Ball,2,1750,12000,0.46684300905672327,0.3869672946948477,0.7407398850650585,1.2897533563475974,5.158968435433969,0.2624559528831195,1.5867001769219076,1.2394781651279065
1972,Normal,0,1797,12000,0.10567930426438703,0.07750601988442565,0.3459424407571375,0.7698370799949191,3.297689192136022,-0.031299860528899624,3.273511717030834,1.1593574533875175
1973,Inner_Race,0,1797,12000,0.14927211945852847,0.11370029576163353,0.79536254541827,1.6642767981263322,4.841111961843727,0.13617035849118816,5.328272609134096,1.302533189840299
1974,Outer_Race,1,1772,12000,0.23381719124180295,0.19200906003880355,0.4992809674213077,1.0197119648050457,4.308768712167882,-0.246494315122297,2.1353475540854236,1.1755443980171483
1975,Normal,3,1730,12000,0.15424303394588149,0.1444574251840316,0.3773051560780159,0.7385772530017972,2.661304429567459,0.10140056586556867,2.4461730713258607,1.2768292307244344
1976,Outer_Race,0,1797,12000,0.07749907539700229,0.06217413440522433,0.6357545758478854,1.1855388936029498,4.467918109852191,0.1484108540608006,8.203382718969532,1.1618034831539243
1977,Outer_Race,2,1750,12000,0.12942432024836287,0.09550421596604955,0.5141562989263471,0.9018271990744783,3.793491849523691,-0.24316529942367515,3.9726405202645894,1.1773851506439994
1978,Outer_Race,3,1730,12000,0.22219625743096247,0.16946289617579913,0.6240941804244948,1.4354929070281965,4.111803563778318,0.43118709276868356,2.8087519908763725,1.227631065313276
1979,Ball,2,1750,12000,0.28151771493598404,0.23760304306556473,0.7537414895107502,1.7314472431817765,5.786121402501949,0.13527679278524274,2.6774211693290697,1.2769108854155433
1980,Inner_Race,2,1750,12000,0.17345224211016114,0.1433652577138241,0.8748961173509047,1.3992472686525592,5.128230847984498,0.21790573021972426,5.0440173427983135,1.2644200175552918
1981,Outer_Race,3,1730,12000,0.20568365172527983,0.16978868417156345,0.5624605720276685,1.1448979192955304,4.331814111800705,0.5055982046867697,2.734590558412079,1.2659518633964397
1982,Outer_Race,0,1797,12000,0.17316747301097482,0.15169272910094153,0.6310493579996529,1.3044305404950511,4.034965554079814,-0.18810076014088023,3.644156417063723,1.1528082901686674
1983,Ball,0,1797,12000,0.21128736630603887,0.18138051226719334,0.6383803970723354,1.3797579285997978,5.122481453376438,-0.24079697188500002,3.021384611078328,1.2961656940349195
1984,Ball,2,1750,12000,0.3164206019431798,0.2607821596370774,0.6253785146955314,1.2479606354743136,4.871074225989897,0.16088934125024484,1.9764152866627558,1.2003705073860758
1985,Inner_Race,0,1797,12000,0.24808421291605104,0.2074726298312074,0.786665680631824,1.5534944228188865,4.480658127472011,0.29479880898444755,3.170962276821794,1.3250406119456106
1986,Inner_Race,2,1750,12000,0.20208079631331863,0.15719679433112152,0.6304931675397282,1.3517663883124553,5.608117833578302,0.38155146577266763,3.1200053594512385,1.229325565951112
1987,Inner_Race,1,1772,12000,0.22938267508898752,0.15564314128277842,0.6786775574756274,1.1098461089294835,3.942147997939843,0.10958308605326321,2.9587132385318067,1.2336798196283243
1988,Outer_Race,3,1730,12000,0.32748718040157776,0.2776194300620716,0.56264120968705,1.2500816361034237,5.46081234116025,0.12813967336866727,1.7180556777737592,1.300407545523684
1989,Normal,1,1772,12000,0.0862432392244567,0.06323317018885648,0.34821849104837843,0.6379339666922642,2.519008876941915,0.0651500757637903,4.0376323312961935,1.387632976356391
1990,Inner_Race,1,1772,12000,0.20945215561317393,0.17109064936633722,0.6114765176204277,1.1964865772187716,4.611597042130944,-0.21234996045215657,2.919409045136452,1.2843400931627038
1991,Inner_Race,0,1797,12000,0.23294651800557561,0.18667788713306407,0.6587200816661234,1.3615896458399137,5.374949424793169,-0.008387708877847677,2.827773891217197,1.356910783817169
1992,Ball,0,1797,12000,0.314690132404998,0.24002053927051872,0.7439937168809452,1.6151204531560384,6.451047088881666,0.06265256903943275,2.364210505092815,1.1871030858223333
1993,Inner_Race,2,1750,12000,0.15323183421482206,0.125320017387323,0.6238690133580072,1.2819330211782392,5.886156664489922,0.21247234856981456,4.071406027049049,1.3114885325828838
1994,Outer_Race,3,1730,12000,0.3352046043927757,0.2852013306543684,0.6111864617494639,1.188759488112512,4.747323981567313,-0.24673997653170252,1.823323587265844,1.2262597127773487
1995,Normal,2,1750,12000,0.07062824658564931,0.05639260742678473,0.32299848775630496,0.47765700388899013,2.5092772554066265,-0.22471660611573216,4.573219687177309,1.263289163016375
1996,Inner_Race,1,1772,12000,0.3914345554385268,0.32813275331002006,0.676060785372716,1.4057319833342168,5.4794946817326196,0.26356986346362954,1.7271361865722878,1.2326374981193116
1997,Ball,0,1797,12000,0.34401222267068293,0.2320025085468024,0.9004940567952906,2.0300348779225037,5.61942466352261,-0.3532516126021916,2.617622274593767,1.1786698234698445
1998,Inner_Race,1,1772,12000,0.29270728132599483,0.21748902203352494,0.8236597381199036,1.4572561353453237,5.037942338674076,-0.3805468036278732,2.8139366208747463,1.2525817245130364
1999,Outer_Race,2,1750,12000,0.1902300356403207,0.16896821547820173,0.5503935915612062,1.2010577628342651,4.0367336878262305,-0.07049040076118598,2.893305411569539,1.2665867192417428
2000,Outer_Race,3,1730,12000,0.24578620984849395,0.2121954710849163,0.5985714099889659,1.260477883691919,4.106174839218774,0.09719966672030857,2.435333578551594,1.1569678706294737
2001,Normal,0,1797,12000,0.058000180815310075,0.04926190125705363,0.3784247506734009,0.8453213558399364,3.0993258133096155,0.025078985539677145,6.524544326480956,1.2236862668457937
2002,Normal,3,1730,12000,0.09030079819105635,0.06680975256239716,0.41245523960245734,0.8546176383803821,2.1961381468214625,0.06783924066564608,4.567570252588399,1.1815109020677224
2003,Normal,0,1797,12000,0.12481980813635961,0.09540498224889633,0.21837876973305897,0.4505725677523967,2.212221702488972,0.1555818764951252,1.7495521984338473,1.1933020212435248
2004,Normal,3,1730,12000,0.1436185121494633,0.1284210044261574,0.4234810508089289,0.940403049343013,3.506419665712192,-0.010217034824443154,2.948652262656875,1.336135757385597
2005,Inner_Race,0,1797,12000,0.44858162035859295,0.3695313004751781,0.7458392289899903,1.4260118090673881,5.530157343400101,-0.4612408312599914,1.6626611415638737,1.2761901914878209
2006,Outer_Race,2,1750,12000,0.25238261378136306,0.2231873666958402,0.50384765265453,1.060899052959317,5.274666837150208,0.5864778956885643,1.996364349768598,1.2073428865150635
2007,Outer_Race,2,1750,12000,0.18783458129631447,0.139691473750455,0.70731247993142,1.4980699443463084,4.587913402630868,-0.40495457355545456,3.765613738694975,1.3110410177341547
2008,Inner_Race,2,1750,12000,0.278306641930072,0.19571082636715048,0.6993437794071427,1.2231873550609955,5.744704987731243,0.20213897872623926,2.5128533568482405,1.2796508833118858
2009,Normal,3,1730,12000,0.12475385847776682,0.10494418796393419,0.40564695955721075,0.8165170691768182,2.776350651523143,-0.07131260814947722,3.251578464240476,1.2337778482221797
2010,Normal,1,1772,12000,0.0874308957484739,0.07509241246039741,0.31302136951366605,0.5225337281643581,2.8141023072035605,0.09260135586735575,3.580214600730884,1.2569162615080933
2011,Inner_Race,1,1772,12000,0.1303212023382211,0.10924279883254782,0.6707724634628768,1.2461577951823848,4.2555796356898385,0.08690301807350817,5.147070863588481,1.2104820435532384
2012,Outer_Race,3,1730,12000,0.11437595553244266,0.09664760052115233,0.5186937449507482,1.0487510395219386,5.0879195230115615,-0.29316642731670367,4.534989391224111,1.2460652146381852
2013,Normal,1,1772,12000,0.13349102450427183,0.0992511201184856,0.39853210422407936,0.9003119176493213,2.5777869611560127,-0.08575215475407016,2.9854599266434274,1.1886030415664037
2014,Outer_Race,1,1772,12000,0.05528113095134354,0.04500283876452253,0.6127401161863415,1.2980368830017641,4.115653959386442,-0.06745027986815211,11.084073455835288,1.1917867436408422
2015,Ball,2,1750,12000,0.27460012407279966,0.19998460317070751,0.8269319240312004,1.6255350097118884,6.100170327449759,-0.3488641739666373,3.0114040436921696,1.2576076932273292
2016,Ball,1,1772,12000,0.2721569624649111,0.20385090674517722,0.5137801942887203,1.1527801412477556,5.636421011045729,0.2917002631977845,1.8878083795301084,1.1945336744209865
2017,Inner_Race,2,1750,12000,0.29774774608956633,0.23841250339967904,0.6882018201998521,1.5341435658390434,5.045656010550567,0.6254252610997976,2.311358622317941,1.3513091237788153
2018,Normal,0,1797,12000,0.12470188036298485,0.09612961487456365,0.4358201506580087,0.9648947521787262,3.5731643287169232,0.22110907638781266,3.494896383193375,1.3103812972138038
2019,Ball,0,1797,12000,0.13065925598783276,0.11886303524755146,0.5904373070005582,1.3305987159796069,5.868288118126145,-0.01906316345502545,4.518909146823405,1.2229694591289615
2020,Normal,3,1730,12000,0.094939740285323,0.08597184958264524,0.4084388361451804,0.8270500409417074,2.370003087314833,0.3264885111010728,4.302085037495327,1.3906318435012517
2021,Inner_Race,3,1730,12000,0.28551140856090584,0.24678878287282158,0.5853885568873151,1.2619839747680597,4.985487776275855,0.013574969512720497,2.0503158169332445,1.1925646926967812
2022,Outer_Race,2,1750,12000,0.28084353355947156,0.19688795059313227,0.5998850294924912,1.2039782722595742,4.303167328223831,0.09740621697225277,2.136011543115908,1.254992997759369
2023,Normal,0,1797,12000,0.1263673906826387,0.10786834949036712,0.3690131577807228,0.7552584154589549,2.440308448899127,-0.07545088749392431,2.920161251944095,1.2346766844681794
2024,Inner_Race,2,1750,12000,0.3389162264346397,0.2798116128123908,0.6793253954103603,1.2061901799360226,5.518776649633208,0.004706601581414116,2.0044050488723615,1.3187499689647382
2025,Outer_Race,0,1797,12000,0.33523302063788,0.28892302313668605,0.6480058620348675,1.3431343145971613,4.548767062252958,-0.06990100201406584,1.933001292061995,1.203131403456224
2026,Outer_Race,0,1797,12000,0.2152271376451908,0.2032503009740475,0.5662666289401276,1.006232383831949,3.6531624924533124,-0.4219438419698317,2.631018723455019,1.2764096686520892
2027,Inner_Race,2,1750,12000,0.23143855831097737,0.1992584103778952,0.6477685732502059,1.3829466267924975,5.0246910579425546,0.1533803565317165,2.7988792272885563,1.2871679312831348
2028,Ball,0,1797,12000,0.14216641330798052,0.11914663111195867,0.7043054001048662,1.4967058377424085,5.488543829364283,0.002160926403974602,4.9540913617839015,1.2668901556302572
2029,Normal,1,1772,12000,0.13483141010329994,0.11058121961721946,0.4327253508877658,0.884300016003603,2.71196791243853,-0.03633173996360952,3.2093808894844087,1.2157021904061427
2030,Ball,1,1772,12000,0.29311681591351335,0.24049889478906059,0.7481014012165124,1.5381001108401755,5.721097184101152,0.023726186543323004,2.5522295569601376,1.1590739253810758
2031,Outer_Race,2,1750,12000,0.24957981713277388,0.2436795449268288,0.5834696580361847,1.256458805805997,4.200672935393925,0.3501973138278259,2.3378078593822544,1.2956243716524154
2032,Outer_Race,3,1730,12000,0.20149009589051117,0.1706863842932795,0.5636581819137443,1.0561373476262415,4.450624240611218,0.38539503103541156,2.797448576430445,1.2214619899605186
2033,Ball,0,1797,12000,0.1640034973108782,0.14526166342875255,0.642973174819723,1.3624199626753626,5.804240831177748,0.15407761656283864,3.9204845345519055,1.1439977849413179
2034,Normal,1,1772,12000,0.11526986939717072,0.10323284979663468,0.32297964853175537,0.6074211803713457,2.5420468536751613,0.08118325895551688,2.8019433892035175,1.3448434918739502
2035,Inner_Race,0,1797,12000,0.29411215926866524,0.21631855065829375,0.7508798044129809,1.563483950488392,6.052226929674582,0.3171959401523245,2.5530389708474037,1.2693422660819031
2036,Normal,2,1750,12000,0.10597227645194657,0.0867049232670955,0.3998178394648456,0.7402311399150675,3.811496100253539,0.3186942354287485,3.772853173029119,1.262851001009971
2037,Ball,3,1730,12000,0.44180388078738575,0.34151984035266014,0.7377629578486757,1.3248486263190735,6.5156130909657755,-0.4118467032702445,1.669887907127094,1.3470148152698802
2038,Ball,2,1750,12000,0.39900913072085453,0.3500469968691561,0.7305451742789948,1.5801898088003332,5.436522451408868,0.10560719481699905,1.8308983881125311,1.1546423556553524
2039,Normal,1,1772,12000,0.09383452816989467,0.0726295803029673,0.36975561200173357,0.7833065167419788,2.7607462554299036,0.25084532842650814,3.9405069670330994,1.2627065615951512
2040,Normal,3,1730,12000,0.10936437206409025,0.09156440866139301,0.41775740843013165,0.8602163946633508,2.532853825793257,0.1319954253727529,3.8198674810231195,1.1899746535436184
2041,Ball,3,1730,12000,0.3496811897366916,0.3018197847846478,0.5905684676003874,0.9456170381444511,6.201395496241343,0.10971436155153301,1.6888768539282393,1.2513500450626927
2042,Ball,0,1797,12000,0.4534578942099322,0.4102940852040338,0.8031358574900891,1.4923259307428203,5.083765058366568,-0.5966011703419267,1.7711365658092844,1.2116210858437455
2043,Outer_Race,1,1772,12000,0.29760390382228163,0.26528729910168114,0.6270099608008636,1.238563688843676,4.28964739594942,-0.20634119902269124,2.1068606720135343,1.2602982021797196
2044,Ball,3,1730,12000,0.4380358658507728,0.3249602829432433,0.7029745968767711,1.1881712163700302,5.6631051737139355,-0.0005959274392825432,1.6048334204584422,1.2727044332407285
2045,Inner_Race,3,1730,12000,0.1753773387175957,0.14383532275885144,0.6075320505788895,1.201759840440125,6.076586501054896,0.1930443039731423,3.4641422604614736,1.2175601072553146
2046,Outer_Race,3,1730,12000,0.16508951432276664,0.13514599707887673,0.7542732499377147,1.4738586564274656,4.798790791850652,-0.20709962877263502,4.568874365109794,1.4497184331160067
2047,Inner_Race,1,1772,12000,0.18681349344546752,0.1798719844463152,0.6964404429885318,1.5757298423758266,4.808752770787414,-0.43920777593916527,3.7279986051533736,1.3233611193952846
2048,Inner_Race,0,1797,12000,0.2690091088749161,0.220419223503715,0.6086405770299672,1.3087930097175406,4.724259329299471,0.22695421754067496,2.2625277618869517,1.2379100649271197
2049,Outer_Race,0,1797,12000,0.19420482896464514,0.14897884281944768,0.5502578259640819,1.2654716597403575,5.211846324796397,0.2550971828204946,2.833388999118328,1.3011659914377738
2050,Normal,0,1797,12000,0.12741235539396553,0.1113948430872881,0.35576445702066717,0.6904369265356337,1.8948304401707328,0.21685011109462557,2.7922288691754047,1.1800170188823147
2051,Ball,2,1750,12000,0.2188816814357925,0.16946783380502067,0.8272277503207606,1.5695006053374863,6.47848311432101,-0.027262939466427494,3.779337516481124,1.2746362787779275
2052,Inner_Race,0,1797,12000,0.21906946125087842,0.19444008266959548,0.7190931908868802,1.5633783539462867,5.101485857381735,0.035911375422909245,3.282489429521052,1.2505667573188608
2053,Normal,0,1797,12000,0.08935758021074315,0.08113630670662193,0.3920954963995412,0.7784492676260606,2.190438773775801,0.38520992205095433,4.387937715802212,1.2415152282133286
2054,Normal,3,1730,12000,0.13874131799297396,0.10952282252561707,0.3366050701441595,0.6607821991676124,1.9758869555969876,0.07893384135648703,2.426134298084192,1.2995346713620133
2055,Normal,3,1730,12000,0.08573195669222194,0.0666766465668703,0.3253430514612343,0.6070165042604093,2.8359677976909845,-0.03889827312142861,3.7948865745502243,1.247006676556272
2056,Inner_Race,1,1772,12000,0.2375551055120642,0.20341769029367057,0.7060624687482063,1.4050240249562818,5.150589522349771,0.15517454756560642,2.9722049847181626,1.237467033150955
2057,Outer_Race,3,1730,12000,0.1789438247456304,0.14142777257329128,0.581177788828502,0.9789913217344143,5.422840034370928,0.5402145044997824,3.247822547968053,1.239443027901753
2058,Outer_Race,2,1750,12000,0.2956740369035348,0.21895248329299483,0.6446081449917959,1.2452344396090431,5.859898326399264,-0.047064892499673674,2.180131038025847,1.195704137889785
2059,Ball,1,1772,12000,0.263942836267588,0.2512212047302816,0.6757329412478386,1.4774321021877754,5.844672835348571,0.10107749041604012,2.5601488216288373,1.2358490708105045
2060,Outer_Race,0,1797,12000,0.03897605826961459,0.0344729019465128,0.5459767979200377,1.1941255224471683,4.793433772353615,0.30006419525503014,14.00800445605031,1.201813728045761
2061,Inner_Race,2,1750,12000,0.05282438556166394,0.0452648851473361,0.6231933121220703,1.3625509731166077,5.32516412232524,0.30074225949140176,11.797455010519577,1.2672499839242384
2062,Normal,1,1772,12000,0.08917782602573687,0.06349518860327161,0.32520556314904087,0.5742266967771996,1.9092425579332042,0.029119711806552363,3.646708802423441,1.2174900368482282
2063,Inner_Race,1,1772,12000,0.24745652158598275,0.19550861001221562,0.5761021633453638,1.1229666356348398,4.54777732732474,0.13429231446967219,2.3280944856617483,1.3529259944247258
2064,Inner_Race,1,1772,12000,0.2046375102339446,0.17242253490876172,0.719203315659233,1.4761355633813287,5.439519734278946,-0.3666598157135178,3.51452338741333,1.2815818066750737
2065,Ball,0,1797,12000,0.37927690001101755,0.32259539805023146,0.8797072261436463,1.9993113841793182,5.66477567394785,-0.06299465472120169,2.319432652286738,1.3129175503668324
2066,Inner_Race,3,1730,12000,0.21734024732085072,0.17048278723138935,0.5783696556761984,1.1939008653768364,5.933151822978229,0.3833141920575647,2.66112541420998,1.2704814349138136
2067,Outer_Race,3,1730,12000,0.29098201933204965,0.2446574060064397,0.5771669771747957,1.1448109092552012,4.490032924106455,0.16276653068431754,1.9835142339711738,1.2413311587462812
2068,Inner_Race,1,1772,12000,0.18785183127197186,0.1574863790276458,0.6834347948232955,1.3326286705232122,4.377396907489565,0.46274127927128306,3.6381588095024675,1.1882917362627283
2069,Normal,2,1750,12000,0.05031558747566255,0.04530289583557643,0.34122301651201337,0.692818507351254,3.326022683028945,0.4131346966572634,6.7816562149266675,1.190313781510588
2070,Ball,0,1797,12000,0.15619233823273015,0.10908880416745396,0.7958729323317171,1.762639564910763,5.051945326539074,-0.06744499118468245,5.095467174233913,1.2858273870579602
2071,Normal,0,1797,12000,0.08540249816277493,0.07553831072541871,0.35917167157565294,0.705173046000447,4.161636011280705,-0.35860522475189005,4.205634253123148,1.2166686871890107
2072,Normal,2,1750,12000,0.09606407820014397,0.07962927268743197,0.38547302022467383,0.754837468616432,2.498178546211737,-0.06977127445337697,4.012665581629411,1.3213497612079996
2073,Inner_Race,3,1730,12000,0.3005847841673349,0.2515534128844346,0.683943156362574,1.360276159020283,4.893917122060449,0.4439000845577128,2.275375176615142,1.1892424097966432
2074,Normal,1,1772,12000,0.11603627516029374,0.10499983703836706,0.36564896276282655,0.8104339612340167,2.4711545481537724,-0.05021294653533281,3.151160809477167,1.1795178654980942
2075,Normal,1,1772,12000,0.12108553845650598,0.0971799808993628,0.30605715408717216,0.6021263554179023,2.323322357297631,0.43112587062216867,2.52761112506518,1.2042365633712644
2076,Ball,2,1750,12000,0.18595081354014892,0.14379598791596201,0.6717174993965087,1.325518907325839,6.113000569984488,-0.2416292228382509,3.612339664496693,1.1216024686999782
2077,Outer_Race,0,1797,12000,0.15396898342199417,0.11323758760105304,0.6975060158425135,1.5424654283813288,4.499708161234043,0.09533307878113163,4.530172248593778,1.2250956961010269
2078,Outer_Race,1,1772,12000,0.1292464323070669,0.08673495028402473,0.5212070577102902,1.1938689149562949,5.620477426499661,-0.06545924112307722,4.032661083224282,1.312884835011758
2079,Normal,1,1772,12000,0.10695303049323451,0.09051850715553678,0.3752302198103504,0.5987456351201869,4.43676590110384,0.2831186670109081,3.5083645417049323,1.2624900478400047
2080,Normal,0,1797,12000,0.12468264235199013,0.10594579330519911,0.35387019449744944,0.7336909435471215,2.638004217676462,0.10046556642932551,2.838167268692001,1.2061932997978895
2081,Ball,1,1772,12000,0.31089851866738244,0.2603636165414248,0.8403431155094461,1.4659473554133846,5.061164746792863,0.006640171495255647,2.702949885742282,1.297344484143417
2082,Normal,3,1730,12000,0.1321935445722511,0.10721712648409476,0.2731731368360131,0.5278429795670938,2.7319622457736297,0.009922383114081716,2.066463515445785,1.2161877050153156
2083,Inner_Race,3,1730,12000,0.2879510859804379,0.23372138295397998,0.5569428988568562,1.0745754979366615,4.657472893858011,0.07872404932843599,1.9341580079843574,1.2082449552039476
2084,Normal,3,1730,12000,0.12060014284354215,0.09611288777860642,0.41335115226795877,0.8712012764514558,2.7617290750130765,0.15083664609449232,3.427451597666932,1.2937119667533175
2085,Normal,2,1750,12000,0.04728114460098947,0.03704942064751836,0.38139319220417106,0.7676814006392141,2.62474104002717,-0.21196001769443198,8.066496600765234,1.3854887321974019
2086,Normal,0,1797,12000,0.09480263145470982,0.07529487793324609,0.32179085678214137,0.7081727316327512,3.1847429468086617,-0.24180986605273844,3.3943241009704557,1.181220876883158
2087,Outer_Race,1,1772,12000,0.2098450706755113,0.1643858018386056,0.5595645778788905,1.0490002925036908,3.873517593488165,0.19403274137714732,2.6665605061753355,1.2639479729597598
2088,Inner_Race,2,1750,12000,0.2729770664903637,0.2328255431276925,0.49041302917824725,0.9128147752431397,5.313150615471017,-0.168707673533992,1.796535641192991,1.2271103978293465
2089,Ball,1,1772,12000,0.1548365877983283,0.12711876981227702,0.8591031700360753,1.824680166406824,4.482092478907596,0.21209285107904616,5.5484506746883415,1.145620341060068
2090,Outer_Race,0,1797,12000,0.25325530162280824,0.18693655256887745,0.6102535872705003,1.3763448111477403,4.497101501137332,0.2607772307206395,2.4096379556918253,1.3047746348124014
2091,Ball,1,1772,12000,0.3135117927814166,0.210248917856389,0.6378910230093076,1.2751573570656387,5.3001537981829605,-0.3251543735689366,2.034663568314482,1.2820286787735946
2092,Outer_Race,2,1750,12000,0.21396406890228467,0.17623284352378873,0.6309450286947673,1.2272473693797568,5.347547835678553,-0.24731776652535314,2.948836372068218,1.1400947231516927
2093,Ball,3,1730,12000,0.38017347674448365,0.3036217960946375,0.6950028639544347,1.4129948204291047,5.829269011429587,0.27363706880836425,1.8281203357633213,1.3398066536990672
2094,Normal,2,1750,12000,0.04708714368843212,0.03811054341736048,0.4110643251590732,0.7288920902912177,1.8204192176825857,0.055198774886993957,8.7298632484276,1.1689109433441882
2095,Ball,3,1730,12000,0.309285590597679,0.21826993202410158,0.5745777051128019,1.1581414776040915,4.851416669387328,0.03417157347641403,1.8577577571669572,1.2378691844492111
2096,Outer_Race,3,1730,12000,0.34703280057641694,0.29686158573927446,0.6643267251640746,1.426504180683089,4.517459540927573,-0.048611812834837016,1.9143052877440883,1.2688822389341476
2097,Outer_Race,2,1750,12000,0.2676771576750171,0.20904999516573147,0.7000622927656058,1.3165797895580307,4.717961289763365,-0.05727020301148716,2.6153232455327444,1.278824271595524
2098,Outer_Race,1,1772,12000,0.18926619610112758,0.15173787567505181,0.53377630154747,1.0710576443838462,4.544281497961518,-0.27981328267607614,2.8202410813089194,1.2770980973158286
2099,Inner_Race,3,1730,12000,0.29877492342271694,0.26340571224415876,0.6518720478113075,1.309897224421544,4.801452710529098,0.024389574510529255,2.181816466869332,1.3102432162106794
2100,Ball,0,1797,12000,0.21677979933041172,0.1895182594009072,0.6833303761509639,1.328829539936502,5.298983140156944,0.3111769164581835,3.1521865887025964,1.3108484423230433
2101,Ball,0,1797,12000,0.30493480045509946,0.24879387396649252,0.725868877688188,1.480116372300579,5.531440717147438,0.19825547166272983,2.3804068168174513,1.251831261889167
2102,Ball,2,1750,12000,0.28400319450701617,0.20385521731203013,0.7751500149436183,1.598929445000271,5.517899767469058,-0.06489282890528614,2.729370760385826,1.3977896301396542
2103,Normal,0,1797,12000,0.05132889844335812,0.047163617528697396,0.3254088906698257,0.7010932168817133,1.818331699717746,-0.2617145738420664,6.339681944059587,1.2089769373247874
2104,Outer_Race,1,1772,12000,0.25763670203925654,0.21105136071260105,0.56554603130514,1.0695566885082217,3.943298539238499,0.35067532243312466,2.1951299128917077,1.1591617608380487
2105,Inner_Race,0,1797,12000,0.16690376362046527,0.12580458872120173,0.6228736948910768,1.2796750722746513,4.899999985623832,0.2748800163119303,3.7319331894005403,1.253085657494926
2106,Inner_Race,0,1797,12000,0.44304629894158953,0.34933660372342,0.7779158576403147,1.7359177511499184,5.277251428621557,-0.33153295911238134,1.7558342310921184,1.2480619164528692
2107,Normal,3,1730,12000,0.08713263106511134,0.07155379076169884,0.3053553947197089,0.6476591805661531,3.2417417649110867,0.29250607551673535,3.5044895464194914,1.2743515010445965
2108,Inner_Race,3,1730,12000,0.27813451331766276,0.25737579353691253,0.6554123914998556,1.3582553613800548,4.870792104764901,0.024132448526059253,2.3564583326316524,1.2101687514630417
2109,Normal,3,1730,12000,0.09734833081652836,0.08218256818256961,0.3713152880056351,0.7632767064451378,3.0068204256632574,-0.21325143319002288,3.814295375084039,1.309862645540298
2110,Normal,1,1772,12000,0.09953596699346881,0.0785000984762264,0.36012201244941633,0.7725750791282076,3.3531315307844176,0.353065468161789,3.6180088798760175,1.337957432893398
2111,Ball,2,1750,12000,0.17533012836624173,0.14072369141954935,0.7269367571430373,1.4261431445951442,5.196048368399598,-0.07610456004934305,4.146102919770647,1.2205056377460273
2112,Ball,2,1750,12000,0.4909021455328393,0.40315810586630957,0.8107932148613618,1.5463441843749477,5.815892275888623,0.025022768207143928,1.6516391754232476,1.1986493584188938
2113,Ball,3,1730,12000,0.26212177739586234,0.23934177346149973,0.5910863747771193,1.2719586592502417,5.565295865543177,-0.2545816745932359,2.2550067401856775,1.1388449792377717
2114,Outer_Race,1,1772,12000,0.07482904786235811,0.062153535690054745,0.6291141138092592,1.3026894642665423,5.433541284553138,0.32690817687865364,8.407351580451257,1.2336426779793306
2115,Normal,1,1772,12000,0.1569275903102909,0.13750164809238305,0.33524059120252725,0.6408540889267264,3.3838378266354847,-0.19823855663261047,2.1362756577072286,1.2761442576229622
2116,Ball,2,1750,12000,0.3120088053948536,0.25222557766050274,0.606213714544116,1.3251424170184452,5.277580743168187,0.504983817199873,1.9429378404142794,1.231285081949955
2117,Ball,3,1730,12000,0.39404867359619433,0.33803532092202904,0.8336208618538525,1.743313161406076,5.629342858695494,0.27330852296412916,2.1155276434406036,1.1118042783561266
2118,Outer_Race,3,1730,12000,0.27564488914075097,0.22594206493038407,0.6152217078263151,1.2345933132193068,3.4132414128592776,-0.050046679434544245,2.2319358423227214,1.1905014136404954
2119,Outer_Race,0,1797,12000,0.16643553637120007,0.14567383273768972,0.592779197841568,1.1673965391592938,5.098198461905852,0.1702578858910654,3.561614368937992,1.224257112840087
2120,Outer_Race,2,1750,12000,0.19757397503896465,0.174053586010324,0.5941356430433652,1.031926532310488,4.392033519777224,-0.45110060569496646,3.007155385349677,1.210222127087659
2121,Normal,3,1730,12000,0.1224049959823242,0.10728824025539627,0.37054197736765176,0.7984690573573437,1.8328681639528965,-0.026891730448571897,3.02718017670749,1.3451647560455042
2122,Outer_Race,1,1772,12000,0.333137621515293,0.29502475572344367,0.6260950642906197,1.2339962839888878,4.053522868554929,0.04675692094610725,1.8793886485795124,1.1842349434552404
2123,Inner_Race,3,1730,12000,0.28278971914073875,0.20498254652035222,0.6581596499750352,1.1148352338416296,5.442301108208304,-0.02325193701667877,2.3273818156291686,1.3314247022827421
2124,Inner_Race,0,1797,12000,0.2947502269747189,0.24580516493448618,0.820953219877782,1.7253152653869548,4.645273688539948,0.2798009668712354,2.785250509571944,1.268139296043437
2125,Normal,3,1730,12000,0.13166897054742505,0.11018831462312773,0.3659567780456188,0.6474584367072614,2.733743390726624,-0.014066463566314802,2.7793699344965037,1.3174684454313033
2126,Ball,1,1772,12000,0.3192177199225671,0.26167522218539463,0.5979945866471394,1.1698480233370554,5.242586366028069,0.04837838075779571,1.8733126306152288,1.2446769794607853
2127,Inner_Race,2,1750,12000,0.21707095503105225,0.17212862648177346,0.655243361862791,1.4114441839388807,5.153252287489503,0.5057673313226785,3.018567646551597,1.182973268212523
2128,Normal,2,1750,12000,0.1342156912950764,0.12264320785288235,0.30156800196020817,0.6343748917677754,3.3700763040751434,0.3497568304641547,2.2468907998037553,1.3001005995439625
2129,Normal,0,1797,12000,0.11643451312328595,0.09600167469626733,0.42757652978631966,0.7602453254030065,2.276890730217424,-0.45265845624058626,3.6722490464110322,1.2410263687222618
2130,Ball,0,1797,12000,0.27600925433200374,0.2280007564729993,0.7675406297818449,1.5208000320276687,5.701314310529244,0.0980529173319535,2.780851068343498,1.305180189573738
2131,Ball,2,1750,12000,0.2715357959605299,0.23474703355226575,0.8002289764710514,1.7667137371472725,5.6844898367305365,0.08894642781111019,2.9470478234382464,1.204808543267955
2132,Ball,1,1772,12000,0.22277988532097542,0.18101135881820682,0.6098384707585254,1.2593799406152806,6.076995119892545,-0.17751091120958856,2.737403647909622,1.2233823089666591
2133,Normal,2,1750,12000,0.08427172372645017,0.0639626992646175,0.43633356383790595,0.8026978547102368,1.9963743750516854,0.053678849263828196,5.177698337514306,1.2334397467801164
2134,Ball,1,1772,12000,0.46011052481589165,0.35583669392187445,0.670023057199055,1.5125159988371797,6.016518071028181,0.20002033444043305,1.4562219750725276,1.2879871654558814
2135,Ball,1,1772,12000,0.3813299398371027,0.33106721005629397,0.7363760199655132,1.4038357498723253,5.558682554913645,0.41212172212081793,1.9310731810884814,1.3223292795051125
2136,Outer_Race,3,1730,12000,0.17605382954505341,0.1400245419605253,0.5789047266181365,1.2465968610803195,4.853777762929604,0.015210262625857195,3.288225698436118,1.2329243993062406
2137,Inner_Race,0,1797,12000,0.29991927682905434,0.2156712451258865,0.7335835669568589,1.3701682612062103,4.756069295852382,0.23510883042589661,2.4459367024113665,1.2547307003691637
2138,Outer_Race,3,1730,12000,0.2299279542919484,0.1845493876669163,0.6864015685885891,1.4505659038708216,4.76616452882459,0.17312996021484164,2.9852897647975354,1.2956945800422526
2139,Outer_Race,3,1730,12000,0.3722340219271679,0.28094056379487065,0.5878765386172207,1.148811750955592,4.421572093515123,-0.11356418907868987,1.5793197396992524,1.300167617676778
2140,Outer_Race,3,1730,12000,0.1356708043791981,0.11925651390850887,0.6251382263365803,1.2121789156355032,4.892934006086619,-0.03947475442414368,4.607757941711079,1.322821756956351
2141,Inner_Race,2,1750,12000,0.1627653076263275,0.13986854065714388,0.6970784852474318,1.4211491225118604,4.784665903362721,0.10239211659224465,4.282721517338124,1.2706837554166466
2142,Normal,0,1797,12000,0.10153133125640698,0.08643842388505264,0.3528395695486846,0.8055552722689959,2.147490820343511,-0.1652759292234301,3.475179190329184,1.2417412413587732
2143,Ball,3,1730,12000,0.3019390129173189,0.21314704725678194,0.772073107189252,1.574821214999801,4.3343338808917995,-0.029177317221230455,2.557049848343618,1.3026628501725748
2144,Ball,0,1797,12000,0.15957092937899237,0.13483285894595112,0.8722174792812675,1.7814202695726016,4.3123387440299945,0.07139900933319969,5.466017417305935,1.2622844762938714
2145,Ball,3,1730,12000,0.18090887187213076,0.1521836962393903,0.7960116725102035,1.506882766686979,4.59594695405346,-0.5029180598857174,4.4000698488288466,1.2930377994260134
2146,Inner_Race,3,1730,12000,0.20871955490900168,0.16259317496991435,0.6942961631159961,1.4400064619166741,5.109776371518105,0.35412194608602654,3.3264547896276313,1.2924109401424293
2147,Normal,2,1750,12000,0.0726360191235358,0.05728512135629659,0.3251652835893656,0.5436092683468261,2.399937248249166,0.2762126387955563,4.476639654994588,1.201873763660158
2148,Outer_Race,2,1750,12000,0.22921326302658854,0.20788128122008837,0.5062123145171898,0.9342794497515347,5.218362400528693,0.006901224209677164,2.2084774145834207,1.2934052782488534
2149,Inner_Race,1,1772,12000,0.2941539701405176,0.23346764766186615,0.5846730113531267,1.088394366656831,5.176852148564309,0.2014538741576656,1.987642767744484,1.1618856823998123
2150,Outer_Race,1,1772,12000,0.19849953858414612,0.1799156171313913,0.6486010168121202,1.3122390235690187,3.741443002580279,-0.20296369557080812,3.2675190150992273,1.3195463469622446
2151,Normal,1,1772,12000,0.10091129442248424,0.07966941983384374,0.4173220054993766,0.7297167582677897,2.061263155698008,0.06115719621996294,4.135533171858633,1.2182383308543991
2152,Ball,1,1772,12000,0.12381308567512811,0.0995684750550191,0.8371621697603011,1.9271822593057004,5.2720263804103356,-0.042661744355104045,6.761499927050703,1.3045882621995124
2153,Ball,3,1730,12000,0.336988575989751,0.30723645279380474,0.8285201917096362,1.6531959685141584,5.038807562175626,0.00204925107745519,2.4586002337801336,1.1692740938674597
2154,Inner_Race,2,1750,12000,0.10476567765217976,0.08364485887169582,0.6282359912279095,1.073399173549145,5.127620532599075,0.2765011658138494,5.996582137459581,1.1436469721289062
2155,Outer_Race,0,1797,12000,0.12673361302098213,0.10947645989979439,0.647291796121841,1.3483990107537012,4.046259101935731,-0.26623167018562793,5.107498955424515,1.243954582728511
2156,Inner_Race,3,1730,12000,0.20524529402970348,0.18420728622169372,0.6187413765656193,1.0500089922961107,4.876768917022339,0.27006833706142647,3.0146434269819307,1.228986714364411
2157,Inner_Race,2,1750,12000,0.2767378069711957,0.251731596324708,0.5630463354072344,1.0879218815632208,5.849779720905722,-0.34183747174107104,2.034584076420896,1.2533649368714321
2158,Ball,1,1772,12000,0.38926146258406535,0.33461187120512514,0.7792219556722103,1.4286538195288983,6.255247396161052,-0.3000154278214485,2.001795786563199,1.3255857631283796
2159,Normal,0,1797,12000,0.10969685327909365,0.08670649136078742,0.3586812613596698,0.7420838154150922,3.677960356656552,0.10843114639160233,3.2697497752930382,1.2898921264434589
2160,Outer_Race,2,1750,12000,0.16177720599425213,0.14152097387759308,0.5844981032020201,1.206454942530926,3.6206403125869255,-0.5626863987953719,3.612981814154876,1.3514553938690408
2161,Normal,1,1772,12000,0.1436442713924617,0.1078927507634019,0.3807570116835351,0.7224082801207349,2.567983445429418,-0.011180063767314877,2.6506940234549226,1.1550663431240764
2162,Inner_Race,2,1750,12000,0.2808026512256281,0.25210515545963136,0.6006106446265966,1.303886595504249,5.495716427337302,0.37247484081088317,2.138906602217225,1.2597642248289427
2163,Inner_Race,0,1797,12000,0.2150148083378057,0.16509064497577305,0.58703977553261,1.0879478399679674,5.201766269004342,0.09291592168248197,2.7302295133566936,1.2236067894572757
2164,Ball,1,1772,12000,0.18462195511405005,0.13931829137233456,0.7002437428938257,1.3136437359159898,5.015773323260543,0.42392175226871764,3.7928519523111475,1.353792185379067
2165,Inner_Race,1,1772,12000,0.4118451541822409,0.3448513667480854,0.7269265860753983,1.5548474458274522,5.33932754749632,0.5654579497857963,1.7650482922854407,1.3215218661028343
2166,Ball,3,1730,12000,0.20324377787493275,0.1459768411696429,0.6628687673565694,1.5243380847239398,5.404593316420257,0.49587892833338987,3.2614467920610566,1.1319476429381996
2167,Inner_Race,1,1772,12000,0.4896104290956866,0.45745750714163635,0.833934285496037,1.7112555087547632,5.12558052852767,0.22370984030383761,1.703260870150006,1.249996112223944
2168,Ball,1,1772,12000,0.34769643086380764,0.27539328096516785,0.6009732658533273,1.236910559915106,5.118957341121351,-0.14731837436783465,1.728442435719819,1.2589862174732664
2169,Inner_Race,0,1797,12000,0.22022854243729,0.19525518720880225,0.6369941599171792,1.3922602625872345,5.113308936918185,0.1278677495160824,2.892423265701643,1.2401888359643134
2170,Normal,2,1750,12000,0.1084519297367674,0.09445635545797916,0.3916157179275414,0.6985062158217595,1.8645608887663632,-0.13420463127020915,3.6109612699199003,1.1690621802432073
2171,Outer_Race,0,1797,12000,0.23546827755061722,0.1821390183676958,0.4788754131016455,0.9053435204869178,4.186646879317807,0.23390442966131406,2.0337151912053395,1.1897654897611587
2172,Outer_Race,1,1772,12000,0.272721624310712,0.23428026064107366,0.4978942152924999,0.9891111753402387,4.787450993486579,0.040808854679339764,1.8256499335206677,1.3669075780202244
2173,Outer_Race,2,1750,12000,0.2291827718161633,0.19667912997491122,0.6899397541531795,1.3060514065128657,4.300000763909109,-0.05221669146815258,3.0104346355781395,1.2320602223613573
2174,Ball,1,1772,12000,0.33438771891703817,0.251623015839523,0.7542881587552218,1.4190012339024092,5.421166353869432,0.4270034068140515,2.2557292510564997,1.3439590541360875
2175,Outer_Race,2,1750,12000,0.20043727720924406,0.14902937563108717,0.5906535310288034,1.2803698577081237,4.693310315364348,-0.029178963333915755,2.946824758611133,1.1721459307782636
2176,Normal,3,1730,12000,0.12048915140779527,0.10397194948913976,0.22919790302541604,0.45558423333470655,2.107059042115256,-0.20732922353921546,1.9022285437939241,1.1641667911574853
2177,Inner_Race,2,1750,12000,0.22001555637419262,0.2053964229014196,0.5402003032188732,0.9867367209825038,5.419292863523584,0.06465712006037284,2.4552823087660434,1.2310827311549304
2178,Inner_Race,3,1730,12000,0.23859390096271937,0.191291666562289,0.6640004821118035,1.3961686653851944,5.887932183034862,0.09937186616429555,2.782973409766893,1.2750963374523137
2179,Ball,3,1730,12000,0.23297845991867813,0.2115880158708446,0.7796440711106338,1.3223969179391186,4.43128361346199,-0.20751446987452135,3.3464212587840567,1.2357795483545315
2180,Inner_Race,3,1730,12000,0.2911822841474945,0.23570431166692787,0.7589986641675576,1.6117623691476028,5.0426671339136275,0.4363348576335263,2.606610036011315,1.3623166175045667
2181,Inner_Race,2,1750,12000,0.24319402298678208,0.20142562910540857,0.6969588469962957,1.2026536748344026,4.856776201219035,0.2501151990877686,2.865855165503703,1.2208722988900997
2182,Outer_Race,0,1797,12000,0.27330537326847215,0.22311263294601488,0.6269781729268333,1.2337562491634348,4.680725674019569,0.19870058753684064,2.2940572496938905,1.2528377271387643
2183,Normal,0,1797,12000,0.10904974198829595,0.09571061682630908,0.3799109241510402,0.8347993575312307,3.9806465638741013,0.17573194333923584,3.4838314811585263,1.2795114551857112
2184,Normal,1,1772,12000,0.11172046041226044,0.09572327936686305,0.4127906823839696,0.7143516785272664,3.532610895231354,0.4626042170145282,3.6948530364154233,1.2154761819563455
2185,Outer_Race,0,1797,12000,0.26144945568561934,0.21059787946257272,0.5804401496912426,1.22569941229981,4.948453816023678,0.18017743250084686,2.220085515837503,1.2120231589127037
2186,Outer_Race,1,1772,12000,0.27506540689899533,0.20864786071220293,0.6379258558281484,1.4655541849215872,4.585355286424528,0.37486998699561935,2.319178783766133,1.3100868243213015
2187,Ball,3,1730,12000,0.2773213642350609,0.2167351074717295,0.8391647162094162,1.8985902391754252,5.445442133951841,0.2927653806654627,3.025964907262357,1.1547009899371685
2188,Normal,2,1750,12000,0.1032437902949246,0.08920438192457228,0.314613404776148,0.6347689182383951,3.8785329084110662,-0.1250033800625742,3.047286465146507,1.1988207684976384
2189,Inner_Race,1,1772,12000,0.29190435569096096,0.23649333274274317,0.6672890972469326,1.5216988612559297,5.304478430618616,0.32745465581531574,2.2859854066494005,1.1573612042486874
2190,Normal,3,1730,12000,0.07382712725405388,0.06837136482282276,0.3557339148699741,0.7623292903406914,2.280718947909352,0.09713157631154123,4.818471584920577,1.3225366928801507
2191,Inner_Race,0,1797,12000,0.2550991871782474,0.19926425281258764,0.581542961876821,1.1348813069608312,3.7386351463674865,-0.13997560944438328,2.2796739115851237,1.2029401306329561
2192,Ball,0,1797,12000,0.18332317477336535,0.1563512786418847,0.6441223905660771,1.362650076190239,5.436398509595996,-0.08128078759808177,3.5135895467792233,1.2557175093389206
2193,Inner_Race,1,1772,12000,0.4547622765332566,0.3522006083699777,0.6676715759687776,1.4188147803662692,4.470672933001086,-0.24856445935148305,1.4681771343449395,1.2887327429274105
2194,Ball,2,1750,12000,0.24921968934445457,0.2009043763572854,0.7986904978716357,1.4943380268445359,5.451184578869636,-0.3784602603292047,3.2047648400995308,1.2302714252035467
2195,Ball,1,1772,12000,0.3006556367111569,0.2608885704382867,0.6210498702235923,1.223032259305388,4.796841301747997,-0.061526671538949716,2.0656518434751368,1.1637764934745316
2196,Normal,1,1772,12000,0.06585200439387742,0.05131235886231382,0.2823400229964771,0.5061442788888515,3.06904282112247,-0.3615708093405259,4.28749322963247,1.2307796168614078
2197,Ball,2,1750,12000,0.28231684082943165,0.22249624691439618,0.7396430382769918,1.3683205073301448,5.962464420454876,-0.1745850746430828,2.6199040627684855,1.2746236180729855
2198,Outer_Race,0,1797,12000,0.26826314950854363,0.22873903693512504,0.39752959885170347,0.811230252498534,3.6404739424959303,-0.08533042804729078,1.4818643543847716,1.2567976427770482
2199,Outer_Race,2,1750,12000,0.1953559239327714,0.16606213773625808,0.6301173289991354,1.1822547860873125,4.1546116486264735,-0.008992388413129248,3.225483600978387,1.354553374990608
2200,Outer_Race,3,1730,12000,0.31436544833711505,0.22936793648565937,0.5563278317917868,1.0599335152594258,5.702897334763267,-0.13446530166741336,1.7696850424706958,1.280725296931076
2201,Inner_Race,0,1797,12000,0.16753880577586155,0.13747552656644652,0.6710730302918476,1.2470340910741362,5.543797540397081,0.2177658960721272,4.00547817673733,1.1989315542804493
2202,Inner_Race,2,1750,12000,0.2694547464713067,0.21750770038645828,0.7636991608603096,1.5416048535843676,5.004814671573249,0.03543950024477144,2.834239035910371,1.283101690320127
2203,Ball,3,1730,12000,0.30139498673414444,0.2619650622087051,0.6608541803405683,1.3350924317957498,5.601293220060513,0.08959087909390259,2.1926515351215743,1.366680064643694
2204,Outer_Race,0,1797,12000,0.12439088359146694,0.10224595591825944,0.5172922534556343,0.993512237085938,3.9431457118490343,-0.10080913429195065,4.158602612347067,1.3244404118267032
2205,Inner_Race,0,1797,12000,0.31063267536263606,0.26365062577933385,0.6617178839549995,1.2914677079443166,3.879272278533501,0.03544834362628854,2.1302262654194464,1.299474674721121
2206,Ball,2,1750,12000,0.3357736451923935,0.2818745746037916,0.8291265099085372,1.5828603161871462,5.164623265273646,0.25946955722564424,2.469301929380013,1.2396971008786288
2207,Inner_Race,1,1772,12000,0.2302401007566227,0.21430547548741916,0.6950629826958492,1.368935533092508,4.622730352493985,0.4816281678959672,3.0188615293848033,1.237195213823974
2208,Outer_Race,2,1750,12000,0.2673393499218563,0.23333519386744986,0.6182709509205664,1.3239877289989754,4.8482558973964744,0.13872264585755664,2.312682181284902,1.2974636770714931
2209,Ball,3,1730,12000,0.44293184934558033,0.3304180354197021,0.7467302258925818,1.3337477530140478,5.446029193640225,-0.14282340946702124,1.685880631514431,1.241572462426331
2210,Ball,3,1730,12000,0.19392996673048674,0.15868031206278985,0.8404134528202227,1.5043716669833784,5.030270426960864,0.2151886619788337,4.333592517902009,1.245171547658081
2211,Outer_Race,1,1772,12000,0.2305808450877195,0.20321969334172824,0.5247328183548388,1.0058636784760664,4.246546973443238,-0.08705076183389067,2.2756999531128246,1.1715351403129277
2212,Ball,0,1797,12000,0.17252030701809346,0.12733016803130678,0.8411063573392676,1.5995286041145669,5.320329494653251,-0.4036585444802341,4.875404941466136,1.266617132435986
2213,Inner_Race,0,1797,12000,0.31932173766735733,0.2666903059398167,0.6415866039987073,1.1225316736100042,4.819626351980616,0.1867286909814705,2.009216812752843,1.3152235715404994
2214,Normal,1,1772,12000,0.12212671366612675,0.09627017743791795,0.38048495213841155,0.7542892217973989,3.3309258898683476,0.5085376650145201,3.115493250547881,1.3223081383707764
2215,Ball,1,1772,12000,0.34925359631919994,0.31373376304983136,0.6361332185936017,1.213729899306621,5.177492595973938,-0.03319530963403052,1.821407783048878,1.272676907520186
2216,Inner_Race,0,1797,12000,0.3170390662622535,0.22390925164809852,0.5740363131119727,1.2096027130907787,5.304026881741481,-0.11463554850834765,1.8106169686896947,1.2159709348136123
2217,Normal,1,1772,12000,0.1331716739204944,0.10880903603493385,0.30766563707331673,0.6584022115352628,3.6476749870339806,-0.22153507585989113,2.3102933830883434,1.2475515507137451
2218,Ball,3,1730,12000,0.2903822843466868,0.20767043912771452,0.7583112909030929,1.3978639193170477,4.801102570553293,-0.4319369977464488,2.6114240839766474,1.1797791167545415
2219,Ball,3,1730,12000,0.20487598128843165,0.17209585927814716,0.7700216628020604,1.5599799860217927,5.663113928985684,0.09526202184987416,3.758476996471327,1.2414280826822475
2220,Normal,3,1730,12000,0.07876657094621027,0.06409244600104987,0.34470110998194126,0.7130801380926169,3.305907536940838,0.08597634014237263,4.376236083926236,1.3028218514109613
2221,Outer_Race,0,1797,12000,0.06731909296885685,0.05209580691947442,0.4864234708377538,0.9160037126073869,4.733252343875866,0.021097626959669005,7.225639107508221,1.1437367029457728
2222,Ball,2,1750,12000,0.4518250554983232,0.38988361956243217,0.8138050626215549,1.580877887542068,4.90901989416889,-0.1122399727002199,1.8011508054240146,1.250742286196814
2223,Normal,1,1772,12000,0.08429602789987448,0.06405920309320048,0.36750718308167185,0.675895857294952,1.8565794285348083,-0.28052152847439893,4.35972123761503,1.264820885813013
2224,Outer_Race,0,1797,12000,0.2040337067677043,0.1746582921883381,0.6199812360616892,1.1744105258931736,3.8828321271285775,-0.14390586628730184,3.038621637000145,1.2103229035076524
2225,Inner_Race,2,1750,12000,0.3211356983235655,0.27013080569866726,0.7437120119776428,1.6931885659549861,4.73422463952876,0.5216408134966225,2.31588084370584,1.2664992891434708
2226,Normal,2,1750,12000,0.11771431171681906,0.08256205134501572,0.3094184603330748,0.5583746763960472,1.7198741326057618,0.219828745848914,2.6285543008349848,1.1328224408736127
2227,Ball,0,1797,12000,0.25680947457708525,0.2237451006195652,0.8482716274484803,1.7248187541550626,5.486077814296728,-0.06142198193552307,3.3031165569160446,1.2172819634207628
2228,Inner_Race,0,1797,12000,0.28694439248313447,0.24265388979212485,0.6460061737057795,1.1273629941908276,5.493744013816128,-0.171156279903712,2.2513287962013386,1.2124512550448154
2229,Normal,3,1730,12000,0.11889341624982387,0.08935720919062286,0.32447236679458347,0.7590823125945922,2.6562847691718403,-0.3050534188586297,2.7291028976136777,1.2018722724119275
2230,Inner_Race,2,1750,12000,0.09635807820367234,0.08201866381252425,0.578503810368916,1.186737009509313,4.5530204790437,0.3268010485674212,6.003687715171434,1.2386356219289403
2231,Outer_Race,1,1772,12000,0.03875539877287132,0.03266772989482913,0.5598346995412448,1.2465698303705965,4.817364316958718,0.1890394609382538,14.445334515126383,1.2960446294587233
2232,Inner_Race,2,1750,12000,0.24794805351515478,0.19795255988014435,0.7543647060723864,1.4902240542777139,4.326348037508949,-0.056895228422165184,3.0424304420937065,1.1924607242358305
2233,Outer_Race,1,1772,12000,0.20829198590159512,0.16804107889182152,0.6537890548175586,1.2118881639342693,3.370653035864968,-0.21321666158916056,3.1388104155213767,1.2350503888526925
2234,Outer_Race,0,1797,12000,0.1107699265940897,0.09758427018933573,0.5913793874474775,1.2195676183937922,4.830785642880853,-0.3246310614624738,5.338808155164306,1.231352464983156
2235,Outer_Race,0,1797,12000,0.28352176482414043,0.25188601329349775,0.6301999274209015,1.3121397386181557,3.6444183043762717,-0.003733663194367619,2.2227567883961026,1.3127890148934507
2236,Inner_Race,3,1730,12000,0.340430359390164,0.25973756282128363,0.6464137016709308,1.3185297888262797,5.495435191618968,-0.26890456246686334,1.8988133221399395,1.4052540334455847
2237,Inner_Race,3,1730,12000,0.2530518808672657,0.1690677550214895,0.662368647965341,1.3874988738990925,5.679843949580276,-0.005642062813998178,2.6175211411006103,1.2400066840721327
2238,Outer_Race,3,1730,12000,0.13769959941099497,0.12047625302134375,0.5990942258358444,1.1401533475469927,4.677759314724078,-0.034833621294934836,4.350733251210956,1.2030756030924423
2239,Inner_Race,2,1750,12000,0.2211631927882454,0.1843672616004128,0.6015673337840416,1.1128665690112445,5.094343035550417,-0.07419191675464237,2.7200155966278596,1.2018895458545245
2240,Inner_Race,0,1797,12000,0.18879084349248904,0.15723007894717259,0.5899634077739467,1.0284890795405113,4.67152615790413,0.1374207926818224,3.1249577408526075,1.2182399529740535
2241,Ball,0,1797,12000,0.29345319374233053,0.25661321974824347,0.635227242789608,1.2321682330485388,6.404401685971479,-0.4827700132377062,2.1646629048016957,1.2789002231347737
2242,Outer_Race,0,1797,12000,0.20632211170221448,0.1638059642139234,0.6219100184910697,1.269245774265054,3.881910335449345,-0.14704051829477183,3.014267415935888,1.2500073156131697
2243,Outer_Race,1,1772,12000,0.271756661882731,0.2625107874497131,0.628914586911297,1.1559450187377778,4.548385109530441,0.04524404875845226,2.3142563738977904,1.2833274274745867
2244,Ball,2,1750,12000,0.07557606204395623,0.06448066308210865,0.6788401267020071,1.345764683262564,6.306147616464575,-0.3153792939022305,8.982210879248816,1.2331843427825402
2245,Inner_Race,2,1750,12000,0.3135137263205158,0.26028542464875754,0.5240930001694263,1.1614233475102167,4.883755272276504,0.01811478748049289,1.671674814115246,1.2697111793254772
2246,Ball,3,1730,12000,0.17288382945252018,0.1434757774905556,0.6683990681162303,1.4085455115788692,5.784677521488349,0.4064173529409525,3.866174588062301,1.263368532690572
2247,Normal,0,1797,12000,0.07991875622387959,0.05848578133988214,0.44212042221514214,0.9310778791457619,2.319169043351115,0.423288772316784,5.532123410136823,1.170622303324654
2248,Outer_Race,1,1772,12000,0.16725675874412196,0.13582260868800952,0.5055220773182634,1.0032324665218104,4.991579070541883,-0.34331521458057335,3.0224313870128094,1.231951871331123
2249,Outer_Race,2,1750,12000,0.3017948582802894,0.25471884841333037,0.5747371017073056,1.0880369443835058,5.056963029654643,-0.29423002801200887,1.9043965990087328,1.2350075144426194
2250,Inner_Race,1,1772,12000,0.3400488820967767,0.2669502994346714,0.6111766066723369,1.1009134121321786,5.240506351030225,0.04404603924193781,1.7973198526745875,1.306306648395832
2251,Inner_Race,0,1797,12000,0.18865469866581747,0.16077650144118816,0.563969081021601,1.0364248424795257,5.492998784034561,0.10846985604263193,2.989425044857296,1.1930073495179936
2252,Inner_Race,2,1750,12000,0.24990992804826945,0.20726978538779553,0.7582083288374523,1.6748364421925253,5.634280371005785,-0.007204717483847989,3.033926402039563,1.3148780257995618
2253,Normal,3,1730,12000,0.11901978657652268,0.1074279237488486,0.3988383867489869,0.7985095006568752,3.1002946996807825,0.18634691327128228,3.351025894274793,1.2407598879429091
2254,Normal,3,1730,12000,0.10245488342007013,0.07916834409800642,0.32118579762265,0.6063221966395281,1.820419772769623,0.0357149818371025,3.1348998398228827,1.2525409906303586
2255,Outer_Race,1,1772,12000,0.2733374894978592,0.24481281921400888,0.6721708877933184,1.496893965413232,4.183605434991045,-0.3579898194967909,2.4591243924430017,1.194415282321789
2256,Outer_Race,0,1797,12000,0.3289194713047298,0.27928544828248725,0.4410294052467875,0.9078579343672892,4.905492477350175,0.31301875531464735,1.3408431051447016,1.1666091072786162
2257,Outer_Race,3,1730,12000,0.2836743382369734,0.22261720018424125,0.5083734349071349,1.060179136191202,4.164171689265939,0.36878427671059266,1.7921023031785637,1.3664606343402088
2258,Outer_Race,0,1797,12000,0.24236744823197423,0.19573449697488143,0.51561190730839,0.8611315887374348,4.307714222660024,-0.12847079530849664,2.1273975159192524,1.1841754377663607
2259,Ball,2,1750,12000,0.2095429925547887,0.1775177484533482,0.6083504809826289,1.2634464371431442,4.269264806298432,0.5238240444826737,2.9032251260970465,1.2588793498208055
2260,Inner_Race,1,1772,12000,0.1925800419552099,0.14779753022809597,0.5988461857144285,1.1627541139844215,4.635560565670924,-0.05410301926705313,3.109596298944143,1.3268711489917955
2261,Outer_Race,2,1750,12000,0.2775252596753161,0.24757144134518178,0.5622816619027543,1.1229766414230213,3.9805180268940816,0.01775517458410624,2.0260557996075095,1.235790646682717
2262,Normal,1,1772,12000,0.10990187444423621,0.09215519747256197,0.3057261456581956,0.6698116221899028,2.5857945570937337,0.4188929004792463,2.7818101120133294,1.224264695750374
2263,Normal,0,1797,12000,0.14927332825929582,0.13293030960279723,0.35954196438191616,0.6774859666386369,2.3141378888767776,0.13325857124563031,2.4086149118171494,1.241118180763282
2264,Normal,3,1730,12000,0.12082649869025104,0.0993588051717948,0.3852384122426305,0.7103506581354497,3.249709417404493,0.12524889233682002,3.1883603052193195,1.17938048539182
2265,Inner_Race,3,1730,12000,0.3281944400573071,0.2674465668204139,0.6371007858298214,1.4559568431058214,4.840187341839923,0.337108424709461,1.9412296738438812,1.274300073611085
2266,Ball,0,1797,12000,0.16953948119746423,0.14315155155552364,0.780577778845881,1.6122632207386458,6.130272225766427,0.09781503880853223,4.6041062136832585,1.3004059929010876
2267,Inner_Race,1,1772,12000,0.2975441745179011,0.2470141747482731,0.6051064756139359,1.2559608694950992,5.043653591309595,-0.0012501377218369358,2.0336693756292346,1.2612163611856284
2268,Outer_Race,0,1797,12000,0.3166621471248753,0.26323764826901996,0.583985794188955,1.034071028540859,5.545650812351456,0.25908547184199177,1.8441919866053995,1.2047059725839313
2269,Inner_Race,0,1797,12000,0.06802154263274887,0.055944682268427776,0.6400839607511112,1.350097395135735,4.751933052549812,0.09207244588662025,9.410018296805632,1.2124496499495088
2270,Outer_Race,3,1730,12000,0.1798170121613476,0.14953575509628558,0.6731586049531303,1.4333937475792353,5.1914722379128735,0.015829201553822666,3.7435757432623413,1.1630569552871146
2271,Normal,0,1797,12000,0.05647043938746727,0.05315756453030471,0.44037387695756147,0.912920859855566,3.157744450589532,-0.009499966001319624,7.798307959602941,1.2632367226065389
2272,Ball,3,1730,12000,0.27558891853620193,0.23517545951890045,0.7562779643949196,1.7529437891289343,5.555151000191404,-0.3722071403362576,2.744224870912483,1.1550379421872716
2273,Normal,3,1730,12000,0.06947614304350577,0.05463857785821549,0.3614132119367379,0.7469500377007918,1.9050089245881963,-0.186618059093405,5.201975758936732,1.3499490433502332
2274,Normal,0,1797,12000,0.12958449711757214,0.09675941152504101,0.3918177180280103,0.8419867326304631,2.3375110655486733,-0.4956447589669567,3.023646552970867,1.3207426771343782
2275,Inner_Race,2,1750,12000,0.2023793930472966,0.18467124691414058,0.6407723991487347,1.1783211858646099,5.081316705223568,-0.17383691771639562,3.1661938970188754,1.2186597247981432
2276,Outer_Race,2,1750,12000,0.16172333818665968,0.13625668696515808,0.7018162643230345,1.650423417494132,4.028073971821251,-0.1491515816788298,4.339610301099549,1.21858890389275
2277,Inner_Race,0,1797,12000,0.34350314786469643,0.23707040767208928,0.6568122718746914,1.2624307061230258,3.941788340533329,-0.1842919449980925,1.9120997171571927,1.2865227376080604
2278,Ball,1,1772,12000,0.37072925742377305,0.31188002390192715,0.8018674073712851,1.6071635145665004,5.112279729184651,-0.04593748846764348,2.1629461158353815,1.2079910630046256
2279,Normal,0,1797,12000,0.1258140542331696,0.10205124165709921,0.31097715897991235,0.6386554412919475,2.9628895301132214,0.3081797715132794,2.4717203564840404,1.2939130054468446
2280,Inner_Race,3,1730,12000,0.31049281580316607,0.24701379715567473,0.6149246337510299,1.3532415075530284,4.245946916545355,0.6640507849438778,1.9804794264252976,1.2894996577772377
2281,Normal,1,1772,12000,0.12166821007001781,0.0989736846500536,0.3613972159646297,0.7075991824241409,3.1711171586181357,-0.08683096850489164,2.9703503960208857,1.2868652450958884
2282,Outer_Race,1,1772,12000,0.22205678879095844,0.17308399961976767,0.4762760533421318,1.09471692937604,4.296441042949612,0.5154595596252869,2.1448389663532974,1.2255590225471868
2283,Normal,2,1750,12000,0.10357213000756128,0.08598461173088516,0.44306993944962114,0.7307308950890605,2.817887835729128,-0.06630090188251432,4.277887684817092,1.2634617672452662
2284,Outer_Race,1,1772,12000,0.20136220953527112,0.16738995622850522,0.5783590086340082,1.0351647043531418,4.809751320795983,0.1790136129248952,2.8722321331734366,1.2848229163777416
2285,Outer_Race,2,1750,12000,0.3507527254756849,0.31572456068166155,0.6387390800223135,1.3624887867300557,4.616553323935438,0.28534302618360513,1.8210523643289338,1.1589766074303354
2286,Inner_Race,3,1730,12000,0.2043773326550108,0.16710281358633305,0.694746262572135,1.4826157477162558,4.957387532001047,0.008297863223232088,3.3993312934799262,1.158254274276543
2287,Ball,0,1797,12000,0.18349122569329385,0.1400992380109947,0.6053361572590779,1.119285846145349,6.186039682415452,0.3202081891283008,3.298992390354943,1.2546450431391658
2288,Inner_Race,3,1730,12000,0.24915963379008674,0.18649134914142862,0.8230123465986059,1.827053167535632,5.194930672931339,-0.06397248059806745,3.3031528184536563,1.264218307884532
2289,Outer_Race,1,1772,12000,0.17153021140060218,0.14165907149341808,0.6015706529521146,1.1703075321362113,3.8000729859011484,0.533014746428971,3.5070827934046536,1.2353288182269764
2290,Ball,2,1750,12000,0.24198315525325131,0.17574736461398527,0.7128028341304269,1.3887426980113828,5.8902439093957675,0.22651939334404247,2.945671294286711,1.203947243341448
2291,Normal,1,1772,12000,0.12470680839792873,0.11575534726231432,0.36637377306049335,0.7971833617494485,2.971623315609651,-0.47500884999447934,2.9378810809705436,1.2597327127442095
2292,Outer_Race,0,1797,12000,0.23620033314930525,0.18247406139316832,0.6221553899461114,1.3419670869236038,5.261963525311087,0.40481539038106684,2.6340157172972276,1.364332725315765
2293,Normal,1,1772,12000,0.07002499912632955,0.06972171463507193,0.3923999962341008,0.7988917337471775,2.7176206306715427,-0.014215036773729815,5.603712975792921,1.3837954880693584
2294,Outer_Race,3,1730,12000,0.21217066838467388,0.1648668799806606,0.5392745350577607,1.2993264617837261,4.461590827138479,0.06953000206668279,2.5417016365336345,1.2350231042204305
2295,Ball,2,1750,12000,0.3330513548760775,0.2635645306884612,0.8277391798305421,1.7142229686754644,4.792059594451434,-0.026875999807407153,2.485319959555574,1.2608526836048546
2296,Inner_Race,2,1750,12000,0.2907437441778467,0.24948241290739182,0.6902989404594909,1.4180303469328044,5.047100739210896,-0.3878017510280768,2.374252083777383,1.203201905335748
2297,Ball,0,1797,12000,0.3239518685595829,0.24649961687909186,0.7442423088534698,1.5656403346916044,6.1441858858737834,0.1275753607934718,2.297385448531793,1.2302179836834704
2298,Ball,3,1730,12000,0.25241139818252956,0.2132170050324957,0.6663358200207897,1.4510445147838553,4.61465888715883,0.20418429353758105,2.6398800720517923,1.2488941690404132
2299,Normal,3,1730,12000,0.12413468326815734,0.095976882588173,0.3537793103102844,0.710990568033238,2.938635958027751,-0.26189048766199513,2.8499634509562957,1.2114624650542316
2300,Inner_Race,1,1772,12000,0.1965726354306109,0.14275816369490993,0.7146011131754788,1.474951650194754,5.250821255794305,0.5182973490621399,3.6353031112905296,1.2700632958821068
2301,Normal,1,1772,12000,0.11523964203531652,0.09495300996825644,0.3463781487039184,0.7651701592901096,3.845033649871123,-0.10786666571585363,3.005720449893161,1.1999777519409425
2302,Ball,0,1797,12000,0.3098001180205398,0.25863063815444004,0.6912220615377559,0.985961298452619,6.344145128529169,-0.17368314691809977,2.2311872117877236,1.2652818940947614
2303,Inner_Race,0,1797,12000,0.23237656799855297,0.17962053320822302,0.6687387310756585,1.332736111457711,4.605905211643754,0.18732550416283875,2.8778234261546665,1.252068836720492
2304,Outer_Race,3,1730,12000,0.1261732048622787,0.09736491488034231,0.6304807137142834,1.196426133415941,4.103128755600204,-0.14757273525215273,4.996946177300238,1.2563431961836027
2305,Normal,1,1772,12000,0.09757052659832396,0.07877868650016974,0.3068002637651567,0.6515533855805163,3.429420869241723,-0.47760717159668276,3.1443948747779618,1.3552736317308482
2306,Outer_Race,0,1797,12000,0.32988574384380176,0.22836316262047354,0.6367543804890068,1.4403771117637891,4.125673253791954,0.3949169567233027,1.930227032758666,1.261224537731083
2307,Normal,0,1797,12000,0.107865927264328,0.08379521425316788,0.39204319809289834,0.8364290004810541,3.6485901456514034,0.36015184227755614,3.6345415835733483,1.250572139518672
2308,Outer_Race,0,1797,12000,0.31455548539315903,0.26813683504838476,0.5105980539233086,0.8961990304094014,3.805234678607836,-0.2334163717311364,1.6232368457511348,1.1694646608332313
2309,Inner_Race,3,1730,12000,0.28896711306700185,0.2263183520330995,0.6394022171500569,1.2524358548609869,5.440027868788015,-0.06969944060895755,2.2127162166090533,1.228520161227471
2310,Outer_Race,1,1772,12000,0.16057923928929618,0.14697502422666767,0.5594282440259902,1.029996894622048,5.069083988736105,0.013623894288660595,3.483814262054985,1.2249840907392588
2311,Outer_Race,3,1730,12000,0.1370724139865922,0.11908097087547583,0.7312010141709089,1.3146603797101968,4.79481484329424,-0.19632742383750312,5.334414072859559,1.1018260931606287
2312,Outer_Race,0,1797,12000,0.23974751401209793,0.17893027099736009,0.5113704971955724,1.083800636793525,3.8506292912553794,-0.332778461185517,2.1329543261490005,1.249448289542075
2313,Outer_Race,1,1772,12000,0.22933916686805023,0.1932874820103791,0.5494090392719289,1.1797039713277397,4.126001907862965,0.1566610883891103,2.395618013158782,1.2367592138886552
2314,Outer_Race,1,1772,12000,0.30273986363478766,0.2399758530565923,0.5339890037853677,0.9237246155955644,3.48954884724244,-0.04399353951736948,1.7638542786342437,1.256756503993048
2315,Inner_Race,0,1797,12000,0.16311335008449385,0.12522766765109664,0.7688294008690825,1.645398221505768,4.3061162189031075,0.039412987220273726,4.713467048962109,1.2251297021646472
2316,Inner_Race,0,1797,12000,0.1853043747675654,0.14818888190050838,0.735071549055933,1.6090894157917295,4.595504250214251,0.2651377736585778,3.9668332168518,1.2504008630666055
2317,Normal,2,1750,12000,0.07479411268784875,0.059998006926793274,0.29690216410409914,0.6490545069095359,3.5538596234604167,-0.10264327039352258,3.9695927050196116,1.2919281931741031
2318,Outer_Race,0,1797,12000,0.3051304258686013,0.22980449967311573,0.5696960910548156,1.1340198670403008,4.176073049489794,0.096495423521862,1.8670576342332525,1.295333118690353
2319,Outer_Race,3,1730,12000,0.18218174782505372,0.14828126547750145,0.47636126515711497,0.7959841812866203,5.105049801651079,-0.18508077227796177,2.614758453270287,1.1294399597950187
2320,Ball,3,1730,12000,0.23441692404528502,0.22512069422133704,0.8010064393390866,1.5193087968298853,4.0799881431032485,0.1720387844000816,3.4170162525652237,1.2480470637623355
2321,Ball,1,1772,12000,0.31882254271693294,0.25705699712835883,0.6211707611962581,1.1999004858821805,5.888650507269772,-0.08859384184355275,1.9483276053907064,1.2729395064724782
2322,Normal,2,1750,12000,0.10228001204445689,0.077045905134377,0.3885781003873207,0.7315153154459908,2.537362750227334,0.540995891436093,3.799159705010808,1.269459172960017
2323,Outer_Race,3,1730,12000,0.18915976287068467,0.1617575725130315,0.4557457785650945,1.0026997280406582,5.1466670239005765,0.13111293621868134,2.409316715398169,1.5039491442718083
2324,Inner_Race,1,1772,12000,0.14817070191957338,0.13149355704676052,0.7320997648059689,1.5096494414659378,4.338288841572993,0.5235735526312326,4.940921216687969,1.2666091174922998
2325,Outer_Race,1,1772,12000,0.3463759746830396,0.2895437214772618,0.6152738381165986,1.1852335569705272,5.373825567779995,0.15210847107340209,1.7763178831315338,1.1658875285336217
2326,Outer_Race,1,1772,12000,0.21670729385209403,0.1854381237842105,0.680400819432748,1.4714875357920432,4.67602309393485,-0.464304626906975,3.139722744621285,1.2013232216212766
2327,Inner_Race,3,1730,12000,0.13490361620368066,0.1109043094725918,0.6409702373850952,1.1365408905865628,5.204876699430608,0.6885794350518193,4.751319908410337,1.2698480766255666
2328,Ball,2,1750,12000,0.49201208548678976,0.4289148778303493,0.6642855382183722,1.3537623566620431,5.764429100710124,0.35845328331849047,1.3501406933147537,1.1784642535758232
2329,Outer_Race,2,1750,12000,0.02610814670608025,0.02006744545543671,0.5751261401060933,1.0568253795118732,2.5649496425001463,-0.18140462193766937,22.028608410268887,1.2502257037143547
2330,Outer_Race,1,1772,12000,0.15021397214465615,0.12354917111816306,0.6038789369975482,1.1624817256652424,5.3544591023605195,0.014428603969869034,4.02012494827054,1.306951296000576
2331,Normal,3,1730,12000,0.07188656694125414,0.05802840481072322,0.39676366744857305,0.7412377744050485,3.0277337161981857,0.0236392275035782,5.5193019270597405,1.1367132806106512
2332,Normal,1,1772,12000,0.08254434401435352,0.07133335047401226,0.3823409236176307,0.740394878094853,2.0598023626184947,0.13400879780664268,4.631945752105632,1.2460428683480052
2333,Normal,0,1797,12000,0.06208624770656116,0.05185885834677131,0.3232462982831093,0.5681065566138396,2.506336011136434,0.3207296835517158,5.206407380437475,1.1787970343209444
2334,Ball,2,1750,12000,0.3042309601082911,0.2603449846011921,0.7285228918396993,1.3282370119124205,5.001973955631161,-0.15179523138942608,2.3946375858012,1.1681501118913646
2335,Outer_Race,1,1772,12000,0.29536835117843113,0.22306434864504793,0.5837160216329674,1.1298307249221529,4.514694703384624,-0.13401070473805674,1.9762307617052253,1.1679136764431493
2336,Normal,2,1750,12000,0.10540392011503184,0.08784947613699114,0.30683365265163715,0.6189965737220344,3.284274251982763,0.36817274637017644,2.9110269553236385,1.3261062289168364
2337,Normal,0,1797,12000,0.06203496906528178,0.05109994563857666,0.39658587818087143,0.8159894964597946,3.074162841843893,-0.34006225522663064,6.392940693877494,1.286801724044526
2338,Normal,1,1772,12000,0.09643779876885104,0.06655624145479712,0.4059717914773,0.9129377680352969,2.7773539206339715,-0.3781432769194826,4.2096750097994455,1.22695095011554
2339,Inner_Race,3,1730,12000,0.3987306046768754,0.33834051404242327,0.7424287512582918,1.4272253942739492,4.520834473691639,0.13228449770933765,1.861980852610859,1.3832563730616925
2340,Outer_Race,2,1750,12000,0.22977550325363452,0.2003657041757594,0.547879006423624,0.9604900725042407,5.384198156874481,-0.28102507031915797,2.384409994388546,1.2285713347317775
2341,Ball,3,1730,12000,0.3198776330187508,0.2637189811541428,0.652211921993858,1.288809135363217,4.9774720456766905,0.20229442313973442,2.0389419411379297,1.21527078581447
2342,Normal,1,1772,12000,0.08579121320762424,0.08119615638443839,0.29531331258155985,0.5176434555165857,2.6548967106545875,-0.06451183164272661,3.442232619637502,1.1849698918638996
2343,Ball,0,1797,12000,0.3381504809452005,0.27788243986135436,0.7632291844356025,1.5853388441991039,6.656956196100073,0.06334084762385862,2.2570696404222734,1.2940680063633097
2344,Inner_Race,2,1750,12000,0.040505646938380685,0.0331352859023014,0.7352526327462671,1.5413464589001291,5.164205824005121,0.3123097888926235,18.151855070103483,1.1846512857783609
2345,Ball,1,1772,12000,0.4082710066568369,0.34574322170934935,0.6926879720581034,1.1289681271637784,6.037995384854251,0.1288006284009758,1.6966376763567903,1.2405310582202331
2346,Inner_Race,0,1797,12000,0.3272121602672445,0.2632637182234616,0.6473150753384133,1.2888313894263412,5.247418444991024,-0.13715800275753218,1.9782732854724305,1.2158024046768796
2347,Outer_Race,2,1750,12000,0.1695378150234381,0.1320448285990598,0.6416127073100193,1.1810777498561904,5.085893320555756,0.025341681177226256,3.784481398567737,1.3622698892029517
2348,Normal,1,1772,12000,0.10775634318158736,0.09090837513259578,0.3923041770445599,0.8787124437536401,2.8105647929188704,0.15432183062401705,3.6406597093171778,1.227223593420036
2349,Outer_Race,1,1772,12000,0.19599926053088243,0.1420982529674114,0.5949585753136528,1.321182892573927,4.920833129846711,-0.26685579774411045,3.035514387667339,1.1849733151503572
2350,Normal,2,1750,12000,0.04769935318762489,0.04202667082933772,0.31029401378808924,0.708995924273953,3.33127537032858,-0.056949818415789985,6.505203803656437,1.2219346151823889
2351,Ball,3,1730,12000,0.4981526709089593,0.43837456075492165,0.7405804821413885,1.8235051335643766,5.564669556026069,0.14545370471970911,1.4866536413226106,1.3113868848791603
2352,Outer_Race,0,1797,12000,0.19985383956361522,0.16434070863004438,0.6029167454749261,1.068872892735347,4.963370877164871,-0.2075963810109192,3.0167884029218888,1.2130778903753419
2353,Normal,3,1730,12000,0.12337316207109128,0.09823828047423568,0.3095196048447608,0.695485565967196,3.180101651864558,0.03799408346185174,2.5088082338880673,1.1645007391875635
2354,Inner_Race,2,1750,12000,0.2003594231844279,0.15225270014200826,0.6415916674424159,1.362404043407659,5.7643675683093,0.15587755400861866,3.202203606125579,1.178515663530429
2355,Normal,0,1797,12000,0.09464326421244923,0.07316909738695399,0.29513484418038366,0.5663642399761833,2.00223841490269,0.50237790779755,3.1183924882164207,1.2231340785204399
2356,Ball,2,1750,12000,0.43498015861110173,0.32269610205854615,0.7081508589786077,1.6428730321258462,5.420777721301433,0.6117034446011319,1.6280072664457712,1.2027554739500037
2357,Ball,2,1750,12000,0.397533331776901,0.35781724326144393,0.7201384525654304,1.3840241063042606,5.436507824065773,-0.2467331258284067,1.811517160954891,1.2541363223894006
2358,Normal,3,1730,12000,0.1422308748829801,0.12169224480705915,0.44922993742704864,0.7432387772772104,2.030625964983532,-0.0888363319163416,3.1584558401728935,1.1631967634961387
2359,Inner_Race,1,1772,12000,0.24123382397733223,0.1765663668313705,0.6308802939803809,1.140874005413112,4.233505827517607,0.6497069544134749,2.615223203689969,1.2723688077241855
2360,Inner_Race,2,1750,12000,0.24256349222655307,0.1952418442066901,0.5844284394815646,1.1398098874487277,5.185479513188281,0.5046588280159884,2.4093833499713613,1.1934635071213227
2361,Ball,3,1730,12000,0.17028397922904254,0.1497327369942691,0.7610778441959647,1.446081878412591,5.600153402902613,0.1430717959124747,4.469462410038396,1.2470660932092275
2362,Normal,3,1730,12000,0.07842622457690498,0.07368692175982985,0.2689700413829145,0.562808029558107,2.901719904655678,0.1607358483629286,3.4295931346173845,1.2958988149627877
2363,Ball,3,1730,12000,0.38522773254997505,0.3133909115012513,0.6175110292643576,1.1268528601745398,5.5685877878606735,-0.3991303808653728,1.602976569669082,1.1467623741846913
2364,Outer_Race,0,1797,12000,0.3478791024595698,0.32119169951748877,0.5555073100498091,1.033747600684603,3.1272250248096976,-0.10155853122324135,1.5968401267057128,1.1485986735884577
2365,Inner_Race,3,1730,12000,0.18377194740022362,0.14837834146660506,0.6067435205715351,1.2498911818946237,5.707346576317871,-0.23480265437862916,3.3016112042941588,1.3403227398180007
2366,Outer_Race,3,1730,12000,0.2713146812116267,0.2182556133346489,0.6988129602300781,1.2450019401565249,5.1121674201550675,-0.0170595272159998,2.5756547972610475,1.213206843367344
2367,Inner_Race,1,1772,12000,0.059027831029978106,0.04747949621197457,0.707470143850837,1.4077716095068107,5.690413775040469,0.45545125178519663,11.985365741992762,1.3129261631287845
2368,Inner_Race,0,1797,12000,0.17058698742174078,0.1404341895686782,0.7011780034459945,1.308646884003379,5.4328094020604105,0.023661063462024234,4.110383881230507,1.2873788868209903
2369,Outer_Race,0,1797,12000,0.26946556884778006,0.20744581096651932,0.5182762513323286,1.1228895345812657,4.659706433558713,-0.3635298738258237,1.92334869923623,1.1987164310327278
2370,Ball,1,1772,12000,0.15372879943946816,0.10293082395141775,0.7980549952636,1.4863080852187593,4.815885375785824,0.1598507075964979,5.1913174250595775,1.2015885040603425
2371,Inner_Race,1,1772,12000,0.18703176011242967,0.16360761062716883,0.810281647846824,1.7951515411812087,5.655081402358325,0.22853228053313251,4.332321138183924,1.2783616161160023
2372,Normal,0,1797,12000,0.11101854009156906,0.08265877436723323,0.31768595988052867,0.5627997318181799,2.829352642260277,0.020763480598884228,2.8615577147609628,1.2921705456194563
2373,Ball,2,1750,12000,0.3538449284841767,0.26797524885043805,0.6603982784486865,1.4032698924045446,6.010848679069376,-0.19893155067721083,1.8663494239630405,1.2356636691808343
2374,Inner_Race,2,1750,12000,0.23421283731381567,0.19407584044909265,0.6937085635076429,1.4226640721479593,5.150239287297134,-0.11962458427675135,2.961872506493574,1.2261948590496043
2375,Inner_Race,3,1730,12000,0.2940852280957039,0.25330621514389806,0.5938774260012708,1.2747541526842152,4.275520826022746,0.04229546148898777,2.01940583635165,1.2674604773785734
2376,Outer_Race,3,1730,12000,0.19965022919466371,0.16636631085829523,0.4529262561443998,0.8772501551679975,3.6383794872551714,0.5103846960792361,2.2685987287436866,1.2368589171756843
2377,Ball,2,1750,12000,0.2913246355447907,0.2429427232710025,0.7722305824839119,1.6653189392793726,4.640045339151936,0.3275443993566893,2.6507561951971708,1.1767017592411395
2378,Normal,2,1750,12000,0.09703178273292001,0.06150207715157947,0.2977523711875333,0.620222918742473,3.3603396064704407,0.18220923052919932,3.068606623533824,1.254750174600259
2379,Normal,3,1730,12000,0.14814681751421113,0.1304152039447852,0.33345929041271394,0.7833417919618135,2.09710802091137,-0.3679600551343641,2.2508704271067215,1.2768851610018233
2380,Ball,2,1750,12000,0.24715615469617913,0.2145032285081446,0.7170641650133558,1.433176439667417,5.532348148914897,-0.5780813732436967,2.9012595939389776,1.352466990985127
2381,Normal,3,1730,12000,0.09036721836426446,0.06953073119528173,0.34026492553986304,0.756973953245447,2.6590527764337417,-0.3305420544307464,3.765357966074345,1.3016155508229017
2382,Normal,0,1797,12000,0.1383123492864754,0.11836115889559366,0.2843757110307961,0.5827110815124722,2.911033404532886,0.006385052097560038,2.056039916159556,1.2866708298986138
2383,Ball,0,1797,12000,0.24736320605172304,0.1933433131383604,0.6210656099977803,1.3778701109211018,5.985272587266333,-0.07123236064582754,2.5107436951149356,1.2283697411260042
2384,Ball,2,1750,12000,0.4908595202268456,0.42820332523076865,0.7921240950581082,1.5890618982133264,5.261066822874404,0.34567756316540377,1.6137490716122533,1.2105205595628274
2385,Inner_Race,1,1772,12000,0.18363664367564805,0.15558283965696734,0.7153161148968233,1.1907631646519021,4.492687264078433,0.24069120650997658,3.8952798340197554,1.3830846438505033
2386,Normal,0,1797,12000,0.09323845649014348,0.07920538400279387,0.3725869156898469,0.8395068503759026,2.7452451383392247,-0.09316321336513043,3.996064818267709,1.3374247536203439
2387,Normal,1,1772,12000,0.09038430958932411,0.07795210674429556,0.38161433254645893,0.779385849994006,3.0009132144120945,0.3190958897686479,4.222130304257299,1.2453131491999103
2388,Inner_Race,2,1750,12000,0.1918682528560523,0.15648823386200414,0.6124950080708872,1.3026744859117452,4.442033554374703,0.06955863112412726,3.19226864764546,1.3781452126447624
2389,Ball,3,1730,12000,0.33349384770128754,0.29841276829475016,0.7986851669923283,1.7012157133713264,5.9616702177889715,0.17492345710912627,2.3949022523129586,1.212744746816922
2390,Inner_Race,1,1772,12000,0.1975454296073953,0.1596144142897814,0.655478974335264,1.2757503230715146,4.138529700180838,-0.1587522467234844,3.3181176382464157,1.2357898920816888
2391,Inner_Race,1,1772,12000,0.32246207269775345,0.2645996442955934,0.8656561052246272,1.6039205363660305,5.244718178136134,0.4728006526623604,2.6845206879136274,1.1867646055811536
2392,Inner_Race,3,1730,12000,0.3356203179073688,0.2763241487983113,0.779704776096003,1.7194871975864854,4.531274819609199,0.23039198440859665,2.3231751312243305,1.3548150370207233
2393,Normal,2,1750,12000,0.13804472433089274,0.1150539119991447,0.4066484594508145,0.8061817091667134,1.679052875679079,0.6593418852674977,2.9457732732768513,1.2418603167633004
2394,Normal,0,1797,12000,0.12864405720977223,0.12120218334557258,0.34149759667280544,0.6775726261854067,2.830925429091369,-0.27774265788802505,2.654592867169492,1.2947107278163268
2395,Outer_Race,1,1772,12000,0.34473481050555155,0.2799479749355381,0.5217060343294453,1.0056787910424994,5.190053028031573,-0.49397422128123475,1.5133546669231532,1.2342844792032717
2396,Ball,3,1730,12000,0.4627956364560127,0.39540896663997044,0.8337406415077999,1.841809952619648,5.430781398080995,0.2311984508410767,1.801530904423392,1.147389895820374
2397,Inner_Race,1,1772,12000,0.1488990205500695,0.12724896190243787,0.6781950849509071,1.3675846733659744,5.008048318115959,0.20791749313260716,4.554731672817511,1.230583109179981
2398,Outer_Race,0,1797,12000,0.2533560264259026,0.20504797523595752,0.5215414665586243,1.0036591949393028,4.743641356583466,-0.17651768447058178,2.0585319161972104,1.1935523107537802
2399,Outer_Race,1,1772,12000,0.2501038598470999,0.2222452023704571,0.5355381822206949,0.9998654098128904,5.224831474447216,0.032488489166888526,2.1412631638235986,1.2627867978356442
2400,Outer_Race,0,1797,12000,0.2663014467052009,0.19830248430954445,0.6763713005667917,1.3083286046408638,5.535009926258048,-0.3333871533909157,2.5398709204743577,1.2304724706447285
